2024-12-27T17:05:14.006+02:00  INFO 9330 --- [Library_Management_System] [restartedMain] c.s.l.LibraryManagementSystemApplication : Starting LibraryManagementSystemApplication using Java 21.0.1 with PID 9330 (/home/helmi/Projects/Library_Management_System/target/classes started by helmi in /home/helmi/Projects/Library_Management_System)
2024-12-27T17:05:14.022+02:00  INFO 9330 --- [Library_Management_System] [restartedMain] c.s.l.LibraryManagementSystemApplication : No active profile set, falling back to 1 default profile: "default"
2024-12-27T17:05:14.101+02:00  INFO 9330 --- [Library_Management_System] [restartedMain] .e.DevToolsPropertyDefaultsPostProcessor : Devtools property defaults active! Set 'spring.devtools.add-properties' to 'false' to disable
2024-12-27T17:05:14.101+02:00  INFO 9330 --- [Library_Management_System] [restartedMain] .e.DevToolsPropertyDefaultsPostProcessor : For additional web related logging consider setting the 'logging.level.web' property to 'DEBUG'
2024-12-27T17:05:14.747+02:00  INFO 9330 --- [Library_Management_System] [restartedMain] .s.d.r.c.RepositoryConfigurationDelegate : Bootstrapping Spring Data JPA repositories in DEFAULT mode.
2024-12-27T17:05:14.793+02:00  INFO 9330 --- [Library_Management_System] [restartedMain] .s.d.r.c.RepositoryConfigurationDelegate : Finished Spring Data repository scanning in 40 ms. Found 3 JPA repository interfaces.
2024-12-27T17:05:15.386+02:00  INFO 9330 --- [Library_Management_System] [restartedMain] o.s.b.w.embedded.tomcat.TomcatWebServer  : Tomcat initialized with port 8080 (http)
2024-12-27T17:05:15.393+02:00  INFO 9330 --- [Library_Management_System] [restartedMain] o.apache.catalina.core.StandardService   : Starting service [Tomcat]
2024-12-27T17:05:15.393+02:00  INFO 9330 --- [Library_Management_System] [restartedMain] o.apache.catalina.core.StandardEngine    : Starting Servlet engine: [Apache Tomcat/10.1.26]
2024-12-27T17:05:15.438+02:00  INFO 9330 --- [Library_Management_System] [restartedMain] o.a.c.c.C.[Tomcat].[localhost].[/]       : Initializing Spring embedded WebApplicationContext
2024-12-27T17:05:15.438+02:00  INFO 9330 --- [Library_Management_System] [restartedMain] w.s.c.ServletWebServerApplicationContext : Root WebApplicationContext: initialization completed in 1335 ms
2024-12-27T17:05:15.658+02:00  INFO 9330 --- [Library_Management_System] [restartedMain] o.hibernate.jpa.internal.util.LogHelper  : HHH000204: Processing PersistenceUnitInfo [name: default]
2024-12-27T17:05:15.700+02:00  INFO 9330 --- [Library_Management_System] [restartedMain] org.hibernate.Version                    : HHH000412: Hibernate ORM core version 6.5.2.Final
2024-12-27T17:05:15.721+02:00  INFO 9330 --- [Library_Management_System] [restartedMain] o.h.c.internal.RegionFactoryInitiator    : HHH000026: Second-level cache disabled
2024-12-27T17:05:15.927+02:00  INFO 9330 --- [Library_Management_System] [restartedMain] o.s.o.j.p.SpringPersistenceUnitInfo      : No LoadTimeWeaver setup: ignoring JPA class transformer
2024-12-27T17:05:15.965+02:00  INFO 9330 --- [Library_Management_System] [restartedMain] com.zaxxer.hikari.HikariDataSource       : HikariPool-1 - Starting...
2024-12-27T17:05:16.229+02:00  INFO 9330 --- [Library_Management_System] [restartedMain] com.zaxxer.hikari.pool.HikariPool        : HikariPool-1 - Added connection com.mysql.cj.jdbc.ConnectionImpl@2dfe6281
2024-12-27T17:05:16.230+02:00  INFO 9330 --- [Library_Management_System] [restartedMain] com.zaxxer.hikari.HikariDataSource       : HikariPool-1 - Start completed.
2024-12-27T17:05:16.969+02:00  INFO 9330 --- [Library_Management_System] [restartedMain] o.h.e.t.j.p.i.JtaPlatformInitiator       : HHH000489: No JTA platform available (set 'hibernate.transaction.jta.platform' to enable JTA platform integration)
2024-12-27T17:05:17.019+02:00  INFO 9330 --- [Library_Management_System] [restartedMain] j.LocalContainerEntityManagerFactoryBean : Initialized JPA EntityManagerFactory for persistence unit 'default'
2024-12-27T17:05:17.252+02:00  INFO 9330 --- [Library_Management_System] [restartedMain] eAuthenticationProviderManagerConfigurer : Global AuthenticationManager configured with AuthenticationProvider bean with name authProvider
2024-12-27T17:05:17.253+02:00  WARN 9330 --- [Library_Management_System] [restartedMain] r$InitializeUserDetailsManagerConfigurer : Global AuthenticationManager configured with an AuthenticationProvider bean. UserDetailsService beans will not be used for username/password login. Consider removing the AuthenticationProvider bean. Alternatively, consider using the UserDetailsService in a manually instantiated DaoAuthenticationProvider.
2024-12-27T17:05:17.340+02:00  INFO 9330 --- [Library_Management_System] [restartedMain] o.s.d.j.r.query.QueryEnhancerFactory     : Hibernate is in classpath; If applicable, HQL parser will be used.
2024-12-27T17:05:17.737+02:00  WARN 9330 --- [Library_Management_System] [restartedMain] JpaBaseConfiguration$JpaWebConfiguration : spring.jpa.open-in-view is enabled by default. Therefore, database queries may be performed during view rendering. Explicitly configure spring.jpa.open-in-view to disable this warning
2024-12-27T17:05:18.352+02:00  INFO 9330 --- [Library_Management_System] [restartedMain] o.s.b.d.a.OptionalLiveReloadServer       : LiveReload server is running on port 35729
2024-12-27T17:05:18.374+02:00  INFO 9330 --- [Library_Management_System] [restartedMain] o.s.b.w.embedded.tomcat.TomcatWebServer  : Tomcat started on port 8080 (http) with context path '/'
2024-12-27T17:05:18.379+02:00  INFO 9330 --- [Library_Management_System] [restartedMain] c.s.l.LibraryManagementSystemApplication : Started LibraryManagementSystemApplication in 4.833 seconds (process running for 5.795)
2024-12-27T17:05:23.515+02:00  INFO 9330 --- [Library_Management_System] [http-nio-8080-exec-2] o.a.c.c.C.[Tomcat].[localhost].[/]       : Initializing Spring DispatcherServlet 'dispatcherServlet'
2024-12-27T17:05:23.515+02:00  INFO 9330 --- [Library_Management_System] [http-nio-8080-exec-2] o.s.web.servlet.DispatcherServlet        : Initializing Servlet 'dispatcherServlet'
2024-12-27T17:05:23.516+02:00  INFO 9330 --- [Library_Management_System] [http-nio-8080-exec-2] o.s.web.servlet.DispatcherServlet        : Completed initialization in 1 ms
2024-12-27T17:05:49.738+02:00  INFO 9330 --- [Library_Management_System] [http-nio-8080-exec-4] c.s.l.Aspect.LoggingAspect               : Method Called: getAllPatrons
2024-12-27T17:05:49.745+02:00  INFO 9330 --- [Library_Management_System] [http-nio-8080-exec-4] c.s.l.Aspect.PerformanceMonitorAspect    : Time taken by getAllPatrons method is: 6 ms
2024-12-27T17:06:12.457+02:00  WARN 9330 --- [Library_Management_System] [http-nio-8080-exec-6] .m.m.a.ExceptionHandlerExceptionResolver : Resolved [jakarta.persistence.EntityNotFoundException: Book with id 12 not found]
2024-12-27T17:17:31.704+02:00  INFO 9330 --- [Library_Management_System] [SpringApplicationShutdownHook] j.LocalContainerEntityManagerFactoryBean : Closing JPA EntityManagerFactory for persistence unit 'default'
2024-12-27T17:17:31.707+02:00  INFO 9330 --- [Library_Management_System] [SpringApplicationShutdownHook] com.zaxxer.hikari.HikariDataSource       : HikariPool-1 - Shutdown initiated...
2024-12-27T17:17:31.711+02:00  INFO 9330 --- [Library_Management_System] [SpringApplicationShutdownHook] com.zaxxer.hikari.HikariDataSource       : HikariPool-1 - Shutdown completed.
2024-12-27T17:17:36.133+02:00  INFO 10729 --- [Library_Management_System] [restartedMain] c.s.l.LibraryManagementSystemApplication : Starting LibraryManagementSystemApplication using Java 21.0.1 with PID 10729 (/home/helmi/Projects/Library_Management_System/target/classes started by helmi in /home/helmi/Projects/Library_Management_System)
2024-12-27T17:17:36.135+02:00  INFO 10729 --- [Library_Management_System] [restartedMain] c.s.l.LibraryManagementSystemApplication : No active profile set, falling back to 1 default profile: "default"
2024-12-27T17:17:36.167+02:00  INFO 10729 --- [Library_Management_System] [restartedMain] .e.DevToolsPropertyDefaultsPostProcessor : Devtools property defaults active! Set 'spring.devtools.add-properties' to 'false' to disable
2024-12-27T17:17:36.168+02:00  INFO 10729 --- [Library_Management_System] [restartedMain] .e.DevToolsPropertyDefaultsPostProcessor : For additional web related logging consider setting the 'logging.level.web' property to 'DEBUG'
2024-12-27T17:17:36.713+02:00  INFO 10729 --- [Library_Management_System] [restartedMain] .s.d.r.c.RepositoryConfigurationDelegate : Bootstrapping Spring Data JPA repositories in DEFAULT mode.
2024-12-27T17:17:36.745+02:00  INFO 10729 --- [Library_Management_System] [restartedMain] .s.d.r.c.RepositoryConfigurationDelegate : Finished Spring Data repository scanning in 28 ms. Found 3 JPA repository interfaces.
2024-12-27T17:17:37.257+02:00  INFO 10729 --- [Library_Management_System] [restartedMain] o.s.b.w.embedded.tomcat.TomcatWebServer  : Tomcat initialized with port 8080 (http)
2024-12-27T17:17:37.264+02:00  INFO 10729 --- [Library_Management_System] [restartedMain] o.apache.catalina.core.StandardService   : Starting service [Tomcat]
2024-12-27T17:17:37.264+02:00  INFO 10729 --- [Library_Management_System] [restartedMain] o.apache.catalina.core.StandardEngine    : Starting Servlet engine: [Apache Tomcat/10.1.26]
2024-12-27T17:17:37.286+02:00  INFO 10729 --- [Library_Management_System] [restartedMain] o.a.c.c.C.[Tomcat].[localhost].[/]       : Initializing Spring embedded WebApplicationContext
2024-12-27T17:17:37.286+02:00  INFO 10729 --- [Library_Management_System] [restartedMain] w.s.c.ServletWebServerApplicationContext : Root WebApplicationContext: initialization completed in 1118 ms
2024-12-27T17:17:37.329+02:00 ERROR 10729 --- [Library_Management_System] [restartedMain] o.s.b.web.embedded.tomcat.TomcatStarter  : Error starting Tomcat context. Exception: org.springframework.beans.factory.UnsatisfiedDependencyException. Message: Error creating bean with name 'jwtAuthenticationFilter': Unsatisfied dependency expressed through field 'jwtService': Error creating bean with name 'jwtService': Unsatisfied dependency expressed through field 'SECRET': Failed to convert value of type 'java.lang.String' to required type 'javax.crypto.SecretKey'; Cannot convert value of type 'java.lang.String' to required type 'javax.crypto.SecretKey': no matching editors or conversion strategy found
2024-12-27T17:17:37.341+02:00  INFO 10729 --- [Library_Management_System] [restartedMain] o.apache.catalina.core.StandardService   : Stopping service [Tomcat]
2024-12-27T17:17:37.347+02:00  WARN 10729 --- [Library_Management_System] [restartedMain] ConfigServletWebServerApplicationContext : Exception encountered during context initialization - cancelling refresh attempt: org.springframework.context.ApplicationContextException: Unable to start web server
2024-12-27T17:17:37.352+02:00  INFO 10729 --- [Library_Management_System] [restartedMain] .s.b.a.l.ConditionEvaluationReportLogger : 

Error starting ApplicationContext. To display the condition evaluation report re-run your application with 'debug' enabled.
2024-12-27T17:17:37.364+02:00 ERROR 10729 --- [Library_Management_System] [restartedMain] o.s.boot.SpringApplication               : Application run failed

org.springframework.context.ApplicationContextException: Unable to start web server
	at org.springframework.boot.web.servlet.context.ServletWebServerApplicationContext.onRefresh(ServletWebServerApplicationContext.java:165) ~[spring-boot-3.3.2.jar:3.3.2]
	at org.springframework.context.support.AbstractApplicationContext.refresh(AbstractApplicationContext.java:619) ~[spring-context-6.1.11.jar:6.1.11]
	at org.springframework.boot.web.servlet.context.ServletWebServerApplicationContext.refresh(ServletWebServerApplicationContext.java:146) ~[spring-boot-3.3.2.jar:3.3.2]
	at org.springframework.boot.SpringApplication.refresh(SpringApplication.java:754) ~[spring-boot-3.3.2.jar:3.3.2]
	at org.springframework.boot.SpringApplication.refreshContext(SpringApplication.java:456) ~[spring-boot-3.3.2.jar:3.3.2]
	at org.springframework.boot.SpringApplication.run(SpringApplication.java:335) ~[spring-boot-3.3.2.jar:3.3.2]
	at org.springframework.boot.SpringApplication.run(SpringApplication.java:1363) ~[spring-boot-3.3.2.jar:3.3.2]
	at org.springframework.boot.SpringApplication.run(SpringApplication.java:1352) ~[spring-boot-3.3.2.jar:3.3.2]
	at com.spring.library_management_system.LibraryManagementSystemApplication.main(LibraryManagementSystemApplication.java:13) ~[classes/:na]
	at java.base/jdk.internal.reflect.DirectMethodHandleAccessor.invoke(DirectMethodHandleAccessor.java:103) ~[na:na]
	at java.base/java.lang.reflect.Method.invoke(Method.java:580) ~[na:na]
	at org.springframework.boot.devtools.restart.RestartLauncher.run(RestartLauncher.java:50) ~[spring-boot-devtools-3.3.2.jar:3.3.2]
Caused by: org.springframework.boot.web.server.WebServerException: Unable to start embedded Tomcat
	at org.springframework.boot.web.embedded.tomcat.TomcatWebServer.initialize(TomcatWebServer.java:147) ~[spring-boot-3.3.2.jar:3.3.2]
	at org.springframework.boot.web.embedded.tomcat.TomcatWebServer.<init>(TomcatWebServer.java:107) ~[spring-boot-3.3.2.jar:3.3.2]
	at org.springframework.boot.web.embedded.tomcat.TomcatServletWebServerFactory.getTomcatWebServer(TomcatServletWebServerFactory.java:516) ~[spring-boot-3.3.2.jar:3.3.2]
	at org.springframework.boot.web.embedded.tomcat.TomcatServletWebServerFactory.getWebServer(TomcatServletWebServerFactory.java:222) ~[spring-boot-3.3.2.jar:3.3.2]
	at org.springframework.boot.web.servlet.context.ServletWebServerApplicationContext.createWebServer(ServletWebServerApplicationContext.java:188) ~[spring-boot-3.3.2.jar:3.3.2]
	at org.springframework.boot.web.servlet.context.ServletWebServerApplicationContext.onRefresh(ServletWebServerApplicationContext.java:162) ~[spring-boot-3.3.2.jar:3.3.2]
	... 11 common frames omitted
Caused by: org.springframework.beans.factory.UnsatisfiedDependencyException: Error creating bean with name 'jwtAuthenticationFilter': Unsatisfied dependency expressed through field 'jwtService': Error creating bean with name 'jwtService': Unsatisfied dependency expressed through field 'SECRET': Failed to convert value of type 'java.lang.String' to required type 'javax.crypto.SecretKey'; Cannot convert value of type 'java.lang.String' to required type 'javax.crypto.SecretKey': no matching editors or conversion strategy found
	at org.springframework.beans.factory.annotation.AutowiredAnnotationBeanPostProcessor$AutowiredFieldElement.resolveFieldValue(AutowiredAnnotationBeanPostProcessor.java:787) ~[spring-beans-6.1.11.jar:6.1.11]
	at org.springframework.beans.factory.annotation.AutowiredAnnotationBeanPostProcessor$AutowiredFieldElement.inject(AutowiredAnnotationBeanPostProcessor.java:767) ~[spring-beans-6.1.11.jar:6.1.11]
	at org.springframework.beans.factory.annotation.InjectionMetadata.inject(InjectionMetadata.java:145) ~[spring-beans-6.1.11.jar:6.1.11]
	at org.springframework.beans.factory.annotation.AutowiredAnnotationBeanPostProcessor.postProcessProperties(AutowiredAnnotationBeanPostProcessor.java:508) ~[spring-beans-6.1.11.jar:6.1.11]
	at org.springframework.beans.factory.support.AbstractAutowireCapableBeanFactory.populateBean(AbstractAutowireCapableBeanFactory.java:1439) ~[spring-beans-6.1.11.jar:6.1.11]
	at org.springframework.beans.factory.support.AbstractAutowireCapableBeanFactory.doCreateBean(AbstractAutowireCapableBeanFactory.java:599) ~[spring-beans-6.1.11.jar:6.1.11]
	at org.springframework.beans.factory.support.AbstractAutowireCapableBeanFactory.createBean(AbstractAutowireCapableBeanFactory.java:522) ~[spring-beans-6.1.11.jar:6.1.11]
	at org.springframework.beans.factory.support.AbstractBeanFactory.lambda$doGetBean$0(AbstractBeanFactory.java:337) ~[spring-beans-6.1.11.jar:6.1.11]
	at org.springframework.beans.factory.support.DefaultSingletonBeanRegistry.getSingleton(DefaultSingletonBeanRegistry.java:234) ~[spring-beans-6.1.11.jar:6.1.11]
	at org.springframework.beans.factory.support.AbstractBeanFactory.doGetBean(AbstractBeanFactory.java:335) ~[spring-beans-6.1.11.jar:6.1.11]
	at org.springframework.beans.factory.support.AbstractBeanFactory.getBean(AbstractBeanFactory.java:205) ~[spring-beans-6.1.11.jar:6.1.11]
	at org.springframework.boot.web.servlet.ServletContextInitializerBeans.getOrderedBeansOfType(ServletContextInitializerBeans.java:211) ~[spring-boot-3.3.2.jar:3.3.2]
	at org.springframework.boot.web.servlet.ServletContextInitializerBeans.addAsRegistrationBean(ServletContextInitializerBeans.java:174) ~[spring-boot-3.3.2.jar:3.3.2]
	at org.springframework.boot.web.servlet.ServletContextInitializerBeans.addAsRegistrationBean(ServletContextInitializerBeans.java:169) ~[spring-boot-3.3.2.jar:3.3.2]
	at org.springframework.boot.web.servlet.ServletContextInitializerBeans.addAdaptableBeans(ServletContextInitializerBeans.java:154) ~[spring-boot-3.3.2.jar:3.3.2]
	at org.springframework.boot.web.servlet.ServletContextInitializerBeans.<init>(ServletContextInitializerBeans.java:87) ~[spring-boot-3.3.2.jar:3.3.2]
	at org.springframework.boot.web.servlet.context.ServletWebServerApplicationContext.getServletContextInitializerBeans(ServletWebServerApplicationContext.java:266) ~[spring-boot-3.3.2.jar:3.3.2]
	at org.springframework.boot.web.servlet.context.ServletWebServerApplicationContext.selfInitialize(ServletWebServerApplicationContext.java:240) ~[spring-boot-3.3.2.jar:3.3.2]
	at org.springframework.boot.web.embedded.tomcat.TomcatStarter.onStartup(TomcatStarter.java:52) ~[spring-boot-3.3.2.jar:3.3.2]
	at org.apache.catalina.core.StandardContext.startInternal(StandardContext.java:4414) ~[tomcat-embed-core-10.1.26.jar:10.1.26]
	at org.apache.catalina.util.LifecycleBase.start(LifecycleBase.java:164) ~[tomcat-embed-core-10.1.26.jar:10.1.26]
	at org.apache.catalina.core.ContainerBase$StartChild.call(ContainerBase.java:1203) ~[tomcat-embed-core-10.1.26.jar:10.1.26]
	at org.apache.catalina.core.ContainerBase$StartChild.call(ContainerBase.java:1193) ~[tomcat-embed-core-10.1.26.jar:10.1.26]
	at java.base/java.util.concurrent.FutureTask.run(FutureTask.java:317) ~[na:na]
	at org.apache.tomcat.util.threads.InlineExecutorService.execute(InlineExecutorService.java:75) ~[tomcat-embed-core-10.1.26.jar:10.1.26]
	at java.base/java.util.concurrent.AbstractExecutorService.submit(AbstractExecutorService.java:145) ~[na:na]
	at org.apache.catalina.core.ContainerBase.startInternal(ContainerBase.java:749) ~[tomcat-embed-core-10.1.26.jar:10.1.26]
	at org.apache.catalina.core.StandardHost.startInternal(StandardHost.java:772) ~[tomcat-embed-core-10.1.26.jar:10.1.26]
	at org.apache.catalina.util.LifecycleBase.start(LifecycleBase.java:164) ~[tomcat-embed-core-10.1.26.jar:10.1.26]
	at org.apache.catalina.core.ContainerBase$StartChild.call(ContainerBase.java:1203) ~[tomcat-embed-core-10.1.26.jar:10.1.26]
	at org.apache.catalina.core.ContainerBase$StartChild.call(ContainerBase.java:1193) ~[tomcat-embed-core-10.1.26.jar:10.1.26]
	at java.base/java.util.concurrent.FutureTask.run(FutureTask.java:317) ~[na:na]
	at org.apache.tomcat.util.threads.InlineExecutorService.execute(InlineExecutorService.java:75) ~[tomcat-embed-core-10.1.26.jar:10.1.26]
	at java.base/java.util.concurrent.AbstractExecutorService.submit(AbstractExecutorService.java:145) ~[na:na]
	at org.apache.catalina.core.ContainerBase.startInternal(ContainerBase.java:749) ~[tomcat-embed-core-10.1.26.jar:10.1.26]
	at org.apache.catalina.core.StandardEngine.startInternal(StandardEngine.java:203) ~[tomcat-embed-core-10.1.26.jar:10.1.26]
	at org.apache.catalina.util.LifecycleBase.start(LifecycleBase.java:164) ~[tomcat-embed-core-10.1.26.jar:10.1.26]
	at org.apache.catalina.core.StandardService.startInternal(StandardService.java:415) ~[tomcat-embed-core-10.1.26.jar:10.1.26]
	at org.apache.catalina.util.LifecycleBase.start(LifecycleBase.java:164) ~[tomcat-embed-core-10.1.26.jar:10.1.26]
	at org.apache.catalina.core.StandardServer.startInternal(StandardServer.java:874) ~[tomcat-embed-core-10.1.26.jar:10.1.26]
	at org.apache.catalina.util.LifecycleBase.start(LifecycleBase.java:164) ~[tomcat-embed-core-10.1.26.jar:10.1.26]
	at org.apache.catalina.startup.Tomcat.start(Tomcat.java:437) ~[tomcat-embed-core-10.1.26.jar:10.1.26]
	at org.springframework.boot.web.embedded.tomcat.TomcatWebServer.initialize(TomcatWebServer.java:128) ~[spring-boot-3.3.2.jar:3.3.2]
	... 16 common frames omitted
Caused by: org.springframework.beans.factory.UnsatisfiedDependencyException: Error creating bean with name 'jwtService': Unsatisfied dependency expressed through field 'SECRET': Failed to convert value of type 'java.lang.String' to required type 'javax.crypto.SecretKey'; Cannot convert value of type 'java.lang.String' to required type 'javax.crypto.SecretKey': no matching editors or conversion strategy found
	at org.springframework.beans.factory.annotation.AutowiredAnnotationBeanPostProcessor$AutowiredFieldElement.resolveFieldValue(AutowiredAnnotationBeanPostProcessor.java:787) ~[spring-beans-6.1.11.jar:6.1.11]
	at org.springframework.beans.factory.annotation.AutowiredAnnotationBeanPostProcessor$AutowiredFieldElement.inject(AutowiredAnnotationBeanPostProcessor.java:767) ~[spring-beans-6.1.11.jar:6.1.11]
	at org.springframework.beans.factory.annotation.InjectionMetadata.inject(InjectionMetadata.java:145) ~[spring-beans-6.1.11.jar:6.1.11]
	at org.springframework.beans.factory.annotation.AutowiredAnnotationBeanPostProcessor.postProcessProperties(AutowiredAnnotationBeanPostProcessor.java:508) ~[spring-beans-6.1.11.jar:6.1.11]
	at org.springframework.beans.factory.support.AbstractAutowireCapableBeanFactory.populateBean(AbstractAutowireCapableBeanFactory.java:1439) ~[spring-beans-6.1.11.jar:6.1.11]
	at org.springframework.beans.factory.support.AbstractAutowireCapableBeanFactory.doCreateBean(AbstractAutowireCapableBeanFactory.java:599) ~[spring-beans-6.1.11.jar:6.1.11]
	at org.springframework.beans.factory.support.AbstractAutowireCapableBeanFactory.createBean(AbstractAutowireCapableBeanFactory.java:522) ~[spring-beans-6.1.11.jar:6.1.11]
	at org.springframework.beans.factory.support.AbstractBeanFactory.lambda$doGetBean$0(AbstractBeanFactory.java:337) ~[spring-beans-6.1.11.jar:6.1.11]
	at org.springframework.beans.factory.support.DefaultSingletonBeanRegistry.getSingleton(DefaultSingletonBeanRegistry.java:234) ~[spring-beans-6.1.11.jar:6.1.11]
	at org.springframework.beans.factory.support.AbstractBeanFactory.doGetBean(AbstractBeanFactory.java:335) ~[spring-beans-6.1.11.jar:6.1.11]
	at org.springframework.beans.factory.support.AbstractBeanFactory.getBean(AbstractBeanFactory.java:200) ~[spring-beans-6.1.11.jar:6.1.11]
	at org.springframework.beans.factory.config.DependencyDescriptor.resolveCandidate(DependencyDescriptor.java:254) ~[spring-beans-6.1.11.jar:6.1.11]
	at org.springframework.beans.factory.support.DefaultListableBeanFactory.doResolveDependency(DefaultListableBeanFactory.java:1443) ~[spring-beans-6.1.11.jar:6.1.11]
	at org.springframework.beans.factory.support.DefaultListableBeanFactory.resolveDependency(DefaultListableBeanFactory.java:1353) ~[spring-beans-6.1.11.jar:6.1.11]
	at org.springframework.beans.factory.annotation.AutowiredAnnotationBeanPostProcessor$AutowiredFieldElement.resolveFieldValue(AutowiredAnnotationBeanPostProcessor.java:784) ~[spring-beans-6.1.11.jar:6.1.11]
	... 58 common frames omitted
Caused by: org.springframework.beans.ConversionNotSupportedException: Failed to convert value of type 'java.lang.String' to required type 'javax.crypto.SecretKey'; Cannot convert value of type 'java.lang.String' to required type 'javax.crypto.SecretKey': no matching editors or conversion strategy found
	at org.springframework.beans.TypeConverterSupport.convertIfNecessary(TypeConverterSupport.java:84) ~[spring-beans-6.1.11.jar:6.1.11]
	at org.springframework.beans.TypeConverterSupport.convertIfNecessary(TypeConverterSupport.java:71) ~[spring-beans-6.1.11.jar:6.1.11]
	at org.springframework.beans.factory.support.DefaultListableBeanFactory.doResolveDependency(DefaultListableBeanFactory.java:1381) ~[spring-beans-6.1.11.jar:6.1.11]
	at org.springframework.beans.factory.support.DefaultListableBeanFactory.resolveDependency(DefaultListableBeanFactory.java:1353) ~[spring-beans-6.1.11.jar:6.1.11]
	at org.springframework.beans.factory.annotation.AutowiredAnnotationBeanPostProcessor$AutowiredFieldElement.resolveFieldValue(AutowiredAnnotationBeanPostProcessor.java:784) ~[spring-beans-6.1.11.jar:6.1.11]
	... 72 common frames omitted
Caused by: java.lang.IllegalStateException: Cannot convert value of type 'java.lang.String' to required type 'javax.crypto.SecretKey': no matching editors or conversion strategy found
	at org.springframework.beans.TypeConverterDelegate.convertIfNecessary(TypeConverterDelegate.java:273) ~[spring-beans-6.1.11.jar:6.1.11]
	at org.springframework.beans.TypeConverterSupport.convertIfNecessary(TypeConverterSupport.java:80) ~[spring-beans-6.1.11.jar:6.1.11]
	... 76 common frames omitted

2024-12-27T17:36:07.346+02:00  INFO 11596 --- [Library_Management_System] [restartedMain] c.s.l.LibraryManagementSystemApplication : Starting LibraryManagementSystemApplication using Java 21.0.1 with PID 11596 (/home/helmi/Projects/Library_Management_System/target/classes started by helmi in /home/helmi/Projects/Library_Management_System)
2024-12-27T17:36:07.348+02:00  INFO 11596 --- [Library_Management_System] [restartedMain] c.s.l.LibraryManagementSystemApplication : No active profile set, falling back to 1 default profile: "default"
2024-12-27T17:36:07.407+02:00  INFO 11596 --- [Library_Management_System] [restartedMain] .e.DevToolsPropertyDefaultsPostProcessor : Devtools property defaults active! Set 'spring.devtools.add-properties' to 'false' to disable
2024-12-27T17:36:07.407+02:00  INFO 11596 --- [Library_Management_System] [restartedMain] .e.DevToolsPropertyDefaultsPostProcessor : For additional web related logging consider setting the 'logging.level.web' property to 'DEBUG'
2024-12-27T17:36:07.884+02:00  INFO 11596 --- [Library_Management_System] [restartedMain] .s.d.r.c.RepositoryConfigurationDelegate : Bootstrapping Spring Data JPA repositories in DEFAULT mode.
2024-12-27T17:36:07.920+02:00  INFO 11596 --- [Library_Management_System] [restartedMain] .s.d.r.c.RepositoryConfigurationDelegate : Finished Spring Data repository scanning in 31 ms. Found 3 JPA repository interfaces.
2024-12-27T17:36:08.371+02:00  INFO 11596 --- [Library_Management_System] [restartedMain] o.s.b.w.embedded.tomcat.TomcatWebServer  : Tomcat initialized with port 8080 (http)
2024-12-27T17:36:08.377+02:00  INFO 11596 --- [Library_Management_System] [restartedMain] o.apache.catalina.core.StandardService   : Starting service [Tomcat]
2024-12-27T17:36:08.377+02:00  INFO 11596 --- [Library_Management_System] [restartedMain] o.apache.catalina.core.StandardEngine    : Starting Servlet engine: [Apache Tomcat/10.1.26]
2024-12-27T17:36:08.406+02:00  INFO 11596 --- [Library_Management_System] [restartedMain] o.a.c.c.C.[Tomcat].[localhost].[/]       : Initializing Spring embedded WebApplicationContext
2024-12-27T17:36:08.407+02:00  INFO 11596 --- [Library_Management_System] [restartedMain] w.s.c.ServletWebServerApplicationContext : Root WebApplicationContext: initialization completed in 1000 ms
2024-12-27T17:36:08.448+02:00 ERROR 11596 --- [Library_Management_System] [restartedMain] o.s.b.web.embedded.tomcat.TomcatStarter  : Error starting Tomcat context. Exception: org.springframework.beans.factory.UnsatisfiedDependencyException. Message: Error creating bean with name 'jwtAuthenticationFilter': Unsatisfied dependency expressed through field 'jwtService': Error creating bean with name 'jwtService': Unsatisfied dependency expressed through field 'SECRET': Failed to convert value of type 'java.lang.String' to required type 'javax.crypto.SecretKey'; Cannot convert value of type 'java.lang.String' to required type 'javax.crypto.SecretKey': no matching editors or conversion strategy found
2024-12-27T17:36:08.460+02:00  INFO 11596 --- [Library_Management_System] [restartedMain] o.apache.catalina.core.StandardService   : Stopping service [Tomcat]
2024-12-27T17:36:08.465+02:00  WARN 11596 --- [Library_Management_System] [restartedMain] ConfigServletWebServerApplicationContext : Exception encountered during context initialization - cancelling refresh attempt: org.springframework.context.ApplicationContextException: Unable to start web server
2024-12-27T17:36:08.470+02:00  INFO 11596 --- [Library_Management_System] [restartedMain] .s.b.a.l.ConditionEvaluationReportLogger : 

Error starting ApplicationContext. To display the condition evaluation report re-run your application with 'debug' enabled.
2024-12-27T17:36:08.479+02:00 ERROR 11596 --- [Library_Management_System] [restartedMain] o.s.boot.SpringApplication               : Application run failed

org.springframework.context.ApplicationContextException: Unable to start web server
	at org.springframework.boot.web.servlet.context.ServletWebServerApplicationContext.onRefresh(ServletWebServerApplicationContext.java:165) ~[spring-boot-3.3.2.jar:3.3.2]
	at org.springframework.context.support.AbstractApplicationContext.refresh(AbstractApplicationContext.java:619) ~[spring-context-6.1.11.jar:6.1.11]
	at org.springframework.boot.web.servlet.context.ServletWebServerApplicationContext.refresh(ServletWebServerApplicationContext.java:146) ~[spring-boot-3.3.2.jar:3.3.2]
	at org.springframework.boot.SpringApplication.refresh(SpringApplication.java:754) ~[spring-boot-3.3.2.jar:3.3.2]
	at org.springframework.boot.SpringApplication.refreshContext(SpringApplication.java:456) ~[spring-boot-3.3.2.jar:3.3.2]
	at org.springframework.boot.SpringApplication.run(SpringApplication.java:335) ~[spring-boot-3.3.2.jar:3.3.2]
	at org.springframework.boot.SpringApplication.run(SpringApplication.java:1363) ~[spring-boot-3.3.2.jar:3.3.2]
	at org.springframework.boot.SpringApplication.run(SpringApplication.java:1352) ~[spring-boot-3.3.2.jar:3.3.2]
	at com.spring.library_management_system.LibraryManagementSystemApplication.main(LibraryManagementSystemApplication.java:13) ~[classes/:na]
	at java.base/jdk.internal.reflect.DirectMethodHandleAccessor.invoke(DirectMethodHandleAccessor.java:103) ~[na:na]
	at java.base/java.lang.reflect.Method.invoke(Method.java:580) ~[na:na]
	at org.springframework.boot.devtools.restart.RestartLauncher.run(RestartLauncher.java:50) ~[spring-boot-devtools-3.3.2.jar:3.3.2]
Caused by: org.springframework.boot.web.server.WebServerException: Unable to start embedded Tomcat
	at org.springframework.boot.web.embedded.tomcat.TomcatWebServer.initialize(TomcatWebServer.java:147) ~[spring-boot-3.3.2.jar:3.3.2]
	at org.springframework.boot.web.embedded.tomcat.TomcatWebServer.<init>(TomcatWebServer.java:107) ~[spring-boot-3.3.2.jar:3.3.2]
	at org.springframework.boot.web.embedded.tomcat.TomcatServletWebServerFactory.getTomcatWebServer(TomcatServletWebServerFactory.java:516) ~[spring-boot-3.3.2.jar:3.3.2]
	at org.springframework.boot.web.embedded.tomcat.TomcatServletWebServerFactory.getWebServer(TomcatServletWebServerFactory.java:222) ~[spring-boot-3.3.2.jar:3.3.2]
	at org.springframework.boot.web.servlet.context.ServletWebServerApplicationContext.createWebServer(ServletWebServerApplicationContext.java:188) ~[spring-boot-3.3.2.jar:3.3.2]
	at org.springframework.boot.web.servlet.context.ServletWebServerApplicationContext.onRefresh(ServletWebServerApplicationContext.java:162) ~[spring-boot-3.3.2.jar:3.3.2]
	... 11 common frames omitted
Caused by: org.springframework.beans.factory.UnsatisfiedDependencyException: Error creating bean with name 'jwtAuthenticationFilter': Unsatisfied dependency expressed through field 'jwtService': Error creating bean with name 'jwtService': Unsatisfied dependency expressed through field 'SECRET': Failed to convert value of type 'java.lang.String' to required type 'javax.crypto.SecretKey'; Cannot convert value of type 'java.lang.String' to required type 'javax.crypto.SecretKey': no matching editors or conversion strategy found
	at org.springframework.beans.factory.annotation.AutowiredAnnotationBeanPostProcessor$AutowiredFieldElement.resolveFieldValue(AutowiredAnnotationBeanPostProcessor.java:787) ~[spring-beans-6.1.11.jar:6.1.11]
	at org.springframework.beans.factory.annotation.AutowiredAnnotationBeanPostProcessor$AutowiredFieldElement.inject(AutowiredAnnotationBeanPostProcessor.java:767) ~[spring-beans-6.1.11.jar:6.1.11]
	at org.springframework.beans.factory.annotation.InjectionMetadata.inject(InjectionMetadata.java:145) ~[spring-beans-6.1.11.jar:6.1.11]
	at org.springframework.beans.factory.annotation.AutowiredAnnotationBeanPostProcessor.postProcessProperties(AutowiredAnnotationBeanPostProcessor.java:508) ~[spring-beans-6.1.11.jar:6.1.11]
	at org.springframework.beans.factory.support.AbstractAutowireCapableBeanFactory.populateBean(AbstractAutowireCapableBeanFactory.java:1439) ~[spring-beans-6.1.11.jar:6.1.11]
	at org.springframework.beans.factory.support.AbstractAutowireCapableBeanFactory.doCreateBean(AbstractAutowireCapableBeanFactory.java:599) ~[spring-beans-6.1.11.jar:6.1.11]
	at org.springframework.beans.factory.support.AbstractAutowireCapableBeanFactory.createBean(AbstractAutowireCapableBeanFactory.java:522) ~[spring-beans-6.1.11.jar:6.1.11]
	at org.springframework.beans.factory.support.AbstractBeanFactory.lambda$doGetBean$0(AbstractBeanFactory.java:337) ~[spring-beans-6.1.11.jar:6.1.11]
	at org.springframework.beans.factory.support.DefaultSingletonBeanRegistry.getSingleton(DefaultSingletonBeanRegistry.java:234) ~[spring-beans-6.1.11.jar:6.1.11]
	at org.springframework.beans.factory.support.AbstractBeanFactory.doGetBean(AbstractBeanFactory.java:335) ~[spring-beans-6.1.11.jar:6.1.11]
	at org.springframework.beans.factory.support.AbstractBeanFactory.getBean(AbstractBeanFactory.java:205) ~[spring-beans-6.1.11.jar:6.1.11]
	at org.springframework.boot.web.servlet.ServletContextInitializerBeans.getOrderedBeansOfType(ServletContextInitializerBeans.java:211) ~[spring-boot-3.3.2.jar:3.3.2]
	at org.springframework.boot.web.servlet.ServletContextInitializerBeans.addAsRegistrationBean(ServletContextInitializerBeans.java:174) ~[spring-boot-3.3.2.jar:3.3.2]
	at org.springframework.boot.web.servlet.ServletContextInitializerBeans.addAsRegistrationBean(ServletContextInitializerBeans.java:169) ~[spring-boot-3.3.2.jar:3.3.2]
	at org.springframework.boot.web.servlet.ServletContextInitializerBeans.addAdaptableBeans(ServletContextInitializerBeans.java:154) ~[spring-boot-3.3.2.jar:3.3.2]
	at org.springframework.boot.web.servlet.ServletContextInitializerBeans.<init>(ServletContextInitializerBeans.java:87) ~[spring-boot-3.3.2.jar:3.3.2]
	at org.springframework.boot.web.servlet.context.ServletWebServerApplicationContext.getServletContextInitializerBeans(ServletWebServerApplicationContext.java:266) ~[spring-boot-3.3.2.jar:3.3.2]
	at org.springframework.boot.web.servlet.context.ServletWebServerApplicationContext.selfInitialize(ServletWebServerApplicationContext.java:240) ~[spring-boot-3.3.2.jar:3.3.2]
	at org.springframework.boot.web.embedded.tomcat.TomcatStarter.onStartup(TomcatStarter.java:52) ~[spring-boot-3.3.2.jar:3.3.2]
	at org.apache.catalina.core.StandardContext.startInternal(StandardContext.java:4414) ~[tomcat-embed-core-10.1.26.jar:10.1.26]
	at org.apache.catalina.util.LifecycleBase.start(LifecycleBase.java:164) ~[tomcat-embed-core-10.1.26.jar:10.1.26]
	at org.apache.catalina.core.ContainerBase$StartChild.call(ContainerBase.java:1203) ~[tomcat-embed-core-10.1.26.jar:10.1.26]
	at org.apache.catalina.core.ContainerBase$StartChild.call(ContainerBase.java:1193) ~[tomcat-embed-core-10.1.26.jar:10.1.26]
	at java.base/java.util.concurrent.FutureTask.run(FutureTask.java:317) ~[na:na]
	at org.apache.tomcat.util.threads.InlineExecutorService.execute(InlineExecutorService.java:75) ~[tomcat-embed-core-10.1.26.jar:10.1.26]
	at java.base/java.util.concurrent.AbstractExecutorService.submit(AbstractExecutorService.java:145) ~[na:na]
	at org.apache.catalina.core.ContainerBase.startInternal(ContainerBase.java:749) ~[tomcat-embed-core-10.1.26.jar:10.1.26]
	at org.apache.catalina.core.StandardHost.startInternal(StandardHost.java:772) ~[tomcat-embed-core-10.1.26.jar:10.1.26]
	at org.apache.catalina.util.LifecycleBase.start(LifecycleBase.java:164) ~[tomcat-embed-core-10.1.26.jar:10.1.26]
	at org.apache.catalina.core.ContainerBase$StartChild.call(ContainerBase.java:1203) ~[tomcat-embed-core-10.1.26.jar:10.1.26]
	at org.apache.catalina.core.ContainerBase$StartChild.call(ContainerBase.java:1193) ~[tomcat-embed-core-10.1.26.jar:10.1.26]
	at java.base/java.util.concurrent.FutureTask.run(FutureTask.java:317) ~[na:na]
	at org.apache.tomcat.util.threads.InlineExecutorService.execute(InlineExecutorService.java:75) ~[tomcat-embed-core-10.1.26.jar:10.1.26]
	at java.base/java.util.concurrent.AbstractExecutorService.submit(AbstractExecutorService.java:145) ~[na:na]
	at org.apache.catalina.core.ContainerBase.startInternal(ContainerBase.java:749) ~[tomcat-embed-core-10.1.26.jar:10.1.26]
	at org.apache.catalina.core.StandardEngine.startInternal(StandardEngine.java:203) ~[tomcat-embed-core-10.1.26.jar:10.1.26]
	at org.apache.catalina.util.LifecycleBase.start(LifecycleBase.java:164) ~[tomcat-embed-core-10.1.26.jar:10.1.26]
	at org.apache.catalina.core.StandardService.startInternal(StandardService.java:415) ~[tomcat-embed-core-10.1.26.jar:10.1.26]
	at org.apache.catalina.util.LifecycleBase.start(LifecycleBase.java:164) ~[tomcat-embed-core-10.1.26.jar:10.1.26]
	at org.apache.catalina.core.StandardServer.startInternal(StandardServer.java:874) ~[tomcat-embed-core-10.1.26.jar:10.1.26]
	at org.apache.catalina.util.LifecycleBase.start(LifecycleBase.java:164) ~[tomcat-embed-core-10.1.26.jar:10.1.26]
	at org.apache.catalina.startup.Tomcat.start(Tomcat.java:437) ~[tomcat-embed-core-10.1.26.jar:10.1.26]
	at org.springframework.boot.web.embedded.tomcat.TomcatWebServer.initialize(TomcatWebServer.java:128) ~[spring-boot-3.3.2.jar:3.3.2]
	... 16 common frames omitted
Caused by: org.springframework.beans.factory.UnsatisfiedDependencyException: Error creating bean with name 'jwtService': Unsatisfied dependency expressed through field 'SECRET': Failed to convert value of type 'java.lang.String' to required type 'javax.crypto.SecretKey'; Cannot convert value of type 'java.lang.String' to required type 'javax.crypto.SecretKey': no matching editors or conversion strategy found
	at org.springframework.beans.factory.annotation.AutowiredAnnotationBeanPostProcessor$AutowiredFieldElement.resolveFieldValue(AutowiredAnnotationBeanPostProcessor.java:787) ~[spring-beans-6.1.11.jar:6.1.11]
	at org.springframework.beans.factory.annotation.AutowiredAnnotationBeanPostProcessor$AutowiredFieldElement.inject(AutowiredAnnotationBeanPostProcessor.java:767) ~[spring-beans-6.1.11.jar:6.1.11]
	at org.springframework.beans.factory.annotation.InjectionMetadata.inject(InjectionMetadata.java:145) ~[spring-beans-6.1.11.jar:6.1.11]
	at org.springframework.beans.factory.annotation.AutowiredAnnotationBeanPostProcessor.postProcessProperties(AutowiredAnnotationBeanPostProcessor.java:508) ~[spring-beans-6.1.11.jar:6.1.11]
	at org.springframework.beans.factory.support.AbstractAutowireCapableBeanFactory.populateBean(AbstractAutowireCapableBeanFactory.java:1439) ~[spring-beans-6.1.11.jar:6.1.11]
	at org.springframework.beans.factory.support.AbstractAutowireCapableBeanFactory.doCreateBean(AbstractAutowireCapableBeanFactory.java:599) ~[spring-beans-6.1.11.jar:6.1.11]
	at org.springframework.beans.factory.support.AbstractAutowireCapableBeanFactory.createBean(AbstractAutowireCapableBeanFactory.java:522) ~[spring-beans-6.1.11.jar:6.1.11]
	at org.springframework.beans.factory.support.AbstractBeanFactory.lambda$doGetBean$0(AbstractBeanFactory.java:337) ~[spring-beans-6.1.11.jar:6.1.11]
	at org.springframework.beans.factory.support.DefaultSingletonBeanRegistry.getSingleton(DefaultSingletonBeanRegistry.java:234) ~[spring-beans-6.1.11.jar:6.1.11]
	at org.springframework.beans.factory.support.AbstractBeanFactory.doGetBean(AbstractBeanFactory.java:335) ~[spring-beans-6.1.11.jar:6.1.11]
	at org.springframework.beans.factory.support.AbstractBeanFactory.getBean(AbstractBeanFactory.java:200) ~[spring-beans-6.1.11.jar:6.1.11]
	at org.springframework.beans.factory.config.DependencyDescriptor.resolveCandidate(DependencyDescriptor.java:254) ~[spring-beans-6.1.11.jar:6.1.11]
	at org.springframework.beans.factory.support.DefaultListableBeanFactory.doResolveDependency(DefaultListableBeanFactory.java:1443) ~[spring-beans-6.1.11.jar:6.1.11]
	at org.springframework.beans.factory.support.DefaultListableBeanFactory.resolveDependency(DefaultListableBeanFactory.java:1353) ~[spring-beans-6.1.11.jar:6.1.11]
	at org.springframework.beans.factory.annotation.AutowiredAnnotationBeanPostProcessor$AutowiredFieldElement.resolveFieldValue(AutowiredAnnotationBeanPostProcessor.java:784) ~[spring-beans-6.1.11.jar:6.1.11]
	... 58 common frames omitted
Caused by: org.springframework.beans.ConversionNotSupportedException: Failed to convert value of type 'java.lang.String' to required type 'javax.crypto.SecretKey'; Cannot convert value of type 'java.lang.String' to required type 'javax.crypto.SecretKey': no matching editors or conversion strategy found
	at org.springframework.beans.TypeConverterSupport.convertIfNecessary(TypeConverterSupport.java:84) ~[spring-beans-6.1.11.jar:6.1.11]
	at org.springframework.beans.TypeConverterSupport.convertIfNecessary(TypeConverterSupport.java:71) ~[spring-beans-6.1.11.jar:6.1.11]
	at org.springframework.beans.factory.support.DefaultListableBeanFactory.doResolveDependency(DefaultListableBeanFactory.java:1381) ~[spring-beans-6.1.11.jar:6.1.11]
	at org.springframework.beans.factory.support.DefaultListableBeanFactory.resolveDependency(DefaultListableBeanFactory.java:1353) ~[spring-beans-6.1.11.jar:6.1.11]
	at org.springframework.beans.factory.annotation.AutowiredAnnotationBeanPostProcessor$AutowiredFieldElement.resolveFieldValue(AutowiredAnnotationBeanPostProcessor.java:784) ~[spring-beans-6.1.11.jar:6.1.11]
	... 72 common frames omitted
Caused by: java.lang.IllegalStateException: Cannot convert value of type 'java.lang.String' to required type 'javax.crypto.SecretKey': no matching editors or conversion strategy found
	at org.springframework.beans.TypeConverterDelegate.convertIfNecessary(TypeConverterDelegate.java:273) ~[spring-beans-6.1.11.jar:6.1.11]
	at org.springframework.beans.TypeConverterSupport.convertIfNecessary(TypeConverterSupport.java:80) ~[spring-beans-6.1.11.jar:6.1.11]
	... 76 common frames omitted

2024-12-27T17:40:13.965+02:00  INFO 11874 --- [Library_Management_System] [restartedMain] c.s.l.LibraryManagementSystemApplication : Starting LibraryManagementSystemApplication using Java 21.0.1 with PID 11874 (/home/helmi/Projects/Library_Management_System/target/classes started by helmi in /home/helmi/Projects/Library_Management_System)
2024-12-27T17:40:13.967+02:00  INFO 11874 --- [Library_Management_System] [restartedMain] c.s.l.LibraryManagementSystemApplication : No active profile set, falling back to 1 default profile: "default"
2024-12-27T17:40:14.038+02:00  INFO 11874 --- [Library_Management_System] [restartedMain] .e.DevToolsPropertyDefaultsPostProcessor : Devtools property defaults active! Set 'spring.devtools.add-properties' to 'false' to disable
2024-12-27T17:40:14.039+02:00  INFO 11874 --- [Library_Management_System] [restartedMain] .e.DevToolsPropertyDefaultsPostProcessor : For additional web related logging consider setting the 'logging.level.web' property to 'DEBUG'
2024-12-27T17:40:14.609+02:00  INFO 11874 --- [Library_Management_System] [restartedMain] .s.d.r.c.RepositoryConfigurationDelegate : Bootstrapping Spring Data JPA repositories in DEFAULT mode.
2024-12-27T17:40:14.640+02:00  INFO 11874 --- [Library_Management_System] [restartedMain] .s.d.r.c.RepositoryConfigurationDelegate : Finished Spring Data repository scanning in 27 ms. Found 3 JPA repository interfaces.
2024-12-27T17:40:15.110+02:00  INFO 11874 --- [Library_Management_System] [restartedMain] o.s.b.w.embedded.tomcat.TomcatWebServer  : Tomcat initialized with port 8080 (http)
2024-12-27T17:40:15.117+02:00  INFO 11874 --- [Library_Management_System] [restartedMain] o.apache.catalina.core.StandardService   : Starting service [Tomcat]
2024-12-27T17:40:15.118+02:00  INFO 11874 --- [Library_Management_System] [restartedMain] o.apache.catalina.core.StandardEngine    : Starting Servlet engine: [Apache Tomcat/10.1.26]
2024-12-27T17:40:15.141+02:00  INFO 11874 --- [Library_Management_System] [restartedMain] o.a.c.c.C.[Tomcat].[localhost].[/]       : Initializing Spring embedded WebApplicationContext
2024-12-27T17:40:15.141+02:00  INFO 11874 --- [Library_Management_System] [restartedMain] w.s.c.ServletWebServerApplicationContext : Root WebApplicationContext: initialization completed in 1101 ms
2024-12-27T17:40:15.373+02:00  INFO 11874 --- [Library_Management_System] [restartedMain] o.hibernate.jpa.internal.util.LogHelper  : HHH000204: Processing PersistenceUnitInfo [name: default]
2024-12-27T17:40:15.401+02:00  INFO 11874 --- [Library_Management_System] [restartedMain] org.hibernate.Version                    : HHH000412: Hibernate ORM core version 6.5.2.Final
2024-12-27T17:40:15.418+02:00  INFO 11874 --- [Library_Management_System] [restartedMain] o.h.c.internal.RegionFactoryInitiator    : HHH000026: Second-level cache disabled
2024-12-27T17:40:15.566+02:00  INFO 11874 --- [Library_Management_System] [restartedMain] o.s.o.j.p.SpringPersistenceUnitInfo      : No LoadTimeWeaver setup: ignoring JPA class transformer
2024-12-27T17:40:15.580+02:00  INFO 11874 --- [Library_Management_System] [restartedMain] com.zaxxer.hikari.HikariDataSource       : HikariPool-1 - Starting...
2024-12-27T17:40:15.781+02:00  INFO 11874 --- [Library_Management_System] [restartedMain] com.zaxxer.hikari.pool.HikariPool        : HikariPool-1 - Added connection com.mysql.cj.jdbc.ConnectionImpl@470e42f
2024-12-27T17:40:15.783+02:00  INFO 11874 --- [Library_Management_System] [restartedMain] com.zaxxer.hikari.HikariDataSource       : HikariPool-1 - Start completed.
2024-12-27T17:40:16.487+02:00  INFO 11874 --- [Library_Management_System] [restartedMain] o.h.e.t.j.p.i.JtaPlatformInitiator       : HHH000489: No JTA platform available (set 'hibernate.transaction.jta.platform' to enable JTA platform integration)
2024-12-27T17:40:16.525+02:00  INFO 11874 --- [Library_Management_System] [restartedMain] j.LocalContainerEntityManagerFactoryBean : Initialized JPA EntityManagerFactory for persistence unit 'default'
2024-12-27T17:40:16.741+02:00  INFO 11874 --- [Library_Management_System] [restartedMain] eAuthenticationProviderManagerConfigurer : Global AuthenticationManager configured with AuthenticationProvider bean with name authProvider
2024-12-27T17:40:16.742+02:00  WARN 11874 --- [Library_Management_System] [restartedMain] r$InitializeUserDetailsManagerConfigurer : Global AuthenticationManager configured with an AuthenticationProvider bean. UserDetailsService beans will not be used for username/password login. Consider removing the AuthenticationProvider bean. Alternatively, consider using the UserDetailsService in a manually instantiated DaoAuthenticationProvider.
2024-12-27T17:40:16.819+02:00  INFO 11874 --- [Library_Management_System] [restartedMain] o.s.d.j.r.query.QueryEnhancerFactory     : Hibernate is in classpath; If applicable, HQL parser will be used.
2024-12-27T17:40:17.090+02:00  WARN 11874 --- [Library_Management_System] [restartedMain] JpaBaseConfiguration$JpaWebConfiguration : spring.jpa.open-in-view is enabled by default. Therefore, database queries may be performed during view rendering. Explicitly configure spring.jpa.open-in-view to disable this warning
2024-12-27T17:40:17.519+02:00  INFO 11874 --- [Library_Management_System] [restartedMain] o.s.b.d.a.OptionalLiveReloadServer       : LiveReload server is running on port 35729
2024-12-27T17:40:17.538+02:00  INFO 11874 --- [Library_Management_System] [restartedMain] o.s.b.w.embedded.tomcat.TomcatWebServer  : Tomcat started on port 8080 (http) with context path '/'
2024-12-27T17:40:17.543+02:00  INFO 11874 --- [Library_Management_System] [restartedMain] c.s.l.LibraryManagementSystemApplication : Started LibraryManagementSystemApplication in 4.001 seconds (process running for 4.701)
2024-12-27T17:40:28.602+02:00  INFO 11874 --- [Library_Management_System] [http-nio-8080-exec-2] o.a.c.c.C.[Tomcat].[localhost].[/]       : Initializing Spring DispatcherServlet 'dispatcherServlet'
2024-12-27T17:40:28.603+02:00  INFO 11874 --- [Library_Management_System] [http-nio-8080-exec-2] o.s.web.servlet.DispatcherServlet        : Initializing Servlet 'dispatcherServlet'
2024-12-27T17:40:28.604+02:00  INFO 11874 --- [Library_Management_System] [http-nio-8080-exec-2] o.s.web.servlet.DispatcherServlet        : Completed initialization in 1 ms
2024-12-27T17:49:18.334+02:00  INFO 11874 --- [Library_Management_System] [SpringApplicationShutdownHook] j.LocalContainerEntityManagerFactoryBean : Closing JPA EntityManagerFactory for persistence unit 'default'
2024-12-27T17:49:18.336+02:00  INFO 11874 --- [Library_Management_System] [SpringApplicationShutdownHook] com.zaxxer.hikari.HikariDataSource       : HikariPool-1 - Shutdown initiated...
2024-12-27T17:49:18.341+02:00  INFO 11874 --- [Library_Management_System] [SpringApplicationShutdownHook] com.zaxxer.hikari.HikariDataSource       : HikariPool-1 - Shutdown completed.
2024-12-27T17:49:22.899+02:00  INFO 12610 --- [Library_Management_System] [restartedMain] c.s.l.LibraryManagementSystemApplication : Starting LibraryManagementSystemApplication using Java 21.0.1 with PID 12610 (/home/helmi/Projects/Library_Management_System/target/classes started by helmi in /home/helmi/Projects/Library_Management_System)
2024-12-27T17:49:22.901+02:00  INFO 12610 --- [Library_Management_System] [restartedMain] c.s.l.LibraryManagementSystemApplication : No active profile set, falling back to 1 default profile: "default"
2024-12-27T17:49:22.946+02:00  INFO 12610 --- [Library_Management_System] [restartedMain] .e.DevToolsPropertyDefaultsPostProcessor : Devtools property defaults active! Set 'spring.devtools.add-properties' to 'false' to disable
2024-12-27T17:49:22.947+02:00  INFO 12610 --- [Library_Management_System] [restartedMain] .e.DevToolsPropertyDefaultsPostProcessor : For additional web related logging consider setting the 'logging.level.web' property to 'DEBUG'
2024-12-27T17:49:23.462+02:00  INFO 12610 --- [Library_Management_System] [restartedMain] .s.d.r.c.RepositoryConfigurationDelegate : Bootstrapping Spring Data JPA repositories in DEFAULT mode.
2024-12-27T17:49:23.494+02:00  INFO 12610 --- [Library_Management_System] [restartedMain] .s.d.r.c.RepositoryConfigurationDelegate : Finished Spring Data repository scanning in 28 ms. Found 3 JPA repository interfaces.
2024-12-27T17:49:24.008+02:00  INFO 12610 --- [Library_Management_System] [restartedMain] o.s.b.w.embedded.tomcat.TomcatWebServer  : Tomcat initialized with port 8080 (http)
2024-12-27T17:49:24.015+02:00  INFO 12610 --- [Library_Management_System] [restartedMain] o.apache.catalina.core.StandardService   : Starting service [Tomcat]
2024-12-27T17:49:24.016+02:00  INFO 12610 --- [Library_Management_System] [restartedMain] o.apache.catalina.core.StandardEngine    : Starting Servlet engine: [Apache Tomcat/10.1.26]
2024-12-27T17:49:24.036+02:00  INFO 12610 --- [Library_Management_System] [restartedMain] o.a.c.c.C.[Tomcat].[localhost].[/]       : Initializing Spring embedded WebApplicationContext
2024-12-27T17:49:24.037+02:00  INFO 12610 --- [Library_Management_System] [restartedMain] w.s.c.ServletWebServerApplicationContext : Root WebApplicationContext: initialization completed in 1090 ms
2024-12-27T17:49:24.155+02:00  INFO 12610 --- [Library_Management_System] [restartedMain] o.hibernate.jpa.internal.util.LogHelper  : HHH000204: Processing PersistenceUnitInfo [name: default]
2024-12-27T17:49:24.181+02:00  INFO 12610 --- [Library_Management_System] [restartedMain] org.hibernate.Version                    : HHH000412: Hibernate ORM core version 6.5.2.Final
2024-12-27T17:49:24.198+02:00  INFO 12610 --- [Library_Management_System] [restartedMain] o.h.c.internal.RegionFactoryInitiator    : HHH000026: Second-level cache disabled
2024-12-27T17:49:24.416+02:00  INFO 12610 --- [Library_Management_System] [restartedMain] o.s.o.j.p.SpringPersistenceUnitInfo      : No LoadTimeWeaver setup: ignoring JPA class transformer
2024-12-27T17:49:24.430+02:00  INFO 12610 --- [Library_Management_System] [restartedMain] com.zaxxer.hikari.HikariDataSource       : HikariPool-1 - Starting...
2024-12-27T17:49:24.616+02:00  INFO 12610 --- [Library_Management_System] [restartedMain] com.zaxxer.hikari.pool.HikariPool        : HikariPool-1 - Added connection com.mysql.cj.jdbc.ConnectionImpl@17c27d70
2024-12-27T17:49:24.617+02:00  INFO 12610 --- [Library_Management_System] [restartedMain] com.zaxxer.hikari.HikariDataSource       : HikariPool-1 - Start completed.
2024-12-27T17:49:25.264+02:00  INFO 12610 --- [Library_Management_System] [restartedMain] o.h.e.t.j.p.i.JtaPlatformInitiator       : HHH000489: No JTA platform available (set 'hibernate.transaction.jta.platform' to enable JTA platform integration)
2024-12-27T17:49:25.300+02:00  INFO 12610 --- [Library_Management_System] [restartedMain] j.LocalContainerEntityManagerFactoryBean : Initialized JPA EntityManagerFactory for persistence unit 'default'
2024-12-27T17:49:25.557+02:00  INFO 12610 --- [Library_Management_System] [restartedMain] eAuthenticationProviderManagerConfigurer : Global AuthenticationManager configured with AuthenticationProvider bean with name authProvider
2024-12-27T17:49:25.557+02:00  WARN 12610 --- [Library_Management_System] [restartedMain] r$InitializeUserDetailsManagerConfigurer : Global AuthenticationManager configured with an AuthenticationProvider bean. UserDetailsService beans will not be used for username/password login. Consider removing the AuthenticationProvider bean. Alternatively, consider using the UserDetailsService in a manually instantiated DaoAuthenticationProvider.
2024-12-27T17:49:25.612+02:00  INFO 12610 --- [Library_Management_System] [restartedMain] o.s.d.j.r.query.QueryEnhancerFactory     : Hibernate is in classpath; If applicable, HQL parser will be used.
2024-12-27T17:49:25.891+02:00  WARN 12610 --- [Library_Management_System] [restartedMain] JpaBaseConfiguration$JpaWebConfiguration : spring.jpa.open-in-view is enabled by default. Therefore, database queries may be performed during view rendering. Explicitly configure spring.jpa.open-in-view to disable this warning
2024-12-27T17:49:26.310+02:00  INFO 12610 --- [Library_Management_System] [restartedMain] o.s.b.d.a.OptionalLiveReloadServer       : LiveReload server is running on port 35729
2024-12-27T17:49:26.331+02:00  INFO 12610 --- [Library_Management_System] [restartedMain] o.s.b.w.embedded.tomcat.TomcatWebServer  : Tomcat started on port 8080 (http) with context path '/'
2024-12-27T17:49:26.336+02:00  INFO 12610 --- [Library_Management_System] [restartedMain] c.s.l.LibraryManagementSystemApplication : Started LibraryManagementSystemApplication in 3.918 seconds (process running for 4.631)
2024-12-27T17:49:41.771+02:00  INFO 12610 --- [Library_Management_System] [http-nio-8080-exec-1] o.a.c.c.C.[Tomcat].[localhost].[/]       : Initializing Spring DispatcherServlet 'dispatcherServlet'
2024-12-27T17:49:41.771+02:00  INFO 12610 --- [Library_Management_System] [http-nio-8080-exec-1] o.s.web.servlet.DispatcherServlet        : Initializing Servlet 'dispatcherServlet'
2024-12-27T17:49:41.773+02:00  INFO 12610 --- [Library_Management_System] [http-nio-8080-exec-1] o.s.web.servlet.DispatcherServlet        : Completed initialization in 1 ms
2024-12-27T17:57:26.600+02:00  INFO 12610 --- [Library_Management_System] [SpringApplicationShutdownHook] j.LocalContainerEntityManagerFactoryBean : Closing JPA EntityManagerFactory for persistence unit 'default'
2024-12-27T17:57:26.602+02:00  INFO 12610 --- [Library_Management_System] [SpringApplicationShutdownHook] com.zaxxer.hikari.HikariDataSource       : HikariPool-1 - Shutdown initiated...
2024-12-27T17:57:26.607+02:00  INFO 12610 --- [Library_Management_System] [SpringApplicationShutdownHook] com.zaxxer.hikari.HikariDataSource       : HikariPool-1 - Shutdown completed.
2024-12-27T17:57:30.624+02:00  INFO 13251 --- [Library_Management_System] [restartedMain] c.s.l.LibraryManagementSystemApplication : Starting LibraryManagementSystemApplication using Java 21.0.1 with PID 13251 (/home/helmi/Projects/Library_Management_System/target/classes started by helmi in /home/helmi/Projects/Library_Management_System)
2024-12-27T17:57:30.625+02:00  INFO 13251 --- [Library_Management_System] [restartedMain] c.s.l.LibraryManagementSystemApplication : No active profile set, falling back to 1 default profile: "default"
2024-12-27T17:57:30.679+02:00  INFO 13251 --- [Library_Management_System] [restartedMain] .e.DevToolsPropertyDefaultsPostProcessor : Devtools property defaults active! Set 'spring.devtools.add-properties' to 'false' to disable
2024-12-27T17:57:30.680+02:00  INFO 13251 --- [Library_Management_System] [restartedMain] .e.DevToolsPropertyDefaultsPostProcessor : For additional web related logging consider setting the 'logging.level.web' property to 'DEBUG'
2024-12-27T17:57:31.179+02:00  INFO 13251 --- [Library_Management_System] [restartedMain] .s.d.r.c.RepositoryConfigurationDelegate : Bootstrapping Spring Data JPA repositories in DEFAULT mode.
2024-12-27T17:57:31.211+02:00  INFO 13251 --- [Library_Management_System] [restartedMain] .s.d.r.c.RepositoryConfigurationDelegate : Finished Spring Data repository scanning in 28 ms. Found 3 JPA repository interfaces.
2024-12-27T17:57:31.878+02:00  INFO 13251 --- [Library_Management_System] [restartedMain] o.s.b.w.embedded.tomcat.TomcatWebServer  : Tomcat initialized with port 8080 (http)
2024-12-27T17:57:31.884+02:00  INFO 13251 --- [Library_Management_System] [restartedMain] o.apache.catalina.core.StandardService   : Starting service [Tomcat]
2024-12-27T17:57:31.884+02:00  INFO 13251 --- [Library_Management_System] [restartedMain] o.apache.catalina.core.StandardEngine    : Starting Servlet engine: [Apache Tomcat/10.1.26]
2024-12-27T17:57:31.902+02:00  INFO 13251 --- [Library_Management_System] [restartedMain] o.a.c.c.C.[Tomcat].[localhost].[/]       : Initializing Spring embedded WebApplicationContext
2024-12-27T17:57:31.902+02:00  INFO 13251 --- [Library_Management_System] [restartedMain] w.s.c.ServletWebServerApplicationContext : Root WebApplicationContext: initialization completed in 1220 ms
2024-12-27T17:57:32.020+02:00  INFO 13251 --- [Library_Management_System] [restartedMain] o.hibernate.jpa.internal.util.LogHelper  : HHH000204: Processing PersistenceUnitInfo [name: default]
2024-12-27T17:57:32.049+02:00  INFO 13251 --- [Library_Management_System] [restartedMain] org.hibernate.Version                    : HHH000412: Hibernate ORM core version 6.5.2.Final
2024-12-27T17:57:32.082+02:00  INFO 13251 --- [Library_Management_System] [restartedMain] o.h.c.internal.RegionFactoryInitiator    : HHH000026: Second-level cache disabled
2024-12-27T17:57:32.257+02:00  INFO 13251 --- [Library_Management_System] [restartedMain] o.s.o.j.p.SpringPersistenceUnitInfo      : No LoadTimeWeaver setup: ignoring JPA class transformer
2024-12-27T17:57:32.269+02:00  INFO 13251 --- [Library_Management_System] [restartedMain] com.zaxxer.hikari.HikariDataSource       : HikariPool-1 - Starting...
2024-12-27T17:57:32.454+02:00  INFO 13251 --- [Library_Management_System] [restartedMain] com.zaxxer.hikari.pool.HikariPool        : HikariPool-1 - Added connection com.mysql.cj.jdbc.ConnectionImpl@48fc47a1
2024-12-27T17:57:32.455+02:00  INFO 13251 --- [Library_Management_System] [restartedMain] com.zaxxer.hikari.HikariDataSource       : HikariPool-1 - Start completed.
2024-12-27T17:57:33.208+02:00  INFO 13251 --- [Library_Management_System] [restartedMain] o.h.e.t.j.p.i.JtaPlatformInitiator       : HHH000489: No JTA platform available (set 'hibernate.transaction.jta.platform' to enable JTA platform integration)
2024-12-27T17:57:33.243+02:00  INFO 13251 --- [Library_Management_System] [restartedMain] j.LocalContainerEntityManagerFactoryBean : Initialized JPA EntityManagerFactory for persistence unit 'default'
2024-12-27T17:57:33.455+02:00  INFO 13251 --- [Library_Management_System] [restartedMain] eAuthenticationProviderManagerConfigurer : Global AuthenticationManager configured with AuthenticationProvider bean with name authProvider
2024-12-27T17:57:33.456+02:00  WARN 13251 --- [Library_Management_System] [restartedMain] r$InitializeUserDetailsManagerConfigurer : Global AuthenticationManager configured with an AuthenticationProvider bean. UserDetailsService beans will not be used for username/password login. Consider removing the AuthenticationProvider bean. Alternatively, consider using the UserDetailsService in a manually instantiated DaoAuthenticationProvider.
2024-12-27T17:57:33.545+02:00  INFO 13251 --- [Library_Management_System] [restartedMain] o.s.d.j.r.query.QueryEnhancerFactory     : Hibernate is in classpath; If applicable, HQL parser will be used.
2024-12-27T17:57:33.901+02:00  WARN 13251 --- [Library_Management_System] [restartedMain] JpaBaseConfiguration$JpaWebConfiguration : spring.jpa.open-in-view is enabled by default. Therefore, database queries may be performed during view rendering. Explicitly configure spring.jpa.open-in-view to disable this warning
2024-12-27T17:57:34.606+02:00  INFO 13251 --- [Library_Management_System] [restartedMain] o.s.b.d.a.OptionalLiveReloadServer       : LiveReload server is running on port 35729
2024-12-27T17:57:34.645+02:00  INFO 13251 --- [Library_Management_System] [restartedMain] o.s.b.w.embedded.tomcat.TomcatWebServer  : Tomcat started on port 8080 (http) with context path '/'
2024-12-27T17:57:34.651+02:00  INFO 13251 --- [Library_Management_System] [restartedMain] c.s.l.LibraryManagementSystemApplication : Started LibraryManagementSystemApplication in 4.553 seconds (process running for 5.344)
2024-12-27T17:57:40.556+02:00  INFO 13251 --- [Library_Management_System] [http-nio-8080-exec-2] o.a.c.c.C.[Tomcat].[localhost].[/]       : Initializing Spring DispatcherServlet 'dispatcherServlet'
2024-12-27T17:57:40.556+02:00  INFO 13251 --- [Library_Management_System] [http-nio-8080-exec-2] o.s.web.servlet.DispatcherServlet        : Initializing Servlet 'dispatcherServlet'
2024-12-27T17:57:40.557+02:00  INFO 13251 --- [Library_Management_System] [http-nio-8080-exec-2] o.s.web.servlet.DispatcherServlet        : Completed initialization in 1 ms
2024-12-27T17:58:23.946+02:00  INFO 13251 --- [Library_Management_System] [SpringApplicationShutdownHook] j.LocalContainerEntityManagerFactoryBean : Closing JPA EntityManagerFactory for persistence unit 'default'
2024-12-27T17:58:23.948+02:00  INFO 13251 --- [Library_Management_System] [SpringApplicationShutdownHook] com.zaxxer.hikari.HikariDataSource       : HikariPool-1 - Shutdown initiated...
2024-12-27T17:58:23.953+02:00  INFO 13251 --- [Library_Management_System] [SpringApplicationShutdownHook] com.zaxxer.hikari.HikariDataSource       : HikariPool-1 - Shutdown completed.
2024-12-27T17:58:27.934+02:00  INFO 13457 --- [Library_Management_System] [restartedMain] c.s.l.LibraryManagementSystemApplication : Starting LibraryManagementSystemApplication using Java 21.0.1 with PID 13457 (/home/helmi/Projects/Library_Management_System/target/classes started by helmi in /home/helmi/Projects/Library_Management_System)
2024-12-27T17:58:27.935+02:00  INFO 13457 --- [Library_Management_System] [restartedMain] c.s.l.LibraryManagementSystemApplication : No active profile set, falling back to 1 default profile: "default"
2024-12-27T17:58:27.988+02:00  INFO 13457 --- [Library_Management_System] [restartedMain] .e.DevToolsPropertyDefaultsPostProcessor : Devtools property defaults active! Set 'spring.devtools.add-properties' to 'false' to disable
2024-12-27T17:58:27.989+02:00  INFO 13457 --- [Library_Management_System] [restartedMain] .e.DevToolsPropertyDefaultsPostProcessor : For additional web related logging consider setting the 'logging.level.web' property to 'DEBUG'
2024-12-27T17:58:28.681+02:00  INFO 13457 --- [Library_Management_System] [restartedMain] .s.d.r.c.RepositoryConfigurationDelegate : Bootstrapping Spring Data JPA repositories in DEFAULT mode.
2024-12-27T17:58:28.733+02:00  INFO 13457 --- [Library_Management_System] [restartedMain] .s.d.r.c.RepositoryConfigurationDelegate : Finished Spring Data repository scanning in 48 ms. Found 3 JPA repository interfaces.
2024-12-27T17:58:29.380+02:00  INFO 13457 --- [Library_Management_System] [restartedMain] o.s.b.w.embedded.tomcat.TomcatWebServer  : Tomcat initialized with port 8080 (http)
2024-12-27T17:58:29.405+02:00  INFO 13457 --- [Library_Management_System] [restartedMain] o.apache.catalina.core.StandardService   : Starting service [Tomcat]
2024-12-27T17:58:29.406+02:00  INFO 13457 --- [Library_Management_System] [restartedMain] o.apache.catalina.core.StandardEngine    : Starting Servlet engine: [Apache Tomcat/10.1.26]
2024-12-27T17:58:29.455+02:00  INFO 13457 --- [Library_Management_System] [restartedMain] o.a.c.c.C.[Tomcat].[localhost].[/]       : Initializing Spring embedded WebApplicationContext
2024-12-27T17:58:29.456+02:00  INFO 13457 --- [Library_Management_System] [restartedMain] w.s.c.ServletWebServerApplicationContext : Root WebApplicationContext: initialization completed in 1467 ms
2024-12-27T17:58:29.623+02:00  INFO 13457 --- [Library_Management_System] [restartedMain] o.hibernate.jpa.internal.util.LogHelper  : HHH000204: Processing PersistenceUnitInfo [name: default]
2024-12-27T17:58:29.653+02:00  INFO 13457 --- [Library_Management_System] [restartedMain] org.hibernate.Version                    : HHH000412: Hibernate ORM core version 6.5.2.Final
2024-12-27T17:58:29.668+02:00  INFO 13457 --- [Library_Management_System] [restartedMain] o.h.c.internal.RegionFactoryInitiator    : HHH000026: Second-level cache disabled
2024-12-27T17:58:29.858+02:00  INFO 13457 --- [Library_Management_System] [restartedMain] o.s.o.j.p.SpringPersistenceUnitInfo      : No LoadTimeWeaver setup: ignoring JPA class transformer
2024-12-27T17:58:29.872+02:00  INFO 13457 --- [Library_Management_System] [restartedMain] com.zaxxer.hikari.HikariDataSource       : HikariPool-1 - Starting...
2024-12-27T17:58:30.112+02:00  INFO 13457 --- [Library_Management_System] [restartedMain] com.zaxxer.hikari.pool.HikariPool        : HikariPool-1 - Added connection com.mysql.cj.jdbc.ConnectionImpl@20c1866b
2024-12-27T17:58:30.114+02:00  INFO 13457 --- [Library_Management_System] [restartedMain] com.zaxxer.hikari.HikariDataSource       : HikariPool-1 - Start completed.
2024-12-27T17:58:30.932+02:00  INFO 13457 --- [Library_Management_System] [restartedMain] o.h.e.t.j.p.i.JtaPlatformInitiator       : HHH000489: No JTA platform available (set 'hibernate.transaction.jta.platform' to enable JTA platform integration)
2024-12-27T17:58:30.986+02:00  INFO 13457 --- [Library_Management_System] [restartedMain] j.LocalContainerEntityManagerFactoryBean : Initialized JPA EntityManagerFactory for persistence unit 'default'
2024-12-27T17:58:31.188+02:00  INFO 13457 --- [Library_Management_System] [restartedMain] eAuthenticationProviderManagerConfigurer : Global AuthenticationManager configured with AuthenticationProvider bean with name authProvider
2024-12-27T17:58:31.189+02:00  WARN 13457 --- [Library_Management_System] [restartedMain] r$InitializeUserDetailsManagerConfigurer : Global AuthenticationManager configured with an AuthenticationProvider bean. UserDetailsService beans will not be used for username/password login. Consider removing the AuthenticationProvider bean. Alternatively, consider using the UserDetailsService in a manually instantiated DaoAuthenticationProvider.
2024-12-27T17:58:31.296+02:00  INFO 13457 --- [Library_Management_System] [restartedMain] o.s.d.j.r.query.QueryEnhancerFactory     : Hibernate is in classpath; If applicable, HQL parser will be used.
2024-12-27T17:58:31.569+02:00  WARN 13457 --- [Library_Management_System] [restartedMain] JpaBaseConfiguration$JpaWebConfiguration : spring.jpa.open-in-view is enabled by default. Therefore, database queries may be performed during view rendering. Explicitly configure spring.jpa.open-in-view to disable this warning
2024-12-27T17:58:32.065+02:00  INFO 13457 --- [Library_Management_System] [restartedMain] o.s.b.d.a.OptionalLiveReloadServer       : LiveReload server is running on port 35729
2024-12-27T17:58:32.084+02:00  INFO 13457 --- [Library_Management_System] [restartedMain] o.s.b.w.embedded.tomcat.TomcatWebServer  : Tomcat started on port 8080 (http) with context path '/'
2024-12-27T17:58:32.089+02:00  INFO 13457 --- [Library_Management_System] [restartedMain] c.s.l.LibraryManagementSystemApplication : Started LibraryManagementSystemApplication in 4.661 seconds (process running for 5.554)
2024-12-27T17:58:36.756+02:00  INFO 13457 --- [Library_Management_System] [http-nio-8080-exec-3] o.a.c.c.C.[Tomcat].[localhost].[/]       : Initializing Spring DispatcherServlet 'dispatcherServlet'
2024-12-27T17:58:36.757+02:00  INFO 13457 --- [Library_Management_System] [http-nio-8080-exec-3] o.s.web.servlet.DispatcherServlet        : Initializing Servlet 'dispatcherServlet'
2024-12-27T17:58:36.758+02:00  INFO 13457 --- [Library_Management_System] [http-nio-8080-exec-3] o.s.web.servlet.DispatcherServlet        : Completed initialization in 1 ms
2024-12-27T18:35:26.600+02:00  INFO 13457 --- [Library_Management_System] [SpringApplicationShutdownHook] j.LocalContainerEntityManagerFactoryBean : Closing JPA EntityManagerFactory for persistence unit 'default'
2024-12-27T18:35:26.602+02:00  INFO 13457 --- [Library_Management_System] [SpringApplicationShutdownHook] com.zaxxer.hikari.HikariDataSource       : HikariPool-1 - Shutdown initiated...
2024-12-27T18:35:26.607+02:00  INFO 13457 --- [Library_Management_System] [SpringApplicationShutdownHook] com.zaxxer.hikari.HikariDataSource       : HikariPool-1 - Shutdown completed.
2024-12-27T18:35:29.084+02:00  INFO 14567 --- [Library_Management_System] [restartedMain] c.s.l.LibraryManagementSystemApplication : Starting LibraryManagementSystemApplication using Java 21.0.1 with PID 14567 (/home/helmi/Projects/Library_Management_System/target/classes started by helmi in /home/helmi/Projects/Library_Management_System)
2024-12-27T18:35:29.085+02:00  INFO 14567 --- [Library_Management_System] [restartedMain] c.s.l.LibraryManagementSystemApplication : No active profile set, falling back to 1 default profile: "default"
2024-12-27T18:35:29.112+02:00  INFO 14567 --- [Library_Management_System] [restartedMain] .e.DevToolsPropertyDefaultsPostProcessor : Devtools property defaults active! Set 'spring.devtools.add-properties' to 'false' to disable
2024-12-27T18:35:29.112+02:00  INFO 14567 --- [Library_Management_System] [restartedMain] .e.DevToolsPropertyDefaultsPostProcessor : For additional web related logging consider setting the 'logging.level.web' property to 'DEBUG'
2024-12-27T18:35:29.527+02:00  INFO 14567 --- [Library_Management_System] [restartedMain] .s.d.r.c.RepositoryConfigurationDelegate : Bootstrapping Spring Data JPA repositories in DEFAULT mode.
2024-12-27T18:35:29.566+02:00  INFO 14567 --- [Library_Management_System] [restartedMain] .s.d.r.c.RepositoryConfigurationDelegate : Finished Spring Data repository scanning in 30 ms. Found 3 JPA repository interfaces.
2024-12-27T18:35:29.981+02:00  INFO 14567 --- [Library_Management_System] [restartedMain] o.s.b.w.embedded.tomcat.TomcatWebServer  : Tomcat initialized with port 8080 (http)
2024-12-27T18:35:29.987+02:00  INFO 14567 --- [Library_Management_System] [restartedMain] o.apache.catalina.core.StandardService   : Starting service [Tomcat]
2024-12-27T18:35:29.987+02:00  INFO 14567 --- [Library_Management_System] [restartedMain] o.apache.catalina.core.StandardEngine    : Starting Servlet engine: [Apache Tomcat/10.1.26]
2024-12-27T18:35:30.007+02:00  INFO 14567 --- [Library_Management_System] [restartedMain] o.a.c.c.C.[Tomcat].[localhost].[/]       : Initializing Spring embedded WebApplicationContext
2024-12-27T18:35:30.007+02:00  INFO 14567 --- [Library_Management_System] [restartedMain] w.s.c.ServletWebServerApplicationContext : Root WebApplicationContext: initialization completed in 894 ms
2024-12-27T18:35:30.133+02:00  INFO 14567 --- [Library_Management_System] [restartedMain] o.hibernate.jpa.internal.util.LogHelper  : HHH000204: Processing PersistenceUnitInfo [name: default]
2024-12-27T18:35:30.158+02:00  INFO 14567 --- [Library_Management_System] [restartedMain] org.hibernate.Version                    : HHH000412: Hibernate ORM core version 6.5.2.Final
2024-12-27T18:35:30.173+02:00  INFO 14567 --- [Library_Management_System] [restartedMain] o.h.c.internal.RegionFactoryInitiator    : HHH000026: Second-level cache disabled
2024-12-27T18:35:30.346+02:00  INFO 14567 --- [Library_Management_System] [restartedMain] o.s.o.j.p.SpringPersistenceUnitInfo      : No LoadTimeWeaver setup: ignoring JPA class transformer
2024-12-27T18:35:30.362+02:00  INFO 14567 --- [Library_Management_System] [restartedMain] com.zaxxer.hikari.HikariDataSource       : HikariPool-1 - Starting...
2024-12-27T18:35:30.555+02:00  INFO 14567 --- [Library_Management_System] [restartedMain] com.zaxxer.hikari.pool.HikariPool        : HikariPool-1 - Added connection com.mysql.cj.jdbc.ConnectionImpl@3c8f77b2
2024-12-27T18:35:30.561+02:00  INFO 14567 --- [Library_Management_System] [restartedMain] com.zaxxer.hikari.HikariDataSource       : HikariPool-1 - Start completed.
2024-12-27T18:35:31.120+02:00  INFO 14567 --- [Library_Management_System] [restartedMain] o.h.e.t.j.p.i.JtaPlatformInitiator       : HHH000489: No JTA platform available (set 'hibernate.transaction.jta.platform' to enable JTA platform integration)
2024-12-27T18:35:31.158+02:00  INFO 14567 --- [Library_Management_System] [restartedMain] j.LocalContainerEntityManagerFactoryBean : Initialized JPA EntityManagerFactory for persistence unit 'default'
2024-12-27T18:35:31.372+02:00  INFO 14567 --- [Library_Management_System] [restartedMain] eAuthenticationProviderManagerConfigurer : Global AuthenticationManager configured with AuthenticationProvider bean with name authProvider
2024-12-27T18:35:31.372+02:00  WARN 14567 --- [Library_Management_System] [restartedMain] r$InitializeUserDetailsManagerConfigurer : Global AuthenticationManager configured with an AuthenticationProvider bean. UserDetailsService beans will not be used for username/password login. Consider removing the AuthenticationProvider bean. Alternatively, consider using the UserDetailsService in a manually instantiated DaoAuthenticationProvider.
2024-12-27T18:35:31.437+02:00  INFO 14567 --- [Library_Management_System] [restartedMain] o.s.d.j.r.query.QueryEnhancerFactory     : Hibernate is in classpath; If applicable, HQL parser will be used.
2024-12-27T18:35:31.676+02:00  WARN 14567 --- [Library_Management_System] [restartedMain] JpaBaseConfiguration$JpaWebConfiguration : spring.jpa.open-in-view is enabled by default. Therefore, database queries may be performed during view rendering. Explicitly configure spring.jpa.open-in-view to disable this warning
2024-12-27T18:35:32.102+02:00  INFO 14567 --- [Library_Management_System] [restartedMain] o.s.b.d.a.OptionalLiveReloadServer       : LiveReload server is running on port 35729
2024-12-27T18:35:32.125+02:00  INFO 14567 --- [Library_Management_System] [restartedMain] o.s.b.w.embedded.tomcat.TomcatWebServer  : Tomcat started on port 8080 (http) with context path '/'
2024-12-27T18:35:32.130+02:00  INFO 14567 --- [Library_Management_System] [restartedMain] c.s.l.LibraryManagementSystemApplication : Started LibraryManagementSystemApplication in 3.291 seconds (process running for 3.674)
2024-12-27T18:36:18.970+02:00  INFO 14567 --- [Library_Management_System] [SpringApplicationShutdownHook] j.LocalContainerEntityManagerFactoryBean : Closing JPA EntityManagerFactory for persistence unit 'default'
2024-12-27T18:36:18.972+02:00  INFO 14567 --- [Library_Management_System] [SpringApplicationShutdownHook] com.zaxxer.hikari.HikariDataSource       : HikariPool-1 - Shutdown initiated...
2024-12-27T18:36:18.976+02:00  INFO 14567 --- [Library_Management_System] [SpringApplicationShutdownHook] com.zaxxer.hikari.HikariDataSource       : HikariPool-1 - Shutdown completed.
2024-12-27T18:36:21.050+02:00  INFO 14813 --- [Library_Management_System] [restartedMain] c.s.l.LibraryManagementSystemApplication : Starting LibraryManagementSystemApplication using Java 21.0.1 with PID 14813 (/home/helmi/Projects/Library_Management_System/target/classes started by helmi in /home/helmi/Projects/Library_Management_System)
2024-12-27T18:36:21.051+02:00  INFO 14813 --- [Library_Management_System] [restartedMain] c.s.l.LibraryManagementSystemApplication : No active profile set, falling back to 1 default profile: "default"
2024-12-27T18:36:21.078+02:00  INFO 14813 --- [Library_Management_System] [restartedMain] .e.DevToolsPropertyDefaultsPostProcessor : Devtools property defaults active! Set 'spring.devtools.add-properties' to 'false' to disable
2024-12-27T18:36:21.078+02:00  INFO 14813 --- [Library_Management_System] [restartedMain] .e.DevToolsPropertyDefaultsPostProcessor : For additional web related logging consider setting the 'logging.level.web' property to 'DEBUG'
2024-12-27T18:36:21.514+02:00  INFO 14813 --- [Library_Management_System] [restartedMain] .s.d.r.c.RepositoryConfigurationDelegate : Bootstrapping Spring Data JPA repositories in DEFAULT mode.
2024-12-27T18:36:21.546+02:00  INFO 14813 --- [Library_Management_System] [restartedMain] .s.d.r.c.RepositoryConfigurationDelegate : Finished Spring Data repository scanning in 27 ms. Found 3 JPA repository interfaces.
2024-12-27T18:36:21.994+02:00  INFO 14813 --- [Library_Management_System] [restartedMain] o.s.b.w.embedded.tomcat.TomcatWebServer  : Tomcat initialized with port 8080 (http)
2024-12-27T18:36:22.001+02:00  INFO 14813 --- [Library_Management_System] [restartedMain] o.apache.catalina.core.StandardService   : Starting service [Tomcat]
2024-12-27T18:36:22.001+02:00  INFO 14813 --- [Library_Management_System] [restartedMain] o.apache.catalina.core.StandardEngine    : Starting Servlet engine: [Apache Tomcat/10.1.26]
2024-12-27T18:36:22.023+02:00  INFO 14813 --- [Library_Management_System] [restartedMain] o.a.c.c.C.[Tomcat].[localhost].[/]       : Initializing Spring embedded WebApplicationContext
2024-12-27T18:36:22.023+02:00  INFO 14813 --- [Library_Management_System] [restartedMain] w.s.c.ServletWebServerApplicationContext : Root WebApplicationContext: initialization completed in 944 ms
2024-12-27T18:36:22.166+02:00  INFO 14813 --- [Library_Management_System] [restartedMain] o.hibernate.jpa.internal.util.LogHelper  : HHH000204: Processing PersistenceUnitInfo [name: default]
2024-12-27T18:36:22.194+02:00  INFO 14813 --- [Library_Management_System] [restartedMain] org.hibernate.Version                    : HHH000412: Hibernate ORM core version 6.5.2.Final
2024-12-27T18:36:22.214+02:00  INFO 14813 --- [Library_Management_System] [restartedMain] o.h.c.internal.RegionFactoryInitiator    : HHH000026: Second-level cache disabled
2024-12-27T18:36:22.384+02:00  INFO 14813 --- [Library_Management_System] [restartedMain] o.s.o.j.p.SpringPersistenceUnitInfo      : No LoadTimeWeaver setup: ignoring JPA class transformer
2024-12-27T18:36:22.398+02:00  INFO 14813 --- [Library_Management_System] [restartedMain] com.zaxxer.hikari.HikariDataSource       : HikariPool-1 - Starting...
2024-12-27T18:36:22.611+02:00  INFO 14813 --- [Library_Management_System] [restartedMain] com.zaxxer.hikari.pool.HikariPool        : HikariPool-1 - Added connection com.mysql.cj.jdbc.ConnectionImpl@3c3d434c
2024-12-27T18:36:22.612+02:00  INFO 14813 --- [Library_Management_System] [restartedMain] com.zaxxer.hikari.HikariDataSource       : HikariPool-1 - Start completed.
2024-12-27T18:36:23.179+02:00  INFO 14813 --- [Library_Management_System] [restartedMain] o.h.e.t.j.p.i.JtaPlatformInitiator       : HHH000489: No JTA platform available (set 'hibernate.transaction.jta.platform' to enable JTA platform integration)
2024-12-27T18:36:23.216+02:00  INFO 14813 --- [Library_Management_System] [restartedMain] j.LocalContainerEntityManagerFactoryBean : Initialized JPA EntityManagerFactory for persistence unit 'default'
2024-12-27T18:36:23.452+02:00  INFO 14813 --- [Library_Management_System] [restartedMain] eAuthenticationProviderManagerConfigurer : Global AuthenticationManager configured with AuthenticationProvider bean with name authProvider
2024-12-27T18:36:23.452+02:00  WARN 14813 --- [Library_Management_System] [restartedMain] r$InitializeUserDetailsManagerConfigurer : Global AuthenticationManager configured with an AuthenticationProvider bean. UserDetailsService beans will not be used for username/password login. Consider removing the AuthenticationProvider bean. Alternatively, consider using the UserDetailsService in a manually instantiated DaoAuthenticationProvider.
2024-12-27T18:36:23.524+02:00  INFO 14813 --- [Library_Management_System] [restartedMain] o.s.d.j.r.query.QueryEnhancerFactory     : Hibernate is in classpath; If applicable, HQL parser will be used.
2024-12-27T18:36:23.787+02:00  WARN 14813 --- [Library_Management_System] [restartedMain] JpaBaseConfiguration$JpaWebConfiguration : spring.jpa.open-in-view is enabled by default. Therefore, database queries may be performed during view rendering. Explicitly configure spring.jpa.open-in-view to disable this warning
2024-12-27T18:36:24.255+02:00  INFO 14813 --- [Library_Management_System] [restartedMain] o.s.b.d.a.OptionalLiveReloadServer       : LiveReload server is running on port 35729
2024-12-27T18:36:24.279+02:00  INFO 14813 --- [Library_Management_System] [restartedMain] o.s.b.w.embedded.tomcat.TomcatWebServer  : Tomcat started on port 8080 (http) with context path '/'
2024-12-27T18:36:24.285+02:00  INFO 14813 --- [Library_Management_System] [restartedMain] c.s.l.LibraryManagementSystemApplication : Started LibraryManagementSystemApplication in 3.487 seconds (process running for 3.877)
2024-12-27T18:36:25.815+02:00  INFO 14813 --- [Library_Management_System] [http-nio-8080-exec-2] o.a.c.c.C.[Tomcat].[localhost].[/]       : Initializing Spring DispatcherServlet 'dispatcherServlet'
2024-12-27T18:36:25.815+02:00  INFO 14813 --- [Library_Management_System] [http-nio-8080-exec-2] o.s.web.servlet.DispatcherServlet        : Initializing Servlet 'dispatcherServlet'
2024-12-27T18:36:25.816+02:00  INFO 14813 --- [Library_Management_System] [http-nio-8080-exec-2] o.s.web.servlet.DispatcherServlet        : Completed initialization in 1 ms
2024-12-27T18:37:23.916+02:00  INFO 14813 --- [Library_Management_System] [SpringApplicationShutdownHook] j.LocalContainerEntityManagerFactoryBean : Closing JPA EntityManagerFactory for persistence unit 'default'
2024-12-27T18:37:23.919+02:00  INFO 14813 --- [Library_Management_System] [SpringApplicationShutdownHook] com.zaxxer.hikari.HikariDataSource       : HikariPool-1 - Shutdown initiated...
2024-12-27T18:37:23.923+02:00  INFO 14813 --- [Library_Management_System] [SpringApplicationShutdownHook] com.zaxxer.hikari.HikariDataSource       : HikariPool-1 - Shutdown completed.
2024-12-27T18:37:26.803+02:00  INFO 15060 --- [Library_Management_System] [restartedMain] c.s.l.LibraryManagementSystemApplication : Starting LibraryManagementSystemApplication using Java 21.0.1 with PID 15060 (/home/helmi/Projects/Library_Management_System/target/classes started by helmi in /home/helmi/Projects/Library_Management_System)
2024-12-27T18:37:26.805+02:00  INFO 15060 --- [Library_Management_System] [restartedMain] c.s.l.LibraryManagementSystemApplication : No active profile set, falling back to 1 default profile: "default"
2024-12-27T18:37:26.831+02:00  INFO 15060 --- [Library_Management_System] [restartedMain] .e.DevToolsPropertyDefaultsPostProcessor : Devtools property defaults active! Set 'spring.devtools.add-properties' to 'false' to disable
2024-12-27T18:37:26.831+02:00  INFO 15060 --- [Library_Management_System] [restartedMain] .e.DevToolsPropertyDefaultsPostProcessor : For additional web related logging consider setting the 'logging.level.web' property to 'DEBUG'
2024-12-27T18:37:27.246+02:00  INFO 15060 --- [Library_Management_System] [restartedMain] .s.d.r.c.RepositoryConfigurationDelegate : Bootstrapping Spring Data JPA repositories in DEFAULT mode.
2024-12-27T18:37:27.277+02:00  INFO 15060 --- [Library_Management_System] [restartedMain] .s.d.r.c.RepositoryConfigurationDelegate : Finished Spring Data repository scanning in 27 ms. Found 3 JPA repository interfaces.
2024-12-27T18:37:27.679+02:00  INFO 15060 --- [Library_Management_System] [restartedMain] o.s.b.w.embedded.tomcat.TomcatWebServer  : Tomcat initialized with port 8080 (http)
2024-12-27T18:37:27.686+02:00  INFO 15060 --- [Library_Management_System] [restartedMain] o.apache.catalina.core.StandardService   : Starting service [Tomcat]
2024-12-27T18:37:27.686+02:00  INFO 15060 --- [Library_Management_System] [restartedMain] o.apache.catalina.core.StandardEngine    : Starting Servlet engine: [Apache Tomcat/10.1.26]
2024-12-27T18:37:27.706+02:00  INFO 15060 --- [Library_Management_System] [restartedMain] o.a.c.c.C.[Tomcat].[localhost].[/]       : Initializing Spring embedded WebApplicationContext
2024-12-27T18:37:27.706+02:00  INFO 15060 --- [Library_Management_System] [restartedMain] w.s.c.ServletWebServerApplicationContext : Root WebApplicationContext: initialization completed in 874 ms
2024-12-27T18:37:27.828+02:00  INFO 15060 --- [Library_Management_System] [restartedMain] o.hibernate.jpa.internal.util.LogHelper  : HHH000204: Processing PersistenceUnitInfo [name: default]
2024-12-27T18:37:27.857+02:00  INFO 15060 --- [Library_Management_System] [restartedMain] org.hibernate.Version                    : HHH000412: Hibernate ORM core version 6.5.2.Final
2024-12-27T18:37:27.872+02:00  INFO 15060 --- [Library_Management_System] [restartedMain] o.h.c.internal.RegionFactoryInitiator    : HHH000026: Second-level cache disabled
2024-12-27T18:37:28.039+02:00  INFO 15060 --- [Library_Management_System] [restartedMain] o.s.o.j.p.SpringPersistenceUnitInfo      : No LoadTimeWeaver setup: ignoring JPA class transformer
2024-12-27T18:37:28.052+02:00  INFO 15060 --- [Library_Management_System] [restartedMain] com.zaxxer.hikari.HikariDataSource       : HikariPool-1 - Starting...
2024-12-27T18:37:28.229+02:00  INFO 15060 --- [Library_Management_System] [restartedMain] com.zaxxer.hikari.pool.HikariPool        : HikariPool-1 - Added connection com.mysql.cj.jdbc.ConnectionImpl@436e9b58
2024-12-27T18:37:28.230+02:00  INFO 15060 --- [Library_Management_System] [restartedMain] com.zaxxer.hikari.HikariDataSource       : HikariPool-1 - Start completed.
2024-12-27T18:37:28.787+02:00  INFO 15060 --- [Library_Management_System] [restartedMain] o.h.e.t.j.p.i.JtaPlatformInitiator       : HHH000489: No JTA platform available (set 'hibernate.transaction.jta.platform' to enable JTA platform integration)
2024-12-27T18:37:28.824+02:00  INFO 15060 --- [Library_Management_System] [restartedMain] j.LocalContainerEntityManagerFactoryBean : Initialized JPA EntityManagerFactory for persistence unit 'default'
2024-12-27T18:37:29.026+02:00  INFO 15060 --- [Library_Management_System] [restartedMain] eAuthenticationProviderManagerConfigurer : Global AuthenticationManager configured with AuthenticationProvider bean with name authProvider
2024-12-27T18:37:29.027+02:00  WARN 15060 --- [Library_Management_System] [restartedMain] r$InitializeUserDetailsManagerConfigurer : Global AuthenticationManager configured with an AuthenticationProvider bean. UserDetailsService beans will not be used for username/password login. Consider removing the AuthenticationProvider bean. Alternatively, consider using the UserDetailsService in a manually instantiated DaoAuthenticationProvider.
2024-12-27T18:37:29.083+02:00  INFO 15060 --- [Library_Management_System] [restartedMain] o.s.d.j.r.query.QueryEnhancerFactory     : Hibernate is in classpath; If applicable, HQL parser will be used.
2024-12-27T18:37:29.328+02:00  WARN 15060 --- [Library_Management_System] [restartedMain] JpaBaseConfiguration$JpaWebConfiguration : spring.jpa.open-in-view is enabled by default. Therefore, database queries may be performed during view rendering. Explicitly configure spring.jpa.open-in-view to disable this warning
2024-12-27T18:37:29.722+02:00  INFO 15060 --- [Library_Management_System] [restartedMain] o.s.b.d.a.OptionalLiveReloadServer       : LiveReload server is running on port 35729
2024-12-27T18:37:29.742+02:00  INFO 15060 --- [Library_Management_System] [restartedMain] o.s.b.w.embedded.tomcat.TomcatWebServer  : Tomcat started on port 8080 (http) with context path '/'
2024-12-27T18:37:29.748+02:00  INFO 15060 --- [Library_Management_System] [restartedMain] c.s.l.LibraryManagementSystemApplication : Started LibraryManagementSystemApplication in 3.194 seconds (process running for 3.589)
2024-12-27T18:37:42.524+02:00  INFO 15060 --- [Library_Management_System] [http-nio-8080-exec-2] o.a.c.c.C.[Tomcat].[localhost].[/]       : Initializing Spring DispatcherServlet 'dispatcherServlet'
2024-12-27T18:37:42.524+02:00  INFO 15060 --- [Library_Management_System] [http-nio-8080-exec-2] o.s.web.servlet.DispatcherServlet        : Initializing Servlet 'dispatcherServlet'
2024-12-27T18:37:42.525+02:00  INFO 15060 --- [Library_Management_System] [http-nio-8080-exec-2] o.s.web.servlet.DispatcherServlet        : Completed initialization in 1 ms
2024-12-27T18:38:01.525+02:00 ERROR 15060 --- [Library_Management_System] [http-nio-8080-exec-4] o.a.c.c.C.[.[.[/].[dispatcherServlet]    : Servlet.service() for servlet [dispatcherServlet] in context with path [] threw exception

io.jsonwebtoken.security.SignatureException: JWT signature does not match locally computed signature. JWT validity cannot be asserted and should not be trusted.
	at io.jsonwebtoken.impl.DefaultJwtParser.verifySignature(DefaultJwtParser.java:340) ~[jjwt-impl-0.12.6.jar:0.12.6]
	at io.jsonwebtoken.impl.DefaultJwtParser.parse(DefaultJwtParser.java:579) ~[jjwt-impl-0.12.6.jar:0.12.6]
	at io.jsonwebtoken.impl.DefaultJwtParser.parse(DefaultJwtParser.java:364) ~[jjwt-impl-0.12.6.jar:0.12.6]
	at io.jsonwebtoken.impl.DefaultJwtParser.parse(DefaultJwtParser.java:94) ~[jjwt-impl-0.12.6.jar:0.12.6]
	at io.jsonwebtoken.impl.io.AbstractParser.parse(AbstractParser.java:36) ~[jjwt-impl-0.12.6.jar:0.12.6]
	at io.jsonwebtoken.impl.io.AbstractParser.parse(AbstractParser.java:29) ~[jjwt-impl-0.12.6.jar:0.12.6]
	at io.jsonwebtoken.impl.DefaultJwtParser.parseSignedClaims(DefaultJwtParser.java:830) ~[jjwt-impl-0.12.6.jar:0.12.6]
	at com.spring.library_management_system.service.JwtService.extractAllClaims(JwtService.java:52) ~[classes/:na]
	at com.spring.library_management_system.service.JwtService.extractClaim(JwtService.java:45) ~[classes/:na]
	at com.spring.library_management_system.service.JwtService.extractUserName(JwtService.java:41) ~[classes/:na]
	at com.spring.library_management_system.config.JwtAuthenticationFilter.doFilterInternal(JwtAuthenticationFilter.java:36) ~[classes/:na]
	at org.springframework.web.filter.OncePerRequestFilter.doFilter(OncePerRequestFilter.java:116) ~[spring-web-6.1.11.jar:6.1.11]
	at org.springframework.security.web.FilterChainProxy$VirtualFilterChain.doFilter(FilterChainProxy.java:374) ~[spring-security-web-6.3.1.jar:6.3.1]
	at org.springframework.security.web.authentication.logout.LogoutFilter.doFilter(LogoutFilter.java:107) ~[spring-security-web-6.3.1.jar:6.3.1]
	at org.springframework.security.web.authentication.logout.LogoutFilter.doFilter(LogoutFilter.java:93) ~[spring-security-web-6.3.1.jar:6.3.1]
	at org.springframework.security.web.FilterChainProxy$VirtualFilterChain.doFilter(FilterChainProxy.java:374) ~[spring-security-web-6.3.1.jar:6.3.1]
	at org.springframework.web.filter.CorsFilter.doFilterInternal(CorsFilter.java:91) ~[spring-web-6.1.11.jar:6.1.11]
	at org.springframework.web.filter.OncePerRequestFilter.doFilter(OncePerRequestFilter.java:116) ~[spring-web-6.1.11.jar:6.1.11]
	at org.springframework.security.web.FilterChainProxy$VirtualFilterChain.doFilter(FilterChainProxy.java:374) ~[spring-security-web-6.3.1.jar:6.3.1]
	at org.springframework.security.web.header.HeaderWriterFilter.doHeadersAfter(HeaderWriterFilter.java:90) ~[spring-security-web-6.3.1.jar:6.3.1]
	at org.springframework.security.web.header.HeaderWriterFilter.doFilterInternal(HeaderWriterFilter.java:75) ~[spring-security-web-6.3.1.jar:6.3.1]
	at org.springframework.web.filter.OncePerRequestFilter.doFilter(OncePerRequestFilter.java:116) ~[spring-web-6.1.11.jar:6.1.11]
	at org.springframework.security.web.FilterChainProxy$VirtualFilterChain.doFilter(FilterChainProxy.java:374) ~[spring-security-web-6.3.1.jar:6.3.1]
	at org.springframework.security.web.context.SecurityContextHolderFilter.doFilter(SecurityContextHolderFilter.java:82) ~[spring-security-web-6.3.1.jar:6.3.1]
	at org.springframework.security.web.context.SecurityContextHolderFilter.doFilter(SecurityContextHolderFilter.java:69) ~[spring-security-web-6.3.1.jar:6.3.1]
	at org.springframework.security.web.FilterChainProxy$VirtualFilterChain.doFilter(FilterChainProxy.java:374) ~[spring-security-web-6.3.1.jar:6.3.1]
	at org.springframework.security.web.context.request.async.WebAsyncManagerIntegrationFilter.doFilterInternal(WebAsyncManagerIntegrationFilter.java:62) ~[spring-security-web-6.3.1.jar:6.3.1]
	at org.springframework.web.filter.OncePerRequestFilter.doFilter(OncePerRequestFilter.java:116) ~[spring-web-6.1.11.jar:6.1.11]
	at org.springframework.security.web.FilterChainProxy$VirtualFilterChain.doFilter(FilterChainProxy.java:374) ~[spring-security-web-6.3.1.jar:6.3.1]
	at org.springframework.security.web.session.DisableEncodeUrlFilter.doFilterInternal(DisableEncodeUrlFilter.java:42) ~[spring-security-web-6.3.1.jar:6.3.1]
	at org.springframework.web.filter.OncePerRequestFilter.doFilter(OncePerRequestFilter.java:116) ~[spring-web-6.1.11.jar:6.1.11]
	at org.springframework.security.web.FilterChainProxy$VirtualFilterChain.doFilter(FilterChainProxy.java:374) ~[spring-security-web-6.3.1.jar:6.3.1]
	at org.springframework.security.web.FilterChainProxy.doFilterInternal(FilterChainProxy.java:233) ~[spring-security-web-6.3.1.jar:6.3.1]
	at org.springframework.security.web.FilterChainProxy.doFilter(FilterChainProxy.java:191) ~[spring-security-web-6.3.1.jar:6.3.1]
	at org.springframework.web.filter.CompositeFilter$VirtualFilterChain.doFilter(CompositeFilter.java:113) ~[spring-web-6.1.11.jar:6.1.11]
	at org.springframework.web.servlet.handler.HandlerMappingIntrospector.lambda$createCacheFilter$3(HandlerMappingIntrospector.java:195) ~[spring-webmvc-6.1.11.jar:6.1.11]
	at org.springframework.web.filter.CompositeFilter$VirtualFilterChain.doFilter(CompositeFilter.java:113) ~[spring-web-6.1.11.jar:6.1.11]
	at org.springframework.web.filter.CompositeFilter.doFilter(CompositeFilter.java:74) ~[spring-web-6.1.11.jar:6.1.11]
	at org.springframework.security.config.annotation.web.configuration.WebMvcSecurityConfiguration$CompositeFilterChainProxy.doFilter(WebMvcSecurityConfiguration.java:230) ~[spring-security-config-6.3.1.jar:6.3.1]
	at org.springframework.web.filter.DelegatingFilterProxy.invokeDelegate(DelegatingFilterProxy.java:352) ~[spring-web-6.1.11.jar:6.1.11]
	at org.springframework.web.filter.DelegatingFilterProxy.doFilter(DelegatingFilterProxy.java:268) ~[spring-web-6.1.11.jar:6.1.11]
	at org.apache.catalina.core.ApplicationFilterChain.internalDoFilter(ApplicationFilterChain.java:164) ~[tomcat-embed-core-10.1.26.jar:10.1.26]
	at org.apache.catalina.core.ApplicationFilterChain.doFilter(ApplicationFilterChain.java:140) ~[tomcat-embed-core-10.1.26.jar:10.1.26]
	at org.springframework.web.filter.RequestContextFilter.doFilterInternal(RequestContextFilter.java:100) ~[spring-web-6.1.11.jar:6.1.11]
	at org.springframework.web.filter.OncePerRequestFilter.doFilter(OncePerRequestFilter.java:116) ~[spring-web-6.1.11.jar:6.1.11]
	at org.apache.catalina.core.ApplicationFilterChain.internalDoFilter(ApplicationFilterChain.java:164) ~[tomcat-embed-core-10.1.26.jar:10.1.26]
	at org.apache.catalina.core.ApplicationFilterChain.doFilter(ApplicationFilterChain.java:140) ~[tomcat-embed-core-10.1.26.jar:10.1.26]
	at org.springframework.web.filter.FormContentFilter.doFilterInternal(FormContentFilter.java:93) ~[spring-web-6.1.11.jar:6.1.11]
	at org.springframework.web.filter.OncePerRequestFilter.doFilter(OncePerRequestFilter.java:116) ~[spring-web-6.1.11.jar:6.1.11]
	at org.apache.catalina.core.ApplicationFilterChain.internalDoFilter(ApplicationFilterChain.java:164) ~[tomcat-embed-core-10.1.26.jar:10.1.26]
	at org.apache.catalina.core.ApplicationFilterChain.doFilter(ApplicationFilterChain.java:140) ~[tomcat-embed-core-10.1.26.jar:10.1.26]
	at org.springframework.web.filter.CharacterEncodingFilter.doFilterInternal(CharacterEncodingFilter.java:201) ~[spring-web-6.1.11.jar:6.1.11]
	at org.springframework.web.filter.OncePerRequestFilter.doFilter(OncePerRequestFilter.java:116) ~[spring-web-6.1.11.jar:6.1.11]
	at org.apache.catalina.core.ApplicationFilterChain.internalDoFilter(ApplicationFilterChain.java:164) ~[tomcat-embed-core-10.1.26.jar:10.1.26]
	at org.apache.catalina.core.ApplicationFilterChain.doFilter(ApplicationFilterChain.java:140) ~[tomcat-embed-core-10.1.26.jar:10.1.26]
	at org.apache.catalina.core.StandardWrapperValve.invoke(StandardWrapperValve.java:167) ~[tomcat-embed-core-10.1.26.jar:10.1.26]
	at org.apache.catalina.core.StandardContextValve.invoke(StandardContextValve.java:90) ~[tomcat-embed-core-10.1.26.jar:10.1.26]
	at org.apache.catalina.authenticator.AuthenticatorBase.invoke(AuthenticatorBase.java:483) ~[tomcat-embed-core-10.1.26.jar:10.1.26]
	at org.apache.catalina.core.StandardHostValve.invoke(StandardHostValve.java:115) ~[tomcat-embed-core-10.1.26.jar:10.1.26]
	at org.apache.catalina.valves.ErrorReportValve.invoke(ErrorReportValve.java:93) ~[tomcat-embed-core-10.1.26.jar:10.1.26]
	at org.apache.catalina.core.StandardEngineValve.invoke(StandardEngineValve.java:74) ~[tomcat-embed-core-10.1.26.jar:10.1.26]
	at org.apache.catalina.connector.CoyoteAdapter.service(CoyoteAdapter.java:344) ~[tomcat-embed-core-10.1.26.jar:10.1.26]
	at org.apache.coyote.http11.Http11Processor.service(Http11Processor.java:389) ~[tomcat-embed-core-10.1.26.jar:10.1.26]
	at org.apache.coyote.AbstractProcessorLight.process(AbstractProcessorLight.java:63) ~[tomcat-embed-core-10.1.26.jar:10.1.26]
	at org.apache.coyote.AbstractProtocol$ConnectionHandler.process(AbstractProtocol.java:904) ~[tomcat-embed-core-10.1.26.jar:10.1.26]
	at org.apache.tomcat.util.net.NioEndpoint$SocketProcessor.doRun(NioEndpoint.java:1741) ~[tomcat-embed-core-10.1.26.jar:10.1.26]
	at org.apache.tomcat.util.net.SocketProcessorBase.run(SocketProcessorBase.java:52) ~[tomcat-embed-core-10.1.26.jar:10.1.26]
	at org.apache.tomcat.util.threads.ThreadPoolExecutor.runWorker(ThreadPoolExecutor.java:1190) ~[tomcat-embed-core-10.1.26.jar:10.1.26]
	at org.apache.tomcat.util.threads.ThreadPoolExecutor$Worker.run(ThreadPoolExecutor.java:659) ~[tomcat-embed-core-10.1.26.jar:10.1.26]
	at org.apache.tomcat.util.threads.TaskThread$WrappingRunnable.run(TaskThread.java:63) ~[tomcat-embed-core-10.1.26.jar:10.1.26]
	at java.base/java.lang.Thread.run(Thread.java:1583) ~[na:na]

2024-12-27T18:45:39.657+02:00  INFO 15060 --- [Library_Management_System] [SpringApplicationShutdownHook] j.LocalContainerEntityManagerFactoryBean : Closing JPA EntityManagerFactory for persistence unit 'default'
2024-12-27T18:45:39.659+02:00  INFO 15060 --- [Library_Management_System] [SpringApplicationShutdownHook] com.zaxxer.hikari.HikariDataSource       : HikariPool-1 - Shutdown initiated...
2024-12-27T18:45:39.663+02:00  INFO 15060 --- [Library_Management_System] [SpringApplicationShutdownHook] com.zaxxer.hikari.HikariDataSource       : HikariPool-1 - Shutdown completed.
2024-12-27T18:45:41.780+02:00  INFO 15503 --- [Library_Management_System] [restartedMain] c.s.l.LibraryManagementSystemApplication : Starting LibraryManagementSystemApplication using Java 21.0.1 with PID 15503 (/home/helmi/Projects/Library_Management_System/target/classes started by helmi in /home/helmi/Projects/Library_Management_System)
2024-12-27T18:45:41.781+02:00  INFO 15503 --- [Library_Management_System] [restartedMain] c.s.l.LibraryManagementSystemApplication : No active profile set, falling back to 1 default profile: "default"
2024-12-27T18:45:41.810+02:00  INFO 15503 --- [Library_Management_System] [restartedMain] .e.DevToolsPropertyDefaultsPostProcessor : Devtools property defaults active! Set 'spring.devtools.add-properties' to 'false' to disable
2024-12-27T18:45:41.810+02:00  INFO 15503 --- [Library_Management_System] [restartedMain] .e.DevToolsPropertyDefaultsPostProcessor : For additional web related logging consider setting the 'logging.level.web' property to 'DEBUG'
2024-12-27T18:45:42.201+02:00  INFO 15503 --- [Library_Management_System] [restartedMain] .s.d.r.c.RepositoryConfigurationDelegate : Bootstrapping Spring Data JPA repositories in DEFAULT mode.
2024-12-27T18:45:42.239+02:00  INFO 15503 --- [Library_Management_System] [restartedMain] .s.d.r.c.RepositoryConfigurationDelegate : Finished Spring Data repository scanning in 34 ms. Found 3 JPA repository interfaces.
2024-12-27T18:45:42.645+02:00  INFO 15503 --- [Library_Management_System] [restartedMain] o.s.b.w.embedded.tomcat.TomcatWebServer  : Tomcat initialized with port 8080 (http)
2024-12-27T18:45:42.651+02:00  INFO 15503 --- [Library_Management_System] [restartedMain] o.apache.catalina.core.StandardService   : Starting service [Tomcat]
2024-12-27T18:45:42.652+02:00  INFO 15503 --- [Library_Management_System] [restartedMain] o.apache.catalina.core.StandardEngine    : Starting Servlet engine: [Apache Tomcat/10.1.26]
2024-12-27T18:45:42.671+02:00  INFO 15503 --- [Library_Management_System] [restartedMain] o.a.c.c.C.[Tomcat].[localhost].[/]       : Initializing Spring embedded WebApplicationContext
2024-12-27T18:45:42.671+02:00  INFO 15503 --- [Library_Management_System] [restartedMain] w.s.c.ServletWebServerApplicationContext : Root WebApplicationContext: initialization completed in 861 ms
2024-12-27T18:45:42.795+02:00  INFO 15503 --- [Library_Management_System] [restartedMain] o.hibernate.jpa.internal.util.LogHelper  : HHH000204: Processing PersistenceUnitInfo [name: default]
2024-12-27T18:45:42.820+02:00  INFO 15503 --- [Library_Management_System] [restartedMain] org.hibernate.Version                    : HHH000412: Hibernate ORM core version 6.5.2.Final
2024-12-27T18:45:42.835+02:00  INFO 15503 --- [Library_Management_System] [restartedMain] o.h.c.internal.RegionFactoryInitiator    : HHH000026: Second-level cache disabled
2024-12-27T18:45:43.003+02:00  INFO 15503 --- [Library_Management_System] [restartedMain] o.s.o.j.p.SpringPersistenceUnitInfo      : No LoadTimeWeaver setup: ignoring JPA class transformer
2024-12-27T18:45:43.017+02:00  INFO 15503 --- [Library_Management_System] [restartedMain] com.zaxxer.hikari.HikariDataSource       : HikariPool-1 - Starting...
2024-12-27T18:45:43.207+02:00  INFO 15503 --- [Library_Management_System] [restartedMain] com.zaxxer.hikari.pool.HikariPool        : HikariPool-1 - Added connection com.mysql.cj.jdbc.ConnectionImpl@4a6d3eed
2024-12-27T18:45:43.209+02:00  INFO 15503 --- [Library_Management_System] [restartedMain] com.zaxxer.hikari.HikariDataSource       : HikariPool-1 - Start completed.
2024-12-27T18:45:43.809+02:00  INFO 15503 --- [Library_Management_System] [restartedMain] o.h.e.t.j.p.i.JtaPlatformInitiator       : HHH000489: No JTA platform available (set 'hibernate.transaction.jta.platform' to enable JTA platform integration)
2024-12-27T18:45:43.853+02:00  INFO 15503 --- [Library_Management_System] [restartedMain] j.LocalContainerEntityManagerFactoryBean : Initialized JPA EntityManagerFactory for persistence unit 'default'
2024-12-27T18:45:44.066+02:00  INFO 15503 --- [Library_Management_System] [restartedMain] eAuthenticationProviderManagerConfigurer : Global AuthenticationManager configured with AuthenticationProvider bean with name authProvider
2024-12-27T18:45:44.066+02:00  WARN 15503 --- [Library_Management_System] [restartedMain] r$InitializeUserDetailsManagerConfigurer : Global AuthenticationManager configured with an AuthenticationProvider bean. UserDetailsService beans will not be used for username/password login. Consider removing the AuthenticationProvider bean. Alternatively, consider using the UserDetailsService in a manually instantiated DaoAuthenticationProvider.
2024-12-27T18:45:44.124+02:00  INFO 15503 --- [Library_Management_System] [restartedMain] o.s.d.j.r.query.QueryEnhancerFactory     : Hibernate is in classpath; If applicable, HQL parser will be used.
2024-12-27T18:45:44.377+02:00  WARN 15503 --- [Library_Management_System] [restartedMain] JpaBaseConfiguration$JpaWebConfiguration : spring.jpa.open-in-view is enabled by default. Therefore, database queries may be performed during view rendering. Explicitly configure spring.jpa.open-in-view to disable this warning
2024-12-27T18:45:44.785+02:00  INFO 15503 --- [Library_Management_System] [restartedMain] o.s.b.d.a.OptionalLiveReloadServer       : LiveReload server is running on port 35729
2024-12-27T18:45:44.805+02:00  INFO 15503 --- [Library_Management_System] [restartedMain] o.s.b.w.embedded.tomcat.TomcatWebServer  : Tomcat started on port 8080 (http) with context path '/'
2024-12-27T18:45:44.811+02:00  INFO 15503 --- [Library_Management_System] [restartedMain] c.s.l.LibraryManagementSystemApplication : Started LibraryManagementSystemApplication in 3.27 seconds (process running for 3.649)
2024-12-27T18:45:49.888+02:00  INFO 15503 --- [Library_Management_System] [http-nio-8080-exec-2] o.a.c.c.C.[Tomcat].[localhost].[/]       : Initializing Spring DispatcherServlet 'dispatcherServlet'
2024-12-27T18:45:49.888+02:00  INFO 15503 --- [Library_Management_System] [http-nio-8080-exec-2] o.s.web.servlet.DispatcherServlet        : Initializing Servlet 'dispatcherServlet'
2024-12-27T18:45:49.889+02:00  INFO 15503 --- [Library_Management_System] [http-nio-8080-exec-2] o.s.web.servlet.DispatcherServlet        : Completed initialization in 1 ms
2024-12-27T18:45:58.497+02:00  INFO 15503 --- [Library_Management_System] [SpringApplicationShutdownHook] j.LocalContainerEntityManagerFactoryBean : Closing JPA EntityManagerFactory for persistence unit 'default'
2024-12-27T18:45:58.499+02:00  INFO 15503 --- [Library_Management_System] [SpringApplicationShutdownHook] com.zaxxer.hikari.HikariDataSource       : HikariPool-1 - Shutdown initiated...
2024-12-27T18:45:58.504+02:00  INFO 15503 --- [Library_Management_System] [SpringApplicationShutdownHook] com.zaxxer.hikari.HikariDataSource       : HikariPool-1 - Shutdown completed.
2024-12-27T18:46:01.278+02:00  INFO 15718 --- [Library_Management_System] [restartedMain] c.s.l.LibraryManagementSystemApplication : Starting LibraryManagementSystemApplication using Java 21.0.1 with PID 15718 (/home/helmi/Projects/Library_Management_System/target/classes started by helmi in /home/helmi/Projects/Library_Management_System)
2024-12-27T18:46:01.280+02:00  INFO 15718 --- [Library_Management_System] [restartedMain] c.s.l.LibraryManagementSystemApplication : No active profile set, falling back to 1 default profile: "default"
2024-12-27T18:46:01.307+02:00  INFO 15718 --- [Library_Management_System] [restartedMain] .e.DevToolsPropertyDefaultsPostProcessor : Devtools property defaults active! Set 'spring.devtools.add-properties' to 'false' to disable
2024-12-27T18:46:01.307+02:00  INFO 15718 --- [Library_Management_System] [restartedMain] .e.DevToolsPropertyDefaultsPostProcessor : For additional web related logging consider setting the 'logging.level.web' property to 'DEBUG'
2024-12-27T18:46:01.698+02:00  INFO 15718 --- [Library_Management_System] [restartedMain] .s.d.r.c.RepositoryConfigurationDelegate : Bootstrapping Spring Data JPA repositories in DEFAULT mode.
2024-12-27T18:46:01.735+02:00  INFO 15718 --- [Library_Management_System] [restartedMain] .s.d.r.c.RepositoryConfigurationDelegate : Finished Spring Data repository scanning in 32 ms. Found 3 JPA repository interfaces.
2024-12-27T18:46:02.132+02:00  INFO 15718 --- [Library_Management_System] [restartedMain] o.s.b.w.embedded.tomcat.TomcatWebServer  : Tomcat initialized with port 8080 (http)
2024-12-27T18:46:02.138+02:00  INFO 15718 --- [Library_Management_System] [restartedMain] o.apache.catalina.core.StandardService   : Starting service [Tomcat]
2024-12-27T18:46:02.138+02:00  INFO 15718 --- [Library_Management_System] [restartedMain] o.apache.catalina.core.StandardEngine    : Starting Servlet engine: [Apache Tomcat/10.1.26]
2024-12-27T18:46:02.157+02:00  INFO 15718 --- [Library_Management_System] [restartedMain] o.a.c.c.C.[Tomcat].[localhost].[/]       : Initializing Spring embedded WebApplicationContext
2024-12-27T18:46:02.158+02:00  INFO 15718 --- [Library_Management_System] [restartedMain] w.s.c.ServletWebServerApplicationContext : Root WebApplicationContext: initialization completed in 850 ms
2024-12-27T18:46:02.274+02:00  INFO 15718 --- [Library_Management_System] [restartedMain] o.hibernate.jpa.internal.util.LogHelper  : HHH000204: Processing PersistenceUnitInfo [name: default]
2024-12-27T18:46:02.304+02:00  INFO 15718 --- [Library_Management_System] [restartedMain] org.hibernate.Version                    : HHH000412: Hibernate ORM core version 6.5.2.Final
2024-12-27T18:46:02.319+02:00  INFO 15718 --- [Library_Management_System] [restartedMain] o.h.c.internal.RegionFactoryInitiator    : HHH000026: Second-level cache disabled
2024-12-27T18:46:02.481+02:00  INFO 15718 --- [Library_Management_System] [restartedMain] o.s.o.j.p.SpringPersistenceUnitInfo      : No LoadTimeWeaver setup: ignoring JPA class transformer
2024-12-27T18:46:02.494+02:00  INFO 15718 --- [Library_Management_System] [restartedMain] com.zaxxer.hikari.HikariDataSource       : HikariPool-1 - Starting...
2024-12-27T18:46:02.673+02:00  INFO 15718 --- [Library_Management_System] [restartedMain] com.zaxxer.hikari.pool.HikariPool        : HikariPool-1 - Added connection com.mysql.cj.jdbc.ConnectionImpl@56653a8e
2024-12-27T18:46:02.674+02:00  INFO 15718 --- [Library_Management_System] [restartedMain] com.zaxxer.hikari.HikariDataSource       : HikariPool-1 - Start completed.
2024-12-27T18:46:03.222+02:00  INFO 15718 --- [Library_Management_System] [restartedMain] o.h.e.t.j.p.i.JtaPlatformInitiator       : HHH000489: No JTA platform available (set 'hibernate.transaction.jta.platform' to enable JTA platform integration)
2024-12-27T18:46:03.263+02:00  INFO 15718 --- [Library_Management_System] [restartedMain] j.LocalContainerEntityManagerFactoryBean : Initialized JPA EntityManagerFactory for persistence unit 'default'
2024-12-27T18:46:03.466+02:00  INFO 15718 --- [Library_Management_System] [restartedMain] eAuthenticationProviderManagerConfigurer : Global AuthenticationManager configured with AuthenticationProvider bean with name authProvider
2024-12-27T18:46:03.466+02:00  WARN 15718 --- [Library_Management_System] [restartedMain] r$InitializeUserDetailsManagerConfigurer : Global AuthenticationManager configured with an AuthenticationProvider bean. UserDetailsService beans will not be used for username/password login. Consider removing the AuthenticationProvider bean. Alternatively, consider using the UserDetailsService in a manually instantiated DaoAuthenticationProvider.
2024-12-27T18:46:03.520+02:00  INFO 15718 --- [Library_Management_System] [restartedMain] o.s.d.j.r.query.QueryEnhancerFactory     : Hibernate is in classpath; If applicable, HQL parser will be used.
2024-12-27T18:46:03.764+02:00  WARN 15718 --- [Library_Management_System] [restartedMain] JpaBaseConfiguration$JpaWebConfiguration : spring.jpa.open-in-view is enabled by default. Therefore, database queries may be performed during view rendering. Explicitly configure spring.jpa.open-in-view to disable this warning
2024-12-27T18:46:04.141+02:00  INFO 15718 --- [Library_Management_System] [restartedMain] o.s.b.d.a.OptionalLiveReloadServer       : LiveReload server is running on port 35729
2024-12-27T18:46:04.161+02:00  INFO 15718 --- [Library_Management_System] [restartedMain] o.s.b.w.embedded.tomcat.TomcatWebServer  : Tomcat started on port 8080 (http) with context path '/'
2024-12-27T18:46:04.167+02:00  INFO 15718 --- [Library_Management_System] [restartedMain] c.s.l.LibraryManagementSystemApplication : Started LibraryManagementSystemApplication in 3.132 seconds (process running for 3.527)
2024-12-27T18:46:07.360+02:00  INFO 15718 --- [Library_Management_System] [http-nio-8080-exec-2] o.a.c.c.C.[Tomcat].[localhost].[/]       : Initializing Spring DispatcherServlet 'dispatcherServlet'
2024-12-27T18:46:07.361+02:00  INFO 15718 --- [Library_Management_System] [http-nio-8080-exec-2] o.s.web.servlet.DispatcherServlet        : Initializing Servlet 'dispatcherServlet'
2024-12-27T18:46:07.361+02:00  INFO 15718 --- [Library_Management_System] [http-nio-8080-exec-2] o.s.web.servlet.DispatcherServlet        : Completed initialization in 0 ms
2024-12-27T18:48:34.525+02:00  INFO 15718 --- [Library_Management_System] [SpringApplicationShutdownHook] j.LocalContainerEntityManagerFactoryBean : Closing JPA EntityManagerFactory for persistence unit 'default'
2024-12-27T18:48:34.527+02:00  INFO 15718 --- [Library_Management_System] [SpringApplicationShutdownHook] com.zaxxer.hikari.HikariDataSource       : HikariPool-1 - Shutdown initiated...
2024-12-27T18:48:34.531+02:00  INFO 15718 --- [Library_Management_System] [SpringApplicationShutdownHook] com.zaxxer.hikari.HikariDataSource       : HikariPool-1 - Shutdown completed.
2024-12-27T18:48:36.726+02:00  INFO 16020 --- [Library_Management_System] [restartedMain] c.s.l.LibraryManagementSystemApplication : Starting LibraryManagementSystemApplication using Java 21.0.1 with PID 16020 (/home/helmi/Projects/Library_Management_System/target/classes started by helmi in /home/helmi/Projects/Library_Management_System)
2024-12-27T18:48:36.727+02:00  INFO 16020 --- [Library_Management_System] [restartedMain] c.s.l.LibraryManagementSystemApplication : No active profile set, falling back to 1 default profile: "default"
2024-12-27T18:48:36.754+02:00  INFO 16020 --- [Library_Management_System] [restartedMain] .e.DevToolsPropertyDefaultsPostProcessor : Devtools property defaults active! Set 'spring.devtools.add-properties' to 'false' to disable
2024-12-27T18:48:36.754+02:00  INFO 16020 --- [Library_Management_System] [restartedMain] .e.DevToolsPropertyDefaultsPostProcessor : For additional web related logging consider setting the 'logging.level.web' property to 'DEBUG'
2024-12-27T18:48:37.173+02:00  INFO 16020 --- [Library_Management_System] [restartedMain] .s.d.r.c.RepositoryConfigurationDelegate : Bootstrapping Spring Data JPA repositories in DEFAULT mode.
2024-12-27T18:48:37.207+02:00  INFO 16020 --- [Library_Management_System] [restartedMain] .s.d.r.c.RepositoryConfigurationDelegate : Finished Spring Data repository scanning in 29 ms. Found 3 JPA repository interfaces.
2024-12-27T18:48:37.624+02:00  INFO 16020 --- [Library_Management_System] [restartedMain] o.s.b.w.embedded.tomcat.TomcatWebServer  : Tomcat initialized with port 8080 (http)
2024-12-27T18:48:37.631+02:00  INFO 16020 --- [Library_Management_System] [restartedMain] o.apache.catalina.core.StandardService   : Starting service [Tomcat]
2024-12-27T18:48:37.631+02:00  INFO 16020 --- [Library_Management_System] [restartedMain] o.apache.catalina.core.StandardEngine    : Starting Servlet engine: [Apache Tomcat/10.1.26]
2024-12-27T18:48:37.650+02:00  INFO 16020 --- [Library_Management_System] [restartedMain] o.a.c.c.C.[Tomcat].[localhost].[/]       : Initializing Spring embedded WebApplicationContext
2024-12-27T18:48:37.651+02:00  INFO 16020 --- [Library_Management_System] [restartedMain] w.s.c.ServletWebServerApplicationContext : Root WebApplicationContext: initialization completed in 896 ms
2024-12-27T18:48:37.776+02:00  INFO 16020 --- [Library_Management_System] [restartedMain] o.hibernate.jpa.internal.util.LogHelper  : HHH000204: Processing PersistenceUnitInfo [name: default]
2024-12-27T18:48:37.803+02:00  INFO 16020 --- [Library_Management_System] [restartedMain] org.hibernate.Version                    : HHH000412: Hibernate ORM core version 6.5.2.Final
2024-12-27T18:48:37.819+02:00  INFO 16020 --- [Library_Management_System] [restartedMain] o.h.c.internal.RegionFactoryInitiator    : HHH000026: Second-level cache disabled
2024-12-27T18:48:37.978+02:00  INFO 16020 --- [Library_Management_System] [restartedMain] o.s.o.j.p.SpringPersistenceUnitInfo      : No LoadTimeWeaver setup: ignoring JPA class transformer
2024-12-27T18:48:37.992+02:00  INFO 16020 --- [Library_Management_System] [restartedMain] com.zaxxer.hikari.HikariDataSource       : HikariPool-1 - Starting...
2024-12-27T18:48:38.189+02:00  INFO 16020 --- [Library_Management_System] [restartedMain] com.zaxxer.hikari.pool.HikariPool        : HikariPool-1 - Added connection com.mysql.cj.jdbc.ConnectionImpl@4be70f2e
2024-12-27T18:48:38.191+02:00  INFO 16020 --- [Library_Management_System] [restartedMain] com.zaxxer.hikari.HikariDataSource       : HikariPool-1 - Start completed.
2024-12-27T18:48:38.767+02:00  INFO 16020 --- [Library_Management_System] [restartedMain] o.h.e.t.j.p.i.JtaPlatformInitiator       : HHH000489: No JTA platform available (set 'hibernate.transaction.jta.platform' to enable JTA platform integration)
2024-12-27T18:48:38.807+02:00  INFO 16020 --- [Library_Management_System] [restartedMain] j.LocalContainerEntityManagerFactoryBean : Initialized JPA EntityManagerFactory for persistence unit 'default'
2024-12-27T18:48:39.011+02:00  INFO 16020 --- [Library_Management_System] [restartedMain] eAuthenticationProviderManagerConfigurer : Global AuthenticationManager configured with AuthenticationProvider bean with name authProvider
2024-12-27T18:48:39.011+02:00  WARN 16020 --- [Library_Management_System] [restartedMain] r$InitializeUserDetailsManagerConfigurer : Global AuthenticationManager configured with an AuthenticationProvider bean. UserDetailsService beans will not be used for username/password login. Consider removing the AuthenticationProvider bean. Alternatively, consider using the UserDetailsService in a manually instantiated DaoAuthenticationProvider.
2024-12-27T18:48:39.068+02:00  INFO 16020 --- [Library_Management_System] [restartedMain] o.s.d.j.r.query.QueryEnhancerFactory     : Hibernate is in classpath; If applicable, HQL parser will be used.
2024-12-27T18:48:39.325+02:00  WARN 16020 --- [Library_Management_System] [restartedMain] JpaBaseConfiguration$JpaWebConfiguration : spring.jpa.open-in-view is enabled by default. Therefore, database queries may be performed during view rendering. Explicitly configure spring.jpa.open-in-view to disable this warning
2024-12-27T18:48:39.723+02:00  INFO 16020 --- [Library_Management_System] [restartedMain] o.s.b.d.a.OptionalLiveReloadServer       : LiveReload server is running on port 35729
2024-12-27T18:48:39.744+02:00  INFO 16020 --- [Library_Management_System] [restartedMain] o.s.b.w.embedded.tomcat.TomcatWebServer  : Tomcat started on port 8080 (http) with context path '/'
2024-12-27T18:48:39.750+02:00  INFO 16020 --- [Library_Management_System] [restartedMain] c.s.l.LibraryManagementSystemApplication : Started LibraryManagementSystemApplication in 3.285 seconds (process running for 3.678)
2024-12-27T18:48:54.530+02:00  INFO 16020 --- [Library_Management_System] [http-nio-8080-exec-2] o.a.c.c.C.[Tomcat].[localhost].[/]       : Initializing Spring DispatcherServlet 'dispatcherServlet'
2024-12-27T18:48:54.530+02:00  INFO 16020 --- [Library_Management_System] [http-nio-8080-exec-2] o.s.web.servlet.DispatcherServlet        : Initializing Servlet 'dispatcherServlet'
2024-12-27T18:48:54.531+02:00  INFO 16020 --- [Library_Management_System] [http-nio-8080-exec-2] o.s.web.servlet.DispatcherServlet        : Completed initialization in 1 ms
2024-12-27T18:53:38.764+02:00  INFO 16020 --- [Library_Management_System] [SpringApplicationShutdownHook] j.LocalContainerEntityManagerFactoryBean : Closing JPA EntityManagerFactory for persistence unit 'default'
2024-12-27T18:53:38.766+02:00  INFO 16020 --- [Library_Management_System] [SpringApplicationShutdownHook] com.zaxxer.hikari.HikariDataSource       : HikariPool-1 - Shutdown initiated...
2024-12-27T18:53:38.773+02:00  INFO 16020 --- [Library_Management_System] [SpringApplicationShutdownHook] com.zaxxer.hikari.HikariDataSource       : HikariPool-1 - Shutdown completed.
2024-12-27T18:53:40.985+02:00  INFO 16367 --- [Library_Management_System] [restartedMain] c.s.l.LibraryManagementSystemApplication : Starting LibraryManagementSystemApplication using Java 21.0.1 with PID 16367 (/home/helmi/Projects/Library_Management_System/target/classes started by helmi in /home/helmi/Projects/Library_Management_System)
2024-12-27T18:53:40.986+02:00  INFO 16367 --- [Library_Management_System] [restartedMain] c.s.l.LibraryManagementSystemApplication : No active profile set, falling back to 1 default profile: "default"
2024-12-27T18:53:41.013+02:00  INFO 16367 --- [Library_Management_System] [restartedMain] .e.DevToolsPropertyDefaultsPostProcessor : Devtools property defaults active! Set 'spring.devtools.add-properties' to 'false' to disable
2024-12-27T18:53:41.014+02:00  INFO 16367 --- [Library_Management_System] [restartedMain] .e.DevToolsPropertyDefaultsPostProcessor : For additional web related logging consider setting the 'logging.level.web' property to 'DEBUG'
2024-12-27T18:53:41.413+02:00  INFO 16367 --- [Library_Management_System] [restartedMain] .s.d.r.c.RepositoryConfigurationDelegate : Bootstrapping Spring Data JPA repositories in DEFAULT mode.
2024-12-27T18:53:41.451+02:00  INFO 16367 --- [Library_Management_System] [restartedMain] .s.d.r.c.RepositoryConfigurationDelegate : Finished Spring Data repository scanning in 34 ms. Found 3 JPA repository interfaces.
2024-12-27T18:53:41.865+02:00  INFO 16367 --- [Library_Management_System] [restartedMain] o.s.b.w.embedded.tomcat.TomcatWebServer  : Tomcat initialized with port 8080 (http)
2024-12-27T18:53:41.871+02:00  INFO 16367 --- [Library_Management_System] [restartedMain] o.apache.catalina.core.StandardService   : Starting service [Tomcat]
2024-12-27T18:53:41.871+02:00  INFO 16367 --- [Library_Management_System] [restartedMain] o.apache.catalina.core.StandardEngine    : Starting Servlet engine: [Apache Tomcat/10.1.26]
2024-12-27T18:53:41.892+02:00  INFO 16367 --- [Library_Management_System] [restartedMain] o.a.c.c.C.[Tomcat].[localhost].[/]       : Initializing Spring embedded WebApplicationContext
2024-12-27T18:53:41.893+02:00  INFO 16367 --- [Library_Management_System] [restartedMain] w.s.c.ServletWebServerApplicationContext : Root WebApplicationContext: initialization completed in 879 ms
2024-12-27T18:53:42.016+02:00  INFO 16367 --- [Library_Management_System] [restartedMain] o.hibernate.jpa.internal.util.LogHelper  : HHH000204: Processing PersistenceUnitInfo [name: default]
2024-12-27T18:53:42.059+02:00  INFO 16367 --- [Library_Management_System] [restartedMain] org.hibernate.Version                    : HHH000412: Hibernate ORM core version 6.5.2.Final
2024-12-27T18:53:42.078+02:00  INFO 16367 --- [Library_Management_System] [restartedMain] o.h.c.internal.RegionFactoryInitiator    : HHH000026: Second-level cache disabled
2024-12-27T18:53:42.255+02:00  INFO 16367 --- [Library_Management_System] [restartedMain] o.s.o.j.p.SpringPersistenceUnitInfo      : No LoadTimeWeaver setup: ignoring JPA class transformer
2024-12-27T18:53:42.268+02:00  INFO 16367 --- [Library_Management_System] [restartedMain] com.zaxxer.hikari.HikariDataSource       : HikariPool-1 - Starting...
2024-12-27T18:53:42.460+02:00  INFO 16367 --- [Library_Management_System] [restartedMain] com.zaxxer.hikari.pool.HikariPool        : HikariPool-1 - Added connection com.mysql.cj.jdbc.ConnectionImpl@20988d21
2024-12-27T18:53:42.461+02:00  INFO 16367 --- [Library_Management_System] [restartedMain] com.zaxxer.hikari.HikariDataSource       : HikariPool-1 - Start completed.
2024-12-27T18:53:43.023+02:00  INFO 16367 --- [Library_Management_System] [restartedMain] o.h.e.t.j.p.i.JtaPlatformInitiator       : HHH000489: No JTA platform available (set 'hibernate.transaction.jta.platform' to enable JTA platform integration)
2024-12-27T18:53:43.060+02:00  INFO 16367 --- [Library_Management_System] [restartedMain] j.LocalContainerEntityManagerFactoryBean : Initialized JPA EntityManagerFactory for persistence unit 'default'
2024-12-27T18:53:43.277+02:00  INFO 16367 --- [Library_Management_System] [restartedMain] eAuthenticationProviderManagerConfigurer : Global AuthenticationManager configured with AuthenticationProvider bean with name authProvider
2024-12-27T18:53:43.278+02:00  WARN 16367 --- [Library_Management_System] [restartedMain] r$InitializeUserDetailsManagerConfigurer : Global AuthenticationManager configured with an AuthenticationProvider bean. UserDetailsService beans will not be used for username/password login. Consider removing the AuthenticationProvider bean. Alternatively, consider using the UserDetailsService in a manually instantiated DaoAuthenticationProvider.
2024-12-27T18:53:43.341+02:00  INFO 16367 --- [Library_Management_System] [restartedMain] o.s.d.j.r.query.QueryEnhancerFactory     : Hibernate is in classpath; If applicable, HQL parser will be used.
2024-12-27T18:53:43.603+02:00  WARN 16367 --- [Library_Management_System] [restartedMain] JpaBaseConfiguration$JpaWebConfiguration : spring.jpa.open-in-view is enabled by default. Therefore, database queries may be performed during view rendering. Explicitly configure spring.jpa.open-in-view to disable this warning
2024-12-27T18:53:44.006+02:00  INFO 16367 --- [Library_Management_System] [restartedMain] o.s.b.d.a.OptionalLiveReloadServer       : LiveReload server is running on port 35729
2024-12-27T18:53:44.026+02:00  INFO 16367 --- [Library_Management_System] [restartedMain] o.s.b.w.embedded.tomcat.TomcatWebServer  : Tomcat started on port 8080 (http) with context path '/'
2024-12-27T18:53:44.032+02:00  INFO 16367 --- [Library_Management_System] [restartedMain] c.s.l.LibraryManagementSystemApplication : Started LibraryManagementSystemApplication in 3.294 seconds (process running for 3.685)
2024-12-27T18:53:56.855+02:00  INFO 16367 --- [Library_Management_System] [http-nio-8080-exec-1] o.a.c.c.C.[Tomcat].[localhost].[/]       : Initializing Spring DispatcherServlet 'dispatcherServlet'
2024-12-27T18:53:56.855+02:00  INFO 16367 --- [Library_Management_System] [http-nio-8080-exec-1] o.s.web.servlet.DispatcherServlet        : Initializing Servlet 'dispatcherServlet'
2024-12-27T18:53:56.856+02:00  INFO 16367 --- [Library_Management_System] [http-nio-8080-exec-1] o.s.web.servlet.DispatcherServlet        : Completed initialization in 1 ms
2024-12-27T18:54:31.704+02:00  WARN 16367 --- [Library_Management_System] [http-nio-8080-exec-5] .m.m.a.ExceptionHandlerExceptionResolver : Resolved [org.springframework.security.authorization.AuthorizationDeniedException: Access Denied]
2024-12-27T18:54:49.995+02:00  WARN 16367 --- [Library_Management_System] [http-nio-8080-exec-6] .m.m.a.ExceptionHandlerExceptionResolver : Resolved [org.springframework.security.authorization.AuthorizationDeniedException: Access Denied]
2024-12-27T18:55:06.534+02:00  WARN 16367 --- [Library_Management_System] [http-nio-8080-exec-8] .m.m.a.ExceptionHandlerExceptionResolver : Resolved [org.springframework.security.authorization.AuthorizationDeniedException: Access Denied]
2024-12-27T18:55:47.515+02:00  INFO 16367 --- [Library_Management_System] [SpringApplicationShutdownHook] j.LocalContainerEntityManagerFactoryBean : Closing JPA EntityManagerFactory for persistence unit 'default'
2024-12-27T18:55:47.518+02:00  INFO 16367 --- [Library_Management_System] [SpringApplicationShutdownHook] com.zaxxer.hikari.HikariDataSource       : HikariPool-1 - Shutdown initiated...
2024-12-27T18:55:47.522+02:00  INFO 16367 --- [Library_Management_System] [SpringApplicationShutdownHook] com.zaxxer.hikari.HikariDataSource       : HikariPool-1 - Shutdown completed.
2024-12-27T18:55:49.663+02:00  INFO 16707 --- [Library_Management_System] [restartedMain] c.s.l.LibraryManagementSystemApplication : Starting LibraryManagementSystemApplication using Java 21.0.1 with PID 16707 (/home/helmi/Projects/Library_Management_System/target/classes started by helmi in /home/helmi/Projects/Library_Management_System)
2024-12-27T18:55:49.664+02:00  INFO 16707 --- [Library_Management_System] [restartedMain] c.s.l.LibraryManagementSystemApplication : No active profile set, falling back to 1 default profile: "default"
2024-12-27T18:55:49.690+02:00  INFO 16707 --- [Library_Management_System] [restartedMain] .e.DevToolsPropertyDefaultsPostProcessor : Devtools property defaults active! Set 'spring.devtools.add-properties' to 'false' to disable
2024-12-27T18:55:49.690+02:00  INFO 16707 --- [Library_Management_System] [restartedMain] .e.DevToolsPropertyDefaultsPostProcessor : For additional web related logging consider setting the 'logging.level.web' property to 'DEBUG'
2024-12-27T18:55:50.084+02:00  INFO 16707 --- [Library_Management_System] [restartedMain] .s.d.r.c.RepositoryConfigurationDelegate : Bootstrapping Spring Data JPA repositories in DEFAULT mode.
2024-12-27T18:55:50.122+02:00  INFO 16707 --- [Library_Management_System] [restartedMain] .s.d.r.c.RepositoryConfigurationDelegate : Finished Spring Data repository scanning in 33 ms. Found 3 JPA repository interfaces.
2024-12-27T18:55:50.507+02:00  INFO 16707 --- [Library_Management_System] [restartedMain] o.s.b.w.embedded.tomcat.TomcatWebServer  : Tomcat initialized with port 8080 (http)
2024-12-27T18:55:50.513+02:00  INFO 16707 --- [Library_Management_System] [restartedMain] o.apache.catalina.core.StandardService   : Starting service [Tomcat]
2024-12-27T18:55:50.513+02:00  INFO 16707 --- [Library_Management_System] [restartedMain] o.apache.catalina.core.StandardEngine    : Starting Servlet engine: [Apache Tomcat/10.1.26]
2024-12-27T18:55:50.533+02:00  INFO 16707 --- [Library_Management_System] [restartedMain] o.a.c.c.C.[Tomcat].[localhost].[/]       : Initializing Spring embedded WebApplicationContext
2024-12-27T18:55:50.533+02:00  INFO 16707 --- [Library_Management_System] [restartedMain] w.s.c.ServletWebServerApplicationContext : Root WebApplicationContext: initialization completed in 842 ms
2024-12-27T18:55:50.667+02:00  INFO 16707 --- [Library_Management_System] [restartedMain] o.hibernate.jpa.internal.util.LogHelper  : HHH000204: Processing PersistenceUnitInfo [name: default]
2024-12-27T18:55:50.694+02:00  INFO 16707 --- [Library_Management_System] [restartedMain] org.hibernate.Version                    : HHH000412: Hibernate ORM core version 6.5.2.Final
2024-12-27T18:55:50.711+02:00  INFO 16707 --- [Library_Management_System] [restartedMain] o.h.c.internal.RegionFactoryInitiator    : HHH000026: Second-level cache disabled
2024-12-27T18:55:50.871+02:00  INFO 16707 --- [Library_Management_System] [restartedMain] o.s.o.j.p.SpringPersistenceUnitInfo      : No LoadTimeWeaver setup: ignoring JPA class transformer
2024-12-27T18:55:50.884+02:00  INFO 16707 --- [Library_Management_System] [restartedMain] com.zaxxer.hikari.HikariDataSource       : HikariPool-1 - Starting...
2024-12-27T18:55:51.064+02:00  INFO 16707 --- [Library_Management_System] [restartedMain] com.zaxxer.hikari.pool.HikariPool        : HikariPool-1 - Added connection com.mysql.cj.jdbc.ConnectionImpl@436e9b58
2024-12-27T18:55:51.065+02:00  INFO 16707 --- [Library_Management_System] [restartedMain] com.zaxxer.hikari.HikariDataSource       : HikariPool-1 - Start completed.
2024-12-27T18:55:51.627+02:00  INFO 16707 --- [Library_Management_System] [restartedMain] o.h.e.t.j.p.i.JtaPlatformInitiator       : HHH000489: No JTA platform available (set 'hibernate.transaction.jta.platform' to enable JTA platform integration)
2024-12-27T18:55:51.663+02:00  INFO 16707 --- [Library_Management_System] [restartedMain] j.LocalContainerEntityManagerFactoryBean : Initialized JPA EntityManagerFactory for persistence unit 'default'
2024-12-27T18:55:51.859+02:00  INFO 16707 --- [Library_Management_System] [restartedMain] eAuthenticationProviderManagerConfigurer : Global AuthenticationManager configured with AuthenticationProvider bean with name authProvider
2024-12-27T18:55:51.860+02:00  WARN 16707 --- [Library_Management_System] [restartedMain] r$InitializeUserDetailsManagerConfigurer : Global AuthenticationManager configured with an AuthenticationProvider bean. UserDetailsService beans will not be used for username/password login. Consider removing the AuthenticationProvider bean. Alternatively, consider using the UserDetailsService in a manually instantiated DaoAuthenticationProvider.
2024-12-27T18:55:51.914+02:00  INFO 16707 --- [Library_Management_System] [restartedMain] o.s.d.j.r.query.QueryEnhancerFactory     : Hibernate is in classpath; If applicable, HQL parser will be used.
2024-12-27T18:55:52.155+02:00  WARN 16707 --- [Library_Management_System] [restartedMain] JpaBaseConfiguration$JpaWebConfiguration : spring.jpa.open-in-view is enabled by default. Therefore, database queries may be performed during view rendering. Explicitly configure spring.jpa.open-in-view to disable this warning
2024-12-27T18:55:52.519+02:00  INFO 16707 --- [Library_Management_System] [restartedMain] o.s.b.d.a.OptionalLiveReloadServer       : LiveReload server is running on port 35729
2024-12-27T18:55:52.538+02:00  INFO 16707 --- [Library_Management_System] [restartedMain] o.s.b.w.embedded.tomcat.TomcatWebServer  : Tomcat started on port 8080 (http) with context path '/'
2024-12-27T18:55:52.543+02:00  INFO 16707 --- [Library_Management_System] [restartedMain] c.s.l.LibraryManagementSystemApplication : Started LibraryManagementSystemApplication in 3.129 seconds (process running for 3.523)
2024-12-27T18:55:57.150+02:00  INFO 16707 --- [Library_Management_System] [http-nio-8080-exec-2] o.a.c.c.C.[Tomcat].[localhost].[/]       : Initializing Spring DispatcherServlet 'dispatcherServlet'
2024-12-27T18:55:57.150+02:00  INFO 16707 --- [Library_Management_System] [http-nio-8080-exec-2] o.s.web.servlet.DispatcherServlet        : Initializing Servlet 'dispatcherServlet'
2024-12-27T18:55:57.151+02:00  INFO 16707 --- [Library_Management_System] [http-nio-8080-exec-2] o.s.web.servlet.DispatcherServlet        : Completed initialization in 1 ms
2024-12-27T18:55:57.332+02:00  INFO 16707 --- [Library_Management_System] [http-nio-8080-exec-2] c.s.l.Aspect.LoggingAspect               : Method Called: getPatronById
2024-12-27T18:55:57.343+02:00  INFO 16707 --- [Library_Management_System] [http-nio-8080-exec-2] c.s.l.Aspect.PerformanceMonitorAspect    : Time taken by getPatronById method is: 11 ms
2024-12-27T18:56:12.453+02:00  WARN 16707 --- [Library_Management_System] [http-nio-8080-exec-3] .m.m.a.ExceptionHandlerExceptionResolver : Resolved [org.springframework.security.authorization.AuthorizationDeniedException: Access Denied]
2024-12-27T18:56:58.890+02:00  INFO 16707 --- [Library_Management_System] [SpringApplicationShutdownHook] j.LocalContainerEntityManagerFactoryBean : Closing JPA EntityManagerFactory for persistence unit 'default'
2024-12-27T18:56:58.892+02:00  INFO 16707 --- [Library_Management_System] [SpringApplicationShutdownHook] com.zaxxer.hikari.HikariDataSource       : HikariPool-1 - Shutdown initiated...
2024-12-27T18:56:58.897+02:00  INFO 16707 --- [Library_Management_System] [SpringApplicationShutdownHook] com.zaxxer.hikari.HikariDataSource       : HikariPool-1 - Shutdown completed.
2024-12-27T18:57:01.647+02:00  INFO 16956 --- [Library_Management_System] [restartedMain] c.s.l.LibraryManagementSystemApplication : Starting LibraryManagementSystemApplication using Java 21.0.1 with PID 16956 (/home/helmi/Projects/Library_Management_System/target/classes started by helmi in /home/helmi/Projects/Library_Management_System)
2024-12-27T18:57:01.648+02:00  INFO 16956 --- [Library_Management_System] [restartedMain] c.s.l.LibraryManagementSystemApplication : No active profile set, falling back to 1 default profile: "default"
2024-12-27T18:57:01.676+02:00  INFO 16956 --- [Library_Management_System] [restartedMain] .e.DevToolsPropertyDefaultsPostProcessor : Devtools property defaults active! Set 'spring.devtools.add-properties' to 'false' to disable
2024-12-27T18:57:01.676+02:00  INFO 16956 --- [Library_Management_System] [restartedMain] .e.DevToolsPropertyDefaultsPostProcessor : For additional web related logging consider setting the 'logging.level.web' property to 'DEBUG'
2024-12-27T18:57:02.085+02:00  INFO 16956 --- [Library_Management_System] [restartedMain] .s.d.r.c.RepositoryConfigurationDelegate : Bootstrapping Spring Data JPA repositories in DEFAULT mode.
2024-12-27T18:57:02.122+02:00  INFO 16956 --- [Library_Management_System] [restartedMain] .s.d.r.c.RepositoryConfigurationDelegate : Finished Spring Data repository scanning in 32 ms. Found 3 JPA repository interfaces.
2024-12-27T18:57:02.530+02:00  INFO 16956 --- [Library_Management_System] [restartedMain] o.s.b.w.embedded.tomcat.TomcatWebServer  : Tomcat initialized with port 8080 (http)
2024-12-27T18:57:02.536+02:00  INFO 16956 --- [Library_Management_System] [restartedMain] o.apache.catalina.core.StandardService   : Starting service [Tomcat]
2024-12-27T18:57:02.536+02:00  INFO 16956 --- [Library_Management_System] [restartedMain] o.apache.catalina.core.StandardEngine    : Starting Servlet engine: [Apache Tomcat/10.1.26]
2024-12-27T18:57:02.556+02:00  INFO 16956 --- [Library_Management_System] [restartedMain] o.a.c.c.C.[Tomcat].[localhost].[/]       : Initializing Spring embedded WebApplicationContext
2024-12-27T18:57:02.556+02:00  INFO 16956 --- [Library_Management_System] [restartedMain] w.s.c.ServletWebServerApplicationContext : Root WebApplicationContext: initialization completed in 879 ms
2024-12-27T18:57:02.686+02:00  INFO 16956 --- [Library_Management_System] [restartedMain] o.hibernate.jpa.internal.util.LogHelper  : HHH000204: Processing PersistenceUnitInfo [name: default]
2024-12-27T18:57:02.713+02:00  INFO 16956 --- [Library_Management_System] [restartedMain] org.hibernate.Version                    : HHH000412: Hibernate ORM core version 6.5.2.Final
2024-12-27T18:57:02.728+02:00  INFO 16956 --- [Library_Management_System] [restartedMain] o.h.c.internal.RegionFactoryInitiator    : HHH000026: Second-level cache disabled
2024-12-27T18:57:02.888+02:00  INFO 16956 --- [Library_Management_System] [restartedMain] o.s.o.j.p.SpringPersistenceUnitInfo      : No LoadTimeWeaver setup: ignoring JPA class transformer
2024-12-27T18:57:02.902+02:00  INFO 16956 --- [Library_Management_System] [restartedMain] com.zaxxer.hikari.HikariDataSource       : HikariPool-1 - Starting...
2024-12-27T18:57:03.083+02:00  INFO 16956 --- [Library_Management_System] [restartedMain] com.zaxxer.hikari.pool.HikariPool        : HikariPool-1 - Added connection com.mysql.cj.jdbc.ConnectionImpl@a4f6b3b
2024-12-27T18:57:03.084+02:00  INFO 16956 --- [Library_Management_System] [restartedMain] com.zaxxer.hikari.HikariDataSource       : HikariPool-1 - Start completed.
2024-12-27T18:57:03.644+02:00  INFO 16956 --- [Library_Management_System] [restartedMain] o.h.e.t.j.p.i.JtaPlatformInitiator       : HHH000489: No JTA platform available (set 'hibernate.transaction.jta.platform' to enable JTA platform integration)
2024-12-27T18:57:03.681+02:00  INFO 16956 --- [Library_Management_System] [restartedMain] j.LocalContainerEntityManagerFactoryBean : Initialized JPA EntityManagerFactory for persistence unit 'default'
2024-12-27T18:57:03.875+02:00  INFO 16956 --- [Library_Management_System] [restartedMain] eAuthenticationProviderManagerConfigurer : Global AuthenticationManager configured with AuthenticationProvider bean with name authProvider
2024-12-27T18:57:03.876+02:00  WARN 16956 --- [Library_Management_System] [restartedMain] r$InitializeUserDetailsManagerConfigurer : Global AuthenticationManager configured with an AuthenticationProvider bean. UserDetailsService beans will not be used for username/password login. Consider removing the AuthenticationProvider bean. Alternatively, consider using the UserDetailsService in a manually instantiated DaoAuthenticationProvider.
2024-12-27T18:57:03.932+02:00  INFO 16956 --- [Library_Management_System] [restartedMain] o.s.d.j.r.query.QueryEnhancerFactory     : Hibernate is in classpath; If applicable, HQL parser will be used.
2024-12-27T18:57:04.180+02:00  WARN 16956 --- [Library_Management_System] [restartedMain] JpaBaseConfiguration$JpaWebConfiguration : spring.jpa.open-in-view is enabled by default. Therefore, database queries may be performed during view rendering. Explicitly configure spring.jpa.open-in-view to disable this warning
2024-12-27T18:57:04.586+02:00  INFO 16956 --- [Library_Management_System] [restartedMain] o.s.b.d.a.OptionalLiveReloadServer       : LiveReload server is running on port 35729
2024-12-27T18:57:04.609+02:00  INFO 16956 --- [Library_Management_System] [restartedMain] o.s.b.w.embedded.tomcat.TomcatWebServer  : Tomcat started on port 8080 (http) with context path '/'
2024-12-27T18:57:04.615+02:00  INFO 16956 --- [Library_Management_System] [restartedMain] c.s.l.LibraryManagementSystemApplication : Started LibraryManagementSystemApplication in 3.21 seconds (process running for 3.583)
2024-12-27T18:57:13.640+02:00  INFO 16956 --- [Library_Management_System] [http-nio-8080-exec-2] o.a.c.c.C.[Tomcat].[localhost].[/]       : Initializing Spring DispatcherServlet 'dispatcherServlet'
2024-12-27T18:57:13.640+02:00  INFO 16956 --- [Library_Management_System] [http-nio-8080-exec-2] o.s.web.servlet.DispatcherServlet        : Initializing Servlet 'dispatcherServlet'
2024-12-27T18:57:13.641+02:00  INFO 16956 --- [Library_Management_System] [http-nio-8080-exec-2] o.s.web.servlet.DispatcherServlet        : Completed initialization in 1 ms
2024-12-27T18:57:13.823+02:00  WARN 16956 --- [Library_Management_System] [http-nio-8080-exec-2] .m.m.a.ExceptionHandlerExceptionResolver : Resolved [org.springframework.security.authorization.AuthorizationDeniedException: Access Denied]
2024-12-27T18:57:19.662+02:00  WARN 16956 --- [Library_Management_System] [http-nio-8080-exec-3] .m.m.a.ExceptionHandlerExceptionResolver : Resolved [org.springframework.security.authorization.AuthorizationDeniedException: Access Denied]
2024-12-27T18:58:20.448+02:00  INFO 16956 --- [Library_Management_System] [SpringApplicationShutdownHook] j.LocalContainerEntityManagerFactoryBean : Closing JPA EntityManagerFactory for persistence unit 'default'
2024-12-27T18:58:20.450+02:00  INFO 16956 --- [Library_Management_System] [SpringApplicationShutdownHook] com.zaxxer.hikari.HikariDataSource       : HikariPool-1 - Shutdown initiated...
2024-12-27T18:58:20.455+02:00  INFO 16956 --- [Library_Management_System] [SpringApplicationShutdownHook] com.zaxxer.hikari.HikariDataSource       : HikariPool-1 - Shutdown completed.
2024-12-27T18:58:22.680+02:00  INFO 17179 --- [Library_Management_System] [restartedMain] c.s.l.LibraryManagementSystemApplication : Starting LibraryManagementSystemApplication using Java 21.0.1 with PID 17179 (/home/helmi/Projects/Library_Management_System/target/classes started by helmi in /home/helmi/Projects/Library_Management_System)
2024-12-27T18:58:22.681+02:00  INFO 17179 --- [Library_Management_System] [restartedMain] c.s.l.LibraryManagementSystemApplication : No active profile set, falling back to 1 default profile: "default"
2024-12-27T18:58:22.715+02:00  INFO 17179 --- [Library_Management_System] [restartedMain] .e.DevToolsPropertyDefaultsPostProcessor : Devtools property defaults active! Set 'spring.devtools.add-properties' to 'false' to disable
2024-12-27T18:58:22.715+02:00  INFO 17179 --- [Library_Management_System] [restartedMain] .e.DevToolsPropertyDefaultsPostProcessor : For additional web related logging consider setting the 'logging.level.web' property to 'DEBUG'
2024-12-27T18:58:23.191+02:00  INFO 17179 --- [Library_Management_System] [restartedMain] .s.d.r.c.RepositoryConfigurationDelegate : Bootstrapping Spring Data JPA repositories in DEFAULT mode.
2024-12-27T18:58:23.226+02:00  INFO 17179 --- [Library_Management_System] [restartedMain] .s.d.r.c.RepositoryConfigurationDelegate : Finished Spring Data repository scanning in 31 ms. Found 3 JPA repository interfaces.
2024-12-27T18:58:23.623+02:00  INFO 17179 --- [Library_Management_System] [restartedMain] o.s.b.w.embedded.tomcat.TomcatWebServer  : Tomcat initialized with port 8080 (http)
2024-12-27T18:58:23.630+02:00  INFO 17179 --- [Library_Management_System] [restartedMain] o.apache.catalina.core.StandardService   : Starting service [Tomcat]
2024-12-27T18:58:23.630+02:00  INFO 17179 --- [Library_Management_System] [restartedMain] o.apache.catalina.core.StandardEngine    : Starting Servlet engine: [Apache Tomcat/10.1.26]
2024-12-27T18:58:23.654+02:00  INFO 17179 --- [Library_Management_System] [restartedMain] o.a.c.c.C.[Tomcat].[localhost].[/]       : Initializing Spring embedded WebApplicationContext
2024-12-27T18:58:23.654+02:00  INFO 17179 --- [Library_Management_System] [restartedMain] w.s.c.ServletWebServerApplicationContext : Root WebApplicationContext: initialization completed in 939 ms
2024-12-27T18:58:23.795+02:00  INFO 17179 --- [Library_Management_System] [restartedMain] o.hibernate.jpa.internal.util.LogHelper  : HHH000204: Processing PersistenceUnitInfo [name: default]
2024-12-27T18:58:23.830+02:00  INFO 17179 --- [Library_Management_System] [restartedMain] org.hibernate.Version                    : HHH000412: Hibernate ORM core version 6.5.2.Final
2024-12-27T18:58:23.850+02:00  INFO 17179 --- [Library_Management_System] [restartedMain] o.h.c.internal.RegionFactoryInitiator    : HHH000026: Second-level cache disabled
2024-12-27T18:58:24.008+02:00  INFO 17179 --- [Library_Management_System] [restartedMain] o.s.o.j.p.SpringPersistenceUnitInfo      : No LoadTimeWeaver setup: ignoring JPA class transformer
2024-12-27T18:58:24.023+02:00  INFO 17179 --- [Library_Management_System] [restartedMain] com.zaxxer.hikari.HikariDataSource       : HikariPool-1 - Starting...
2024-12-27T18:58:24.212+02:00  INFO 17179 --- [Library_Management_System] [restartedMain] com.zaxxer.hikari.pool.HikariPool        : HikariPool-1 - Added connection com.mysql.cj.jdbc.ConnectionImpl@20988d21
2024-12-27T18:58:24.213+02:00  INFO 17179 --- [Library_Management_System] [restartedMain] com.zaxxer.hikari.HikariDataSource       : HikariPool-1 - Start completed.
2024-12-27T18:58:24.785+02:00  INFO 17179 --- [Library_Management_System] [restartedMain] o.h.e.t.j.p.i.JtaPlatformInitiator       : HHH000489: No JTA platform available (set 'hibernate.transaction.jta.platform' to enable JTA platform integration)
2024-12-27T18:58:24.834+02:00  INFO 17179 --- [Library_Management_System] [restartedMain] j.LocalContainerEntityManagerFactoryBean : Initialized JPA EntityManagerFactory for persistence unit 'default'
2024-12-27T18:58:25.051+02:00  INFO 17179 --- [Library_Management_System] [restartedMain] eAuthenticationProviderManagerConfigurer : Global AuthenticationManager configured with AuthenticationProvider bean with name authProvider
2024-12-27T18:58:25.051+02:00  WARN 17179 --- [Library_Management_System] [restartedMain] r$InitializeUserDetailsManagerConfigurer : Global AuthenticationManager configured with an AuthenticationProvider bean. UserDetailsService beans will not be used for username/password login. Consider removing the AuthenticationProvider bean. Alternatively, consider using the UserDetailsService in a manually instantiated DaoAuthenticationProvider.
2024-12-27T18:58:25.105+02:00  INFO 17179 --- [Library_Management_System] [restartedMain] o.s.d.j.r.query.QueryEnhancerFactory     : Hibernate is in classpath; If applicable, HQL parser will be used.
2024-12-27T18:58:25.338+02:00  WARN 17179 --- [Library_Management_System] [restartedMain] JpaBaseConfiguration$JpaWebConfiguration : spring.jpa.open-in-view is enabled by default. Therefore, database queries may be performed during view rendering. Explicitly configure spring.jpa.open-in-view to disable this warning
2024-12-27T18:58:25.730+02:00  INFO 17179 --- [Library_Management_System] [restartedMain] o.s.b.d.a.OptionalLiveReloadServer       : LiveReload server is running on port 35729
2024-12-27T18:58:25.758+02:00  INFO 17179 --- [Library_Management_System] [restartedMain] o.s.b.w.embedded.tomcat.TomcatWebServer  : Tomcat started on port 8080 (http) with context path '/'
2024-12-27T18:58:25.766+02:00  INFO 17179 --- [Library_Management_System] [restartedMain] c.s.l.LibraryManagementSystemApplication : Started LibraryManagementSystemApplication in 3.357 seconds (process running for 3.72)
2024-12-27T18:59:00.462+02:00  INFO 17179 --- [Library_Management_System] [http-nio-8080-exec-2] o.a.c.c.C.[Tomcat].[localhost].[/]       : Initializing Spring DispatcherServlet 'dispatcherServlet'
2024-12-27T18:59:00.462+02:00  INFO 17179 --- [Library_Management_System] [http-nio-8080-exec-2] o.s.web.servlet.DispatcherServlet        : Initializing Servlet 'dispatcherServlet'
2024-12-27T18:59:00.463+02:00  INFO 17179 --- [Library_Management_System] [http-nio-8080-exec-2] o.s.web.servlet.DispatcherServlet        : Completed initialization in 1 ms
2024-12-27T18:59:00.658+02:00  INFO 17179 --- [Library_Management_System] [http-nio-8080-exec-2] c.s.l.Aspect.LoggingAspect               : Method Called: getPatronById
2024-12-27T18:59:00.670+02:00  INFO 17179 --- [Library_Management_System] [http-nio-8080-exec-2] c.s.l.Aspect.PerformanceMonitorAspect    : Time taken by getPatronById method is: 12 ms
2024-12-27T19:01:35.599+02:00  INFO 17179 --- [Library_Management_System] [SpringApplicationShutdownHook] j.LocalContainerEntityManagerFactoryBean : Closing JPA EntityManagerFactory for persistence unit 'default'
2024-12-27T19:01:35.601+02:00  INFO 17179 --- [Library_Management_System] [SpringApplicationShutdownHook] com.zaxxer.hikari.HikariDataSource       : HikariPool-1 - Shutdown initiated...
2024-12-27T19:01:35.606+02:00  INFO 17179 --- [Library_Management_System] [SpringApplicationShutdownHook] com.zaxxer.hikari.HikariDataSource       : HikariPool-1 - Shutdown completed.
2024-12-27T19:01:37.747+02:00  INFO 17473 --- [Library_Management_System] [restartedMain] c.s.l.LibraryManagementSystemApplication : Starting LibraryManagementSystemApplication using Java 21.0.1 with PID 17473 (/home/helmi/Projects/Library_Management_System/target/classes started by helmi in /home/helmi/Projects/Library_Management_System)
2024-12-27T19:01:37.748+02:00  INFO 17473 --- [Library_Management_System] [restartedMain] c.s.l.LibraryManagementSystemApplication : No active profile set, falling back to 1 default profile: "default"
2024-12-27T19:01:37.776+02:00  INFO 17473 --- [Library_Management_System] [restartedMain] .e.DevToolsPropertyDefaultsPostProcessor : Devtools property defaults active! Set 'spring.devtools.add-properties' to 'false' to disable
2024-12-27T19:01:37.776+02:00  INFO 17473 --- [Library_Management_System] [restartedMain] .e.DevToolsPropertyDefaultsPostProcessor : For additional web related logging consider setting the 'logging.level.web' property to 'DEBUG'
2024-12-27T19:01:38.179+02:00  INFO 17473 --- [Library_Management_System] [restartedMain] .s.d.r.c.RepositoryConfigurationDelegate : Bootstrapping Spring Data JPA repositories in DEFAULT mode.
2024-12-27T19:01:38.213+02:00  INFO 17473 --- [Library_Management_System] [restartedMain] .s.d.r.c.RepositoryConfigurationDelegate : Finished Spring Data repository scanning in 29 ms. Found 3 JPA repository interfaces.
2024-12-27T19:01:38.606+02:00  INFO 17473 --- [Library_Management_System] [restartedMain] o.s.b.w.embedded.tomcat.TomcatWebServer  : Tomcat initialized with port 8080 (http)
2024-12-27T19:01:38.612+02:00  INFO 17473 --- [Library_Management_System] [restartedMain] o.apache.catalina.core.StandardService   : Starting service [Tomcat]
2024-12-27T19:01:38.612+02:00  INFO 17473 --- [Library_Management_System] [restartedMain] o.apache.catalina.core.StandardEngine    : Starting Servlet engine: [Apache Tomcat/10.1.26]
2024-12-27T19:01:38.630+02:00  INFO 17473 --- [Library_Management_System] [restartedMain] o.a.c.c.C.[Tomcat].[localhost].[/]       : Initializing Spring embedded WebApplicationContext
2024-12-27T19:01:38.631+02:00  INFO 17473 --- [Library_Management_System] [restartedMain] w.s.c.ServletWebServerApplicationContext : Root WebApplicationContext: initialization completed in 855 ms
2024-12-27T19:01:38.751+02:00  INFO 17473 --- [Library_Management_System] [restartedMain] o.hibernate.jpa.internal.util.LogHelper  : HHH000204: Processing PersistenceUnitInfo [name: default]
2024-12-27T19:01:38.776+02:00  INFO 17473 --- [Library_Management_System] [restartedMain] org.hibernate.Version                    : HHH000412: Hibernate ORM core version 6.5.2.Final
2024-12-27T19:01:38.791+02:00  INFO 17473 --- [Library_Management_System] [restartedMain] o.h.c.internal.RegionFactoryInitiator    : HHH000026: Second-level cache disabled
2024-12-27T19:01:38.958+02:00  INFO 17473 --- [Library_Management_System] [restartedMain] o.s.o.j.p.SpringPersistenceUnitInfo      : No LoadTimeWeaver setup: ignoring JPA class transformer
2024-12-27T19:01:38.971+02:00  INFO 17473 --- [Library_Management_System] [restartedMain] com.zaxxer.hikari.HikariDataSource       : HikariPool-1 - Starting...
2024-12-27T19:01:39.152+02:00  INFO 17473 --- [Library_Management_System] [restartedMain] com.zaxxer.hikari.pool.HikariPool        : HikariPool-1 - Added connection com.mysql.cj.jdbc.ConnectionImpl@7a3b197c
2024-12-27T19:01:39.153+02:00  INFO 17473 --- [Library_Management_System] [restartedMain] com.zaxxer.hikari.HikariDataSource       : HikariPool-1 - Start completed.
2024-12-27T19:01:39.712+02:00  INFO 17473 --- [Library_Management_System] [restartedMain] o.h.e.t.j.p.i.JtaPlatformInitiator       : HHH000489: No JTA platform available (set 'hibernate.transaction.jta.platform' to enable JTA platform integration)
2024-12-27T19:01:39.749+02:00  INFO 17473 --- [Library_Management_System] [restartedMain] j.LocalContainerEntityManagerFactoryBean : Initialized JPA EntityManagerFactory for persistence unit 'default'
2024-12-27T19:01:39.955+02:00  INFO 17473 --- [Library_Management_System] [restartedMain] eAuthenticationProviderManagerConfigurer : Global AuthenticationManager configured with AuthenticationProvider bean with name authProvider
2024-12-27T19:01:39.956+02:00  WARN 17473 --- [Library_Management_System] [restartedMain] r$InitializeUserDetailsManagerConfigurer : Global AuthenticationManager configured with an AuthenticationProvider bean. UserDetailsService beans will not be used for username/password login. Consider removing the AuthenticationProvider bean. Alternatively, consider using the UserDetailsService in a manually instantiated DaoAuthenticationProvider.
2024-12-27T19:01:40.011+02:00  INFO 17473 --- [Library_Management_System] [restartedMain] o.s.d.j.r.query.QueryEnhancerFactory     : Hibernate is in classpath; If applicable, HQL parser will be used.
2024-12-27T19:01:40.248+02:00  WARN 17473 --- [Library_Management_System] [restartedMain] JpaBaseConfiguration$JpaWebConfiguration : spring.jpa.open-in-view is enabled by default. Therefore, database queries may be performed during view rendering. Explicitly configure spring.jpa.open-in-view to disable this warning
2024-12-27T19:01:40.627+02:00  INFO 17473 --- [Library_Management_System] [restartedMain] o.s.b.d.a.OptionalLiveReloadServer       : LiveReload server is running on port 35729
2024-12-27T19:01:40.647+02:00  INFO 17473 --- [Library_Management_System] [restartedMain] o.s.b.w.embedded.tomcat.TomcatWebServer  : Tomcat started on port 8080 (http) with context path '/'
2024-12-27T19:01:40.653+02:00  INFO 17473 --- [Library_Management_System] [restartedMain] c.s.l.LibraryManagementSystemApplication : Started LibraryManagementSystemApplication in 3.157 seconds (process running for 3.53)
2024-12-27T19:01:43.672+02:00  INFO 17473 --- [Library_Management_System] [http-nio-8080-exec-1] o.a.c.c.C.[Tomcat].[localhost].[/]       : Initializing Spring DispatcherServlet 'dispatcherServlet'
2024-12-27T19:01:43.672+02:00  INFO 17473 --- [Library_Management_System] [http-nio-8080-exec-1] o.s.web.servlet.DispatcherServlet        : Initializing Servlet 'dispatcherServlet'
2024-12-27T19:01:43.673+02:00  INFO 17473 --- [Library_Management_System] [http-nio-8080-exec-1] o.s.web.servlet.DispatcherServlet        : Completed initialization in 0 ms
2024-12-27T19:01:43.868+02:00  WARN 17473 --- [Library_Management_System] [http-nio-8080-exec-1] .m.m.a.ExceptionHandlerExceptionResolver : Resolved [org.springframework.security.authorization.AuthorizationDeniedException: Access Denied]
2024-12-27T19:01:53.769+02:00  WARN 17473 --- [Library_Management_System] [http-nio-8080-exec-3] .m.m.a.ExceptionHandlerExceptionResolver : Resolved [org.springframework.security.authorization.AuthorizationDeniedException: Access Denied]
2024-12-27T19:02:02.238+02:00  WARN 17473 --- [Library_Management_System] [http-nio-8080-exec-4] .m.m.a.ExceptionHandlerExceptionResolver : Resolved [org.springframework.security.authorization.AuthorizationDeniedException: Access Denied]
2024-12-27T19:02:06.327+02:00  WARN 17473 --- [Library_Management_System] [http-nio-8080-exec-5] .m.m.a.ExceptionHandlerExceptionResolver : Resolved [org.springframework.security.authorization.AuthorizationDeniedException: Access Denied]
2024-12-27T19:03:06.010+02:00  INFO 17473 --- [Library_Management_System] [SpringApplicationShutdownHook] j.LocalContainerEntityManagerFactoryBean : Closing JPA EntityManagerFactory for persistence unit 'default'
2024-12-27T19:03:06.012+02:00  INFO 17473 --- [Library_Management_System] [SpringApplicationShutdownHook] com.zaxxer.hikari.HikariDataSource       : HikariPool-1 - Shutdown initiated...
2024-12-27T19:03:06.016+02:00  INFO 17473 --- [Library_Management_System] [SpringApplicationShutdownHook] com.zaxxer.hikari.HikariDataSource       : HikariPool-1 - Shutdown completed.
2024-12-27T19:03:08.173+02:00  INFO 17696 --- [Library_Management_System] [restartedMain] c.s.l.LibraryManagementSystemApplication : Starting LibraryManagementSystemApplication using Java 21.0.1 with PID 17696 (/home/helmi/Projects/Library_Management_System/target/classes started by helmi in /home/helmi/Projects/Library_Management_System)
2024-12-27T19:03:08.174+02:00  INFO 17696 --- [Library_Management_System] [restartedMain] c.s.l.LibraryManagementSystemApplication : No active profile set, falling back to 1 default profile: "default"
2024-12-27T19:03:08.207+02:00  INFO 17696 --- [Library_Management_System] [restartedMain] .e.DevToolsPropertyDefaultsPostProcessor : Devtools property defaults active! Set 'spring.devtools.add-properties' to 'false' to disable
2024-12-27T19:03:08.208+02:00  INFO 17696 --- [Library_Management_System] [restartedMain] .e.DevToolsPropertyDefaultsPostProcessor : For additional web related logging consider setting the 'logging.level.web' property to 'DEBUG'
2024-12-27T19:03:08.602+02:00  INFO 17696 --- [Library_Management_System] [restartedMain] .s.d.r.c.RepositoryConfigurationDelegate : Bootstrapping Spring Data JPA repositories in DEFAULT mode.
2024-12-27T19:03:08.637+02:00  INFO 17696 --- [Library_Management_System] [restartedMain] .s.d.r.c.RepositoryConfigurationDelegate : Finished Spring Data repository scanning in 31 ms. Found 3 JPA repository interfaces.
2024-12-27T19:03:09.046+02:00  INFO 17696 --- [Library_Management_System] [restartedMain] o.s.b.w.embedded.tomcat.TomcatWebServer  : Tomcat initialized with port 8080 (http)
2024-12-27T19:03:09.052+02:00  INFO 17696 --- [Library_Management_System] [restartedMain] o.apache.catalina.core.StandardService   : Starting service [Tomcat]
2024-12-27T19:03:09.053+02:00  INFO 17696 --- [Library_Management_System] [restartedMain] o.apache.catalina.core.StandardEngine    : Starting Servlet engine: [Apache Tomcat/10.1.26]
2024-12-27T19:03:09.073+02:00  INFO 17696 --- [Library_Management_System] [restartedMain] o.a.c.c.C.[Tomcat].[localhost].[/]       : Initializing Spring embedded WebApplicationContext
2024-12-27T19:03:09.073+02:00  INFO 17696 --- [Library_Management_System] [restartedMain] w.s.c.ServletWebServerApplicationContext : Root WebApplicationContext: initialization completed in 865 ms
2024-12-27T19:03:09.188+02:00  INFO 17696 --- [Library_Management_System] [restartedMain] o.hibernate.jpa.internal.util.LogHelper  : HHH000204: Processing PersistenceUnitInfo [name: default]
2024-12-27T19:03:09.217+02:00  INFO 17696 --- [Library_Management_System] [restartedMain] org.hibernate.Version                    : HHH000412: Hibernate ORM core version 6.5.2.Final
2024-12-27T19:03:09.233+02:00  INFO 17696 --- [Library_Management_System] [restartedMain] o.h.c.internal.RegionFactoryInitiator    : HHH000026: Second-level cache disabled
2024-12-27T19:03:09.392+02:00  INFO 17696 --- [Library_Management_System] [restartedMain] o.s.o.j.p.SpringPersistenceUnitInfo      : No LoadTimeWeaver setup: ignoring JPA class transformer
2024-12-27T19:03:09.405+02:00  INFO 17696 --- [Library_Management_System] [restartedMain] com.zaxxer.hikari.HikariDataSource       : HikariPool-1 - Starting...
2024-12-27T19:03:09.591+02:00  INFO 17696 --- [Library_Management_System] [restartedMain] com.zaxxer.hikari.pool.HikariPool        : HikariPool-1 - Added connection com.mysql.cj.jdbc.ConnectionImpl@20988d21
2024-12-27T19:03:09.593+02:00  INFO 17696 --- [Library_Management_System] [restartedMain] com.zaxxer.hikari.HikariDataSource       : HikariPool-1 - Start completed.
2024-12-27T19:03:10.190+02:00  INFO 17696 --- [Library_Management_System] [restartedMain] o.h.e.t.j.p.i.JtaPlatformInitiator       : HHH000489: No JTA platform available (set 'hibernate.transaction.jta.platform' to enable JTA platform integration)
2024-12-27T19:03:10.228+02:00  INFO 17696 --- [Library_Management_System] [restartedMain] j.LocalContainerEntityManagerFactoryBean : Initialized JPA EntityManagerFactory for persistence unit 'default'
2024-12-27T19:03:10.444+02:00  INFO 17696 --- [Library_Management_System] [restartedMain] eAuthenticationProviderManagerConfigurer : Global AuthenticationManager configured with AuthenticationProvider bean with name authProvider
2024-12-27T19:03:10.444+02:00  WARN 17696 --- [Library_Management_System] [restartedMain] r$InitializeUserDetailsManagerConfigurer : Global AuthenticationManager configured with an AuthenticationProvider bean. UserDetailsService beans will not be used for username/password login. Consider removing the AuthenticationProvider bean. Alternatively, consider using the UserDetailsService in a manually instantiated DaoAuthenticationProvider.
2024-12-27T19:03:10.502+02:00  INFO 17696 --- [Library_Management_System] [restartedMain] o.s.d.j.r.query.QueryEnhancerFactory     : Hibernate is in classpath; If applicable, HQL parser will be used.
2024-12-27T19:03:10.764+02:00  WARN 17696 --- [Library_Management_System] [restartedMain] JpaBaseConfiguration$JpaWebConfiguration : spring.jpa.open-in-view is enabled by default. Therefore, database queries may be performed during view rendering. Explicitly configure spring.jpa.open-in-view to disable this warning
2024-12-27T19:03:11.192+02:00  INFO 17696 --- [Library_Management_System] [restartedMain] o.s.b.d.a.OptionalLiveReloadServer       : LiveReload server is running on port 35729
2024-12-27T19:03:11.216+02:00  INFO 17696 --- [Library_Management_System] [restartedMain] o.s.b.w.embedded.tomcat.TomcatWebServer  : Tomcat started on port 8080 (http) with context path '/'
2024-12-27T19:03:11.222+02:00  INFO 17696 --- [Library_Management_System] [restartedMain] c.s.l.LibraryManagementSystemApplication : Started LibraryManagementSystemApplication in 3.285 seconds (process running for 3.683)
2024-12-27T19:03:16.014+02:00  INFO 17696 --- [Library_Management_System] [http-nio-8080-exec-1] o.a.c.c.C.[Tomcat].[localhost].[/]       : Initializing Spring DispatcherServlet 'dispatcherServlet'
2024-12-27T19:03:16.014+02:00  INFO 17696 --- [Library_Management_System] [http-nio-8080-exec-1] o.s.web.servlet.DispatcherServlet        : Initializing Servlet 'dispatcherServlet'
2024-12-27T19:03:16.015+02:00  INFO 17696 --- [Library_Management_System] [http-nio-8080-exec-1] o.s.web.servlet.DispatcherServlet        : Completed initialization in 0 ms
2024-12-27T19:03:16.204+02:00  WARN 17696 --- [Library_Management_System] [http-nio-8080-exec-1] .m.m.a.ExceptionHandlerExceptionResolver : Resolved [java.lang.IllegalArgumentException: Failed to evaluate expression 'hasAnyRole('ADMIN') or #id == authentication.principal.id']
2024-12-27T19:05:41.774+02:00  INFO 17696 --- [Library_Management_System] [SpringApplicationShutdownHook] j.LocalContainerEntityManagerFactoryBean : Closing JPA EntityManagerFactory for persistence unit 'default'
2024-12-27T19:05:41.776+02:00  INFO 17696 --- [Library_Management_System] [SpringApplicationShutdownHook] com.zaxxer.hikari.HikariDataSource       : HikariPool-1 - Shutdown initiated...
2024-12-27T19:05:41.781+02:00  INFO 17696 --- [Library_Management_System] [SpringApplicationShutdownHook] com.zaxxer.hikari.HikariDataSource       : HikariPool-1 - Shutdown completed.
2024-12-27T19:05:44.201+02:00  INFO 18014 --- [Library_Management_System] [restartedMain] c.s.l.LibraryManagementSystemApplication : Starting LibraryManagementSystemApplication using Java 21.0.1 with PID 18014 (/home/helmi/Projects/Library_Management_System/target/classes started by helmi in /home/helmi/Projects/Library_Management_System)
2024-12-27T19:05:44.202+02:00  INFO 18014 --- [Library_Management_System] [restartedMain] c.s.l.LibraryManagementSystemApplication : No active profile set, falling back to 1 default profile: "default"
2024-12-27T19:05:44.231+02:00  INFO 18014 --- [Library_Management_System] [restartedMain] .e.DevToolsPropertyDefaultsPostProcessor : Devtools property defaults active! Set 'spring.devtools.add-properties' to 'false' to disable
2024-12-27T19:05:44.231+02:00  INFO 18014 --- [Library_Management_System] [restartedMain] .e.DevToolsPropertyDefaultsPostProcessor : For additional web related logging consider setting the 'logging.level.web' property to 'DEBUG'
2024-12-27T19:05:44.624+02:00  INFO 18014 --- [Library_Management_System] [restartedMain] .s.d.r.c.RepositoryConfigurationDelegate : Bootstrapping Spring Data JPA repositories in DEFAULT mode.
2024-12-27T19:05:44.660+02:00  INFO 18014 --- [Library_Management_System] [restartedMain] .s.d.r.c.RepositoryConfigurationDelegate : Finished Spring Data repository scanning in 31 ms. Found 3 JPA repository interfaces.
2024-12-27T19:05:45.067+02:00  INFO 18014 --- [Library_Management_System] [restartedMain] o.s.b.w.embedded.tomcat.TomcatWebServer  : Tomcat initialized with port 8080 (http)
2024-12-27T19:05:45.074+02:00  INFO 18014 --- [Library_Management_System] [restartedMain] o.apache.catalina.core.StandardService   : Starting service [Tomcat]
2024-12-27T19:05:45.074+02:00  INFO 18014 --- [Library_Management_System] [restartedMain] o.apache.catalina.core.StandardEngine    : Starting Servlet engine: [Apache Tomcat/10.1.26]
2024-12-27T19:05:45.093+02:00  INFO 18014 --- [Library_Management_System] [restartedMain] o.a.c.c.C.[Tomcat].[localhost].[/]       : Initializing Spring embedded WebApplicationContext
2024-12-27T19:05:45.093+02:00  INFO 18014 --- [Library_Management_System] [restartedMain] w.s.c.ServletWebServerApplicationContext : Root WebApplicationContext: initialization completed in 861 ms
2024-12-27T19:05:45.222+02:00  INFO 18014 --- [Library_Management_System] [restartedMain] o.hibernate.jpa.internal.util.LogHelper  : HHH000204: Processing PersistenceUnitInfo [name: default]
2024-12-27T19:05:45.265+02:00  INFO 18014 --- [Library_Management_System] [restartedMain] org.hibernate.Version                    : HHH000412: Hibernate ORM core version 6.5.2.Final
2024-12-27T19:05:45.293+02:00  INFO 18014 --- [Library_Management_System] [restartedMain] o.h.c.internal.RegionFactoryInitiator    : HHH000026: Second-level cache disabled
2024-12-27T19:05:45.470+02:00  INFO 18014 --- [Library_Management_System] [restartedMain] o.s.o.j.p.SpringPersistenceUnitInfo      : No LoadTimeWeaver setup: ignoring JPA class transformer
2024-12-27T19:05:45.483+02:00  INFO 18014 --- [Library_Management_System] [restartedMain] com.zaxxer.hikari.HikariDataSource       : HikariPool-1 - Starting...
2024-12-27T19:05:45.712+02:00  INFO 18014 --- [Library_Management_System] [restartedMain] com.zaxxer.hikari.pool.HikariPool        : HikariPool-1 - Added connection com.mysql.cj.jdbc.ConnectionImpl@20c1866b
2024-12-27T19:05:45.713+02:00  INFO 18014 --- [Library_Management_System] [restartedMain] com.zaxxer.hikari.HikariDataSource       : HikariPool-1 - Start completed.
2024-12-27T19:05:46.319+02:00  INFO 18014 --- [Library_Management_System] [restartedMain] o.h.e.t.j.p.i.JtaPlatformInitiator       : HHH000489: No JTA platform available (set 'hibernate.transaction.jta.platform' to enable JTA platform integration)
2024-12-27T19:05:46.356+02:00  INFO 18014 --- [Library_Management_System] [restartedMain] j.LocalContainerEntityManagerFactoryBean : Initialized JPA EntityManagerFactory for persistence unit 'default'
2024-12-27T19:05:46.615+02:00  INFO 18014 --- [Library_Management_System] [restartedMain] eAuthenticationProviderManagerConfigurer : Global AuthenticationManager configured with AuthenticationProvider bean with name authProvider
2024-12-27T19:05:46.615+02:00  WARN 18014 --- [Library_Management_System] [restartedMain] r$InitializeUserDetailsManagerConfigurer : Global AuthenticationManager configured with an AuthenticationProvider bean. UserDetailsService beans will not be used for username/password login. Consider removing the AuthenticationProvider bean. Alternatively, consider using the UserDetailsService in a manually instantiated DaoAuthenticationProvider.
2024-12-27T19:05:46.679+02:00  INFO 18014 --- [Library_Management_System] [restartedMain] o.s.d.j.r.query.QueryEnhancerFactory     : Hibernate is in classpath; If applicable, HQL parser will be used.
2024-12-27T19:05:46.931+02:00  WARN 18014 --- [Library_Management_System] [restartedMain] JpaBaseConfiguration$JpaWebConfiguration : spring.jpa.open-in-view is enabled by default. Therefore, database queries may be performed during view rendering. Explicitly configure spring.jpa.open-in-view to disable this warning
2024-12-27T19:05:47.331+02:00  INFO 18014 --- [Library_Management_System] [restartedMain] o.s.b.d.a.OptionalLiveReloadServer       : LiveReload server is running on port 35729
2024-12-27T19:05:47.355+02:00  INFO 18014 --- [Library_Management_System] [restartedMain] o.s.b.w.embedded.tomcat.TomcatWebServer  : Tomcat started on port 8080 (http) with context path '/'
2024-12-27T19:05:47.363+02:00  INFO 18014 --- [Library_Management_System] [restartedMain] c.s.l.LibraryManagementSystemApplication : Started LibraryManagementSystemApplication in 3.413 seconds (process running for 3.79)
2024-12-27T19:05:52.912+02:00  INFO 18014 --- [Library_Management_System] [http-nio-8080-exec-2] o.a.c.c.C.[Tomcat].[localhost].[/]       : Initializing Spring DispatcherServlet 'dispatcherServlet'
2024-12-27T19:05:52.912+02:00  INFO 18014 --- [Library_Management_System] [http-nio-8080-exec-2] o.s.web.servlet.DispatcherServlet        : Initializing Servlet 'dispatcherServlet'
2024-12-27T19:05:52.913+02:00  INFO 18014 --- [Library_Management_System] [http-nio-8080-exec-2] o.s.web.servlet.DispatcherServlet        : Completed initialization in 1 ms
2024-12-27T19:05:53.096+02:00  INFO 18014 --- [Library_Management_System] [http-nio-8080-exec-2] c.s.l.Aspect.LoggingAspect               : Method Called: getPatronById
2024-12-27T19:05:53.107+02:00  INFO 18014 --- [Library_Management_System] [http-nio-8080-exec-2] c.s.l.Aspect.PerformanceMonitorAspect    : Time taken by getPatronById method is: 11 ms
2024-12-27T19:06:00.838+02:00  WARN 18014 --- [Library_Management_System] [http-nio-8080-exec-3] .m.m.a.ExceptionHandlerExceptionResolver : Resolved [org.springframework.security.authorization.AuthorizationDeniedException: Access Denied]
2024-12-27T19:21:29.392+02:00  INFO 18014 --- [Library_Management_System] [SpringApplicationShutdownHook] j.LocalContainerEntityManagerFactoryBean : Closing JPA EntityManagerFactory for persistence unit 'default'
2024-12-27T19:21:29.394+02:00  INFO 18014 --- [Library_Management_System] [SpringApplicationShutdownHook] com.zaxxer.hikari.HikariDataSource       : HikariPool-1 - Shutdown initiated...
2024-12-27T19:21:29.398+02:00  INFO 18014 --- [Library_Management_System] [SpringApplicationShutdownHook] com.zaxxer.hikari.HikariDataSource       : HikariPool-1 - Shutdown completed.
2024-12-27T19:21:49.284+02:00  INFO 19146 --- [Library_Management_System] [restartedMain] c.s.l.LibraryManagementSystemApplication : Starting LibraryManagementSystemApplication using Java 21.0.1 with PID 19146 (/home/helmi/Projects/Library_Management_System/target/classes started by helmi in /home/helmi/Projects/Library_Management_System)
2024-12-27T19:21:49.285+02:00  INFO 19146 --- [Library_Management_System] [restartedMain] c.s.l.LibraryManagementSystemApplication : No active profile set, falling back to 1 default profile: "default"
2024-12-27T19:21:49.314+02:00  INFO 19146 --- [Library_Management_System] [restartedMain] .e.DevToolsPropertyDefaultsPostProcessor : Devtools property defaults active! Set 'spring.devtools.add-properties' to 'false' to disable
2024-12-27T19:21:49.314+02:00  INFO 19146 --- [Library_Management_System] [restartedMain] .e.DevToolsPropertyDefaultsPostProcessor : For additional web related logging consider setting the 'logging.level.web' property to 'DEBUG'
2024-12-27T19:21:49.720+02:00  INFO 19146 --- [Library_Management_System] [restartedMain] .s.d.r.c.RepositoryConfigurationDelegate : Bootstrapping Spring Data JPA repositories in DEFAULT mode.
2024-12-27T19:21:49.754+02:00  INFO 19146 --- [Library_Management_System] [restartedMain] .s.d.r.c.RepositoryConfigurationDelegate : Finished Spring Data repository scanning in 28 ms. Found 3 JPA repository interfaces.
2024-12-27T19:21:50.163+02:00  INFO 19146 --- [Library_Management_System] [restartedMain] o.s.b.w.embedded.tomcat.TomcatWebServer  : Tomcat initialized with port 8080 (http)
2024-12-27T19:21:50.169+02:00  INFO 19146 --- [Library_Management_System] [restartedMain] o.apache.catalina.core.StandardService   : Starting service [Tomcat]
2024-12-27T19:21:50.169+02:00  INFO 19146 --- [Library_Management_System] [restartedMain] o.apache.catalina.core.StandardEngine    : Starting Servlet engine: [Apache Tomcat/10.1.26]
2024-12-27T19:21:50.189+02:00  INFO 19146 --- [Library_Management_System] [restartedMain] o.a.c.c.C.[Tomcat].[localhost].[/]       : Initializing Spring embedded WebApplicationContext
2024-12-27T19:21:50.189+02:00  INFO 19146 --- [Library_Management_System] [restartedMain] w.s.c.ServletWebServerApplicationContext : Root WebApplicationContext: initialization completed in 875 ms
2024-12-27T19:21:50.313+02:00  INFO 19146 --- [Library_Management_System] [restartedMain] o.hibernate.jpa.internal.util.LogHelper  : HHH000204: Processing PersistenceUnitInfo [name: default]
2024-12-27T19:21:50.338+02:00  INFO 19146 --- [Library_Management_System] [restartedMain] org.hibernate.Version                    : HHH000412: Hibernate ORM core version 6.5.2.Final
2024-12-27T19:21:50.355+02:00  INFO 19146 --- [Library_Management_System] [restartedMain] o.h.c.internal.RegionFactoryInitiator    : HHH000026: Second-level cache disabled
2024-12-27T19:21:50.525+02:00  INFO 19146 --- [Library_Management_System] [restartedMain] o.s.o.j.p.SpringPersistenceUnitInfo      : No LoadTimeWeaver setup: ignoring JPA class transformer
2024-12-27T19:21:50.539+02:00  INFO 19146 --- [Library_Management_System] [restartedMain] com.zaxxer.hikari.HikariDataSource       : HikariPool-1 - Starting...
2024-12-27T19:21:50.725+02:00  INFO 19146 --- [Library_Management_System] [restartedMain] com.zaxxer.hikari.pool.HikariPool        : HikariPool-1 - Added connection com.mysql.cj.jdbc.ConnectionImpl@6bc59205
2024-12-27T19:21:50.726+02:00  INFO 19146 --- [Library_Management_System] [restartedMain] com.zaxxer.hikari.HikariDataSource       : HikariPool-1 - Start completed.
2024-12-27T19:21:51.297+02:00  INFO 19146 --- [Library_Management_System] [restartedMain] o.h.e.t.j.p.i.JtaPlatformInitiator       : HHH000489: No JTA platform available (set 'hibernate.transaction.jta.platform' to enable JTA platform integration)
2024-12-27T19:21:51.353+02:00  INFO 19146 --- [Library_Management_System] [restartedMain] j.LocalContainerEntityManagerFactoryBean : Initialized JPA EntityManagerFactory for persistence unit 'default'
2024-12-27T19:21:51.559+02:00  INFO 19146 --- [Library_Management_System] [restartedMain] eAuthenticationProviderManagerConfigurer : Global AuthenticationManager configured with AuthenticationProvider bean with name authProvider
2024-12-27T19:21:51.559+02:00  WARN 19146 --- [Library_Management_System] [restartedMain] r$InitializeUserDetailsManagerConfigurer : Global AuthenticationManager configured with an AuthenticationProvider bean. UserDetailsService beans will not be used for username/password login. Consider removing the AuthenticationProvider bean. Alternatively, consider using the UserDetailsService in a manually instantiated DaoAuthenticationProvider.
2024-12-27T19:21:51.615+02:00  INFO 19146 --- [Library_Management_System] [restartedMain] o.s.d.j.r.query.QueryEnhancerFactory     : Hibernate is in classpath; If applicable, HQL parser will be used.
2024-12-27T19:21:51.865+02:00  WARN 19146 --- [Library_Management_System] [restartedMain] JpaBaseConfiguration$JpaWebConfiguration : spring.jpa.open-in-view is enabled by default. Therefore, database queries may be performed during view rendering. Explicitly configure spring.jpa.open-in-view to disable this warning
2024-12-27T19:21:52.241+02:00  INFO 19146 --- [Library_Management_System] [restartedMain] o.s.b.d.a.OptionalLiveReloadServer       : LiveReload server is running on port 35729
2024-12-27T19:21:52.262+02:00  INFO 19146 --- [Library_Management_System] [restartedMain] o.s.b.w.embedded.tomcat.TomcatWebServer  : Tomcat started on port 8080 (http) with context path '/'
2024-12-27T19:21:52.267+02:00  INFO 19146 --- [Library_Management_System] [restartedMain] c.s.l.LibraryManagementSystemApplication : Started LibraryManagementSystemApplication in 3.231 seconds (process running for 3.621)
2024-12-27T19:27:39.192+02:00  INFO 19146 --- [Library_Management_System] [SpringApplicationShutdownHook] j.LocalContainerEntityManagerFactoryBean : Closing JPA EntityManagerFactory for persistence unit 'default'
2024-12-27T19:27:39.194+02:00  INFO 19146 --- [Library_Management_System] [SpringApplicationShutdownHook] com.zaxxer.hikari.HikariDataSource       : HikariPool-1 - Shutdown initiated...
2024-12-27T19:27:39.199+02:00  INFO 19146 --- [Library_Management_System] [SpringApplicationShutdownHook] com.zaxxer.hikari.HikariDataSource       : HikariPool-1 - Shutdown completed.
2024-12-27T19:28:47.899+02:00  INFO 19882 --- [Library_Management_System] [restartedMain] c.s.l.LibraryManagementSystemApplication : Starting LibraryManagementSystemApplication using Java 21.0.1 with PID 19882 (/home/helmi/Projects/Library_Management_System/target/classes started by helmi in /home/helmi/Projects/Library_Management_System)
2024-12-27T19:28:47.900+02:00  INFO 19882 --- [Library_Management_System] [restartedMain] c.s.l.LibraryManagementSystemApplication : No active profile set, falling back to 1 default profile: "default"
2024-12-27T19:28:47.930+02:00  INFO 19882 --- [Library_Management_System] [restartedMain] .e.DevToolsPropertyDefaultsPostProcessor : Devtools property defaults active! Set 'spring.devtools.add-properties' to 'false' to disable
2024-12-27T19:28:47.930+02:00  INFO 19882 --- [Library_Management_System] [restartedMain] .e.DevToolsPropertyDefaultsPostProcessor : For additional web related logging consider setting the 'logging.level.web' property to 'DEBUG'
2024-12-27T19:28:48.323+02:00  INFO 19882 --- [Library_Management_System] [restartedMain] .s.d.r.c.RepositoryConfigurationDelegate : Bootstrapping Spring Data JPA repositories in DEFAULT mode.
2024-12-27T19:28:48.359+02:00  INFO 19882 --- [Library_Management_System] [restartedMain] .s.d.r.c.RepositoryConfigurationDelegate : Finished Spring Data repository scanning in 31 ms. Found 3 JPA repository interfaces.
2024-12-27T19:28:48.760+02:00  INFO 19882 --- [Library_Management_System] [restartedMain] o.s.b.w.embedded.tomcat.TomcatWebServer  : Tomcat initialized with port 8080 (http)
2024-12-27T19:28:48.767+02:00  INFO 19882 --- [Library_Management_System] [restartedMain] o.apache.catalina.core.StandardService   : Starting service [Tomcat]
2024-12-27T19:28:48.767+02:00  INFO 19882 --- [Library_Management_System] [restartedMain] o.apache.catalina.core.StandardEngine    : Starting Servlet engine: [Apache Tomcat/10.1.26]
2024-12-27T19:28:48.787+02:00  INFO 19882 --- [Library_Management_System] [restartedMain] o.a.c.c.C.[Tomcat].[localhost].[/]       : Initializing Spring embedded WebApplicationContext
2024-12-27T19:28:48.788+02:00  INFO 19882 --- [Library_Management_System] [restartedMain] w.s.c.ServletWebServerApplicationContext : Root WebApplicationContext: initialization completed in 858 ms
2024-12-27T19:28:48.921+02:00  INFO 19882 --- [Library_Management_System] [restartedMain] o.hibernate.jpa.internal.util.LogHelper  : HHH000204: Processing PersistenceUnitInfo [name: default]
2024-12-27T19:28:48.954+02:00  INFO 19882 --- [Library_Management_System] [restartedMain] org.hibernate.Version                    : HHH000412: Hibernate ORM core version 6.5.2.Final
2024-12-27T19:28:48.974+02:00  INFO 19882 --- [Library_Management_System] [restartedMain] o.h.c.internal.RegionFactoryInitiator    : HHH000026: Second-level cache disabled
2024-12-27T19:28:49.143+02:00  INFO 19882 --- [Library_Management_System] [restartedMain] o.s.o.j.p.SpringPersistenceUnitInfo      : No LoadTimeWeaver setup: ignoring JPA class transformer
2024-12-27T19:28:49.157+02:00  INFO 19882 --- [Library_Management_System] [restartedMain] com.zaxxer.hikari.HikariDataSource       : HikariPool-1 - Starting...
2024-12-27T19:28:49.346+02:00  INFO 19882 --- [Library_Management_System] [restartedMain] com.zaxxer.hikari.pool.HikariPool        : HikariPool-1 - Added connection com.mysql.cj.jdbc.ConnectionImpl@436e9b58
2024-12-27T19:28:49.347+02:00  INFO 19882 --- [Library_Management_System] [restartedMain] com.zaxxer.hikari.HikariDataSource       : HikariPool-1 - Start completed.
2024-12-27T19:28:49.898+02:00  INFO 19882 --- [Library_Management_System] [restartedMain] o.h.e.t.j.p.i.JtaPlatformInitiator       : HHH000489: No JTA platform available (set 'hibernate.transaction.jta.platform' to enable JTA platform integration)
2024-12-27T19:28:49.952+02:00  INFO 19882 --- [Library_Management_System] [restartedMain] j.LocalContainerEntityManagerFactoryBean : Initialized JPA EntityManagerFactory for persistence unit 'default'
2024-12-27T19:28:50.166+02:00  INFO 19882 --- [Library_Management_System] [restartedMain] eAuthenticationProviderManagerConfigurer : Global AuthenticationManager configured with AuthenticationProvider bean with name authProvider
2024-12-27T19:28:50.167+02:00  WARN 19882 --- [Library_Management_System] [restartedMain] r$InitializeUserDetailsManagerConfigurer : Global AuthenticationManager configured with an AuthenticationProvider bean. UserDetailsService beans will not be used for username/password login. Consider removing the AuthenticationProvider bean. Alternatively, consider using the UserDetailsService in a manually instantiated DaoAuthenticationProvider.
2024-12-27T19:28:50.223+02:00  INFO 19882 --- [Library_Management_System] [restartedMain] o.s.d.j.r.query.QueryEnhancerFactory     : Hibernate is in classpath; If applicable, HQL parser will be used.
2024-12-27T19:28:50.464+02:00  WARN 19882 --- [Library_Management_System] [restartedMain] JpaBaseConfiguration$JpaWebConfiguration : spring.jpa.open-in-view is enabled by default. Therefore, database queries may be performed during view rendering. Explicitly configure spring.jpa.open-in-view to disable this warning
2024-12-27T19:28:50.840+02:00  INFO 19882 --- [Library_Management_System] [restartedMain] o.s.b.d.a.OptionalLiveReloadServer       : LiveReload server is running on port 35729
2024-12-27T19:28:50.861+02:00  INFO 19882 --- [Library_Management_System] [restartedMain] o.s.b.w.embedded.tomcat.TomcatWebServer  : Tomcat started on port 8080 (http) with context path '/'
2024-12-27T19:28:50.866+02:00  INFO 19882 --- [Library_Management_System] [restartedMain] c.s.l.LibraryManagementSystemApplication : Started LibraryManagementSystemApplication in 3.222 seconds (process running for 3.608)
2024-12-27T19:30:41.053+02:00  INFO 19882 --- [Library_Management_System] [http-nio-8080-exec-2] o.a.c.c.C.[Tomcat].[localhost].[/]       : Initializing Spring DispatcherServlet 'dispatcherServlet'
2024-12-27T19:30:41.053+02:00  INFO 19882 --- [Library_Management_System] [http-nio-8080-exec-2] o.s.web.servlet.DispatcherServlet        : Initializing Servlet 'dispatcherServlet'
2024-12-27T19:30:41.054+02:00  INFO 19882 --- [Library_Management_System] [http-nio-8080-exec-2] o.s.web.servlet.DispatcherServlet        : Completed initialization in 1 ms
2024-12-27T19:30:41.242+02:00  INFO 19882 --- [Library_Management_System] [http-nio-8080-exec-2] c.s.l.Aspect.LoggingAspect               : Method Called: getPatronById
2024-12-27T19:30:41.251+02:00  INFO 19882 --- [Library_Management_System] [http-nio-8080-exec-2] c.s.l.Aspect.PerformanceMonitorAspect    : Time taken by getPatronById method is: 9 ms
2024-12-27T19:30:55.015+02:00  INFO 19882 --- [Library_Management_System] [http-nio-8080-exec-3] c.s.l.Aspect.LoggingAspect               : Method Called: getPatronById
2024-12-27T19:30:55.016+02:00  INFO 19882 --- [Library_Management_System] [http-nio-8080-exec-3] c.s.l.Aspect.PerformanceMonitorAspect    : Time taken by getPatronById method is: 0 ms
2024-12-27T19:31:52.107+02:00  INFO 19882 --- [Library_Management_System] [http-nio-8080-exec-4] c.s.l.Aspect.LoggingAspect               : Method Called: getPatronById
2024-12-27T19:31:52.110+02:00  INFO 19882 --- [Library_Management_System] [http-nio-8080-exec-4] c.s.l.Aspect.PerformanceMonitorAspect    : Time taken by getPatronById method is: 3 ms
2024-12-27T19:31:56.582+02:00  WARN 19882 --- [Library_Management_System] [http-nio-8080-exec-5] .m.m.a.ExceptionHandlerExceptionResolver : Resolved [org.springframework.security.authorization.AuthorizationDeniedException: Access Denied]
2024-12-27T19:33:03.421+02:00  INFO 19882 --- [Library_Management_System] [SpringApplicationShutdownHook] j.LocalContainerEntityManagerFactoryBean : Closing JPA EntityManagerFactory for persistence unit 'default'
2024-12-27T19:33:03.423+02:00  INFO 19882 --- [Library_Management_System] [SpringApplicationShutdownHook] com.zaxxer.hikari.HikariDataSource       : HikariPool-1 - Shutdown initiated...
2024-12-27T19:33:03.426+02:00  INFO 19882 --- [Library_Management_System] [SpringApplicationShutdownHook] com.zaxxer.hikari.HikariDataSource       : HikariPool-1 - Shutdown completed.
2024-12-27T19:33:06.220+02:00  INFO 20259 --- [Library_Management_System] [restartedMain] c.s.l.LibraryManagementSystemApplication : Starting LibraryManagementSystemApplication using Java 21.0.1 with PID 20259 (/home/helmi/Projects/Library_Management_System/target/classes started by helmi in /home/helmi/Projects/Library_Management_System)
2024-12-27T19:33:06.221+02:00  INFO 20259 --- [Library_Management_System] [restartedMain] c.s.l.LibraryManagementSystemApplication : No active profile set, falling back to 1 default profile: "default"
2024-12-27T19:33:06.251+02:00  INFO 20259 --- [Library_Management_System] [restartedMain] .e.DevToolsPropertyDefaultsPostProcessor : Devtools property defaults active! Set 'spring.devtools.add-properties' to 'false' to disable
2024-12-27T19:33:06.251+02:00  INFO 20259 --- [Library_Management_System] [restartedMain] .e.DevToolsPropertyDefaultsPostProcessor : For additional web related logging consider setting the 'logging.level.web' property to 'DEBUG'
2024-12-27T19:33:06.666+02:00  INFO 20259 --- [Library_Management_System] [restartedMain] .s.d.r.c.RepositoryConfigurationDelegate : Bootstrapping Spring Data JPA repositories in DEFAULT mode.
2024-12-27T19:33:06.699+02:00  INFO 20259 --- [Library_Management_System] [restartedMain] .s.d.r.c.RepositoryConfigurationDelegate : Finished Spring Data repository scanning in 28 ms. Found 3 JPA repository interfaces.
2024-12-27T19:33:07.092+02:00  INFO 20259 --- [Library_Management_System] [restartedMain] o.s.b.w.embedded.tomcat.TomcatWebServer  : Tomcat initialized with port 8080 (http)
2024-12-27T19:33:07.098+02:00  INFO 20259 --- [Library_Management_System] [restartedMain] o.apache.catalina.core.StandardService   : Starting service [Tomcat]
2024-12-27T19:33:07.098+02:00  INFO 20259 --- [Library_Management_System] [restartedMain] o.apache.catalina.core.StandardEngine    : Starting Servlet engine: [Apache Tomcat/10.1.26]
2024-12-27T19:33:07.117+02:00  INFO 20259 --- [Library_Management_System] [restartedMain] o.a.c.c.C.[Tomcat].[localhost].[/]       : Initializing Spring embedded WebApplicationContext
2024-12-27T19:33:07.117+02:00  INFO 20259 --- [Library_Management_System] [restartedMain] w.s.c.ServletWebServerApplicationContext : Root WebApplicationContext: initialization completed in 865 ms
2024-12-27T19:33:07.245+02:00  INFO 20259 --- [Library_Management_System] [restartedMain] o.hibernate.jpa.internal.util.LogHelper  : HHH000204: Processing PersistenceUnitInfo [name: default]
2024-12-27T19:33:07.277+02:00  INFO 20259 --- [Library_Management_System] [restartedMain] org.hibernate.Version                    : HHH000412: Hibernate ORM core version 6.5.2.Final
2024-12-27T19:33:07.294+02:00  INFO 20259 --- [Library_Management_System] [restartedMain] o.h.c.internal.RegionFactoryInitiator    : HHH000026: Second-level cache disabled
2024-12-27T19:33:07.468+02:00  INFO 20259 --- [Library_Management_System] [restartedMain] o.s.o.j.p.SpringPersistenceUnitInfo      : No LoadTimeWeaver setup: ignoring JPA class transformer
2024-12-27T19:33:07.485+02:00  INFO 20259 --- [Library_Management_System] [restartedMain] com.zaxxer.hikari.HikariDataSource       : HikariPool-1 - Starting...
2024-12-27T19:33:07.700+02:00  INFO 20259 --- [Library_Management_System] [restartedMain] com.zaxxer.hikari.pool.HikariPool        : HikariPool-1 - Added connection com.mysql.cj.jdbc.ConnectionImpl@3d29f166
2024-12-27T19:33:07.701+02:00  INFO 20259 --- [Library_Management_System] [restartedMain] com.zaxxer.hikari.HikariDataSource       : HikariPool-1 - Start completed.
2024-12-27T19:33:08.308+02:00  INFO 20259 --- [Library_Management_System] [restartedMain] o.h.e.t.j.p.i.JtaPlatformInitiator       : HHH000489: No JTA platform available (set 'hibernate.transaction.jta.platform' to enable JTA platform integration)
2024-12-27T19:33:08.347+02:00  INFO 20259 --- [Library_Management_System] [restartedMain] j.LocalContainerEntityManagerFactoryBean : Initialized JPA EntityManagerFactory for persistence unit 'default'
2024-12-27T19:33:08.566+02:00  INFO 20259 --- [Library_Management_System] [restartedMain] eAuthenticationProviderManagerConfigurer : Global AuthenticationManager configured with AuthenticationProvider bean with name authProvider
2024-12-27T19:33:08.566+02:00  WARN 20259 --- [Library_Management_System] [restartedMain] r$InitializeUserDetailsManagerConfigurer : Global AuthenticationManager configured with an AuthenticationProvider bean. UserDetailsService beans will not be used for username/password login. Consider removing the AuthenticationProvider bean. Alternatively, consider using the UserDetailsService in a manually instantiated DaoAuthenticationProvider.
2024-12-27T19:33:08.623+02:00  INFO 20259 --- [Library_Management_System] [restartedMain] o.s.d.j.r.query.QueryEnhancerFactory     : Hibernate is in classpath; If applicable, HQL parser will be used.
2024-12-27T19:33:08.877+02:00  WARN 20259 --- [Library_Management_System] [restartedMain] JpaBaseConfiguration$JpaWebConfiguration : spring.jpa.open-in-view is enabled by default. Therefore, database queries may be performed during view rendering. Explicitly configure spring.jpa.open-in-view to disable this warning
2024-12-27T19:33:09.288+02:00  INFO 20259 --- [Library_Management_System] [restartedMain] o.s.b.d.a.OptionalLiveReloadServer       : LiveReload server is running on port 35729
2024-12-27T19:33:09.309+02:00  INFO 20259 --- [Library_Management_System] [restartedMain] o.s.b.w.embedded.tomcat.TomcatWebServer  : Tomcat started on port 8080 (http) with context path '/'
2024-12-27T19:33:09.315+02:00  INFO 20259 --- [Library_Management_System] [restartedMain] c.s.l.LibraryManagementSystemApplication : Started LibraryManagementSystemApplication in 3.353 seconds (process running for 3.755)
2024-12-27T19:33:11.462+02:00  INFO 20259 --- [Library_Management_System] [http-nio-8080-exec-2] o.a.c.c.C.[Tomcat].[localhost].[/]       : Initializing Spring DispatcherServlet 'dispatcherServlet'
2024-12-27T19:33:11.463+02:00  INFO 20259 --- [Library_Management_System] [http-nio-8080-exec-2] o.s.web.servlet.DispatcherServlet        : Initializing Servlet 'dispatcherServlet'
2024-12-27T19:33:11.464+02:00  INFO 20259 --- [Library_Management_System] [http-nio-8080-exec-2] o.s.web.servlet.DispatcherServlet        : Completed initialization in 1 ms
2024-12-27T19:33:11.673+02:00  WARN 20259 --- [Library_Management_System] [http-nio-8080-exec-2] .m.m.a.ExceptionHandlerExceptionResolver : Resolved [org.springframework.security.authorization.AuthorizationDeniedException: Access Denied]
2024-12-27T19:36:40.675+02:00  INFO 20259 --- [Library_Management_System] [SpringApplicationShutdownHook] j.LocalContainerEntityManagerFactoryBean : Closing JPA EntityManagerFactory for persistence unit 'default'
2024-12-27T19:36:40.677+02:00  INFO 20259 --- [Library_Management_System] [SpringApplicationShutdownHook] com.zaxxer.hikari.HikariDataSource       : HikariPool-1 - Shutdown initiated...
2024-12-27T19:36:40.682+02:00  INFO 20259 --- [Library_Management_System] [SpringApplicationShutdownHook] com.zaxxer.hikari.HikariDataSource       : HikariPool-1 - Shutdown completed.
2024-12-27T19:36:42.989+02:00  INFO 20686 --- [Library_Management_System] [restartedMain] c.s.l.LibraryManagementSystemApplication : Starting LibraryManagementSystemApplication using Java 21.0.1 with PID 20686 (/home/helmi/Projects/Library_Management_System/target/classes started by helmi in /home/helmi/Projects/Library_Management_System)
2024-12-27T19:36:42.990+02:00  INFO 20686 --- [Library_Management_System] [restartedMain] c.s.l.LibraryManagementSystemApplication : No active profile set, falling back to 1 default profile: "default"
2024-12-27T19:36:43.017+02:00  INFO 20686 --- [Library_Management_System] [restartedMain] .e.DevToolsPropertyDefaultsPostProcessor : Devtools property defaults active! Set 'spring.devtools.add-properties' to 'false' to disable
2024-12-27T19:36:43.017+02:00  INFO 20686 --- [Library_Management_System] [restartedMain] .e.DevToolsPropertyDefaultsPostProcessor : For additional web related logging consider setting the 'logging.level.web' property to 'DEBUG'
2024-12-27T19:36:43.431+02:00  INFO 20686 --- [Library_Management_System] [restartedMain] .s.d.r.c.RepositoryConfigurationDelegate : Bootstrapping Spring Data JPA repositories in DEFAULT mode.
2024-12-27T19:36:43.467+02:00  INFO 20686 --- [Library_Management_System] [restartedMain] .s.d.r.c.RepositoryConfigurationDelegate : Finished Spring Data repository scanning in 31 ms. Found 3 JPA repository interfaces.
2024-12-27T19:36:43.879+02:00  INFO 20686 --- [Library_Management_System] [restartedMain] o.s.b.w.embedded.tomcat.TomcatWebServer  : Tomcat initialized with port 8080 (http)
2024-12-27T19:36:43.886+02:00  INFO 20686 --- [Library_Management_System] [restartedMain] o.apache.catalina.core.StandardService   : Starting service [Tomcat]
2024-12-27T19:36:43.886+02:00  INFO 20686 --- [Library_Management_System] [restartedMain] o.apache.catalina.core.StandardEngine    : Starting Servlet engine: [Apache Tomcat/10.1.26]
2024-12-27T19:36:43.905+02:00  INFO 20686 --- [Library_Management_System] [restartedMain] o.a.c.c.C.[Tomcat].[localhost].[/]       : Initializing Spring embedded WebApplicationContext
2024-12-27T19:36:43.906+02:00  INFO 20686 --- [Library_Management_System] [restartedMain] w.s.c.ServletWebServerApplicationContext : Root WebApplicationContext: initialization completed in 888 ms
2024-12-27T19:36:44.030+02:00  INFO 20686 --- [Library_Management_System] [restartedMain] o.hibernate.jpa.internal.util.LogHelper  : HHH000204: Processing PersistenceUnitInfo [name: default]
2024-12-27T19:36:44.055+02:00  INFO 20686 --- [Library_Management_System] [restartedMain] org.hibernate.Version                    : HHH000412: Hibernate ORM core version 6.5.2.Final
2024-12-27T19:36:44.071+02:00  INFO 20686 --- [Library_Management_System] [restartedMain] o.h.c.internal.RegionFactoryInitiator    : HHH000026: Second-level cache disabled
2024-12-27T19:36:44.237+02:00  INFO 20686 --- [Library_Management_System] [restartedMain] o.s.o.j.p.SpringPersistenceUnitInfo      : No LoadTimeWeaver setup: ignoring JPA class transformer
2024-12-27T19:36:44.251+02:00  INFO 20686 --- [Library_Management_System] [restartedMain] com.zaxxer.hikari.HikariDataSource       : HikariPool-1 - Starting...
2024-12-27T19:36:44.440+02:00  INFO 20686 --- [Library_Management_System] [restartedMain] com.zaxxer.hikari.pool.HikariPool        : HikariPool-1 - Added connection com.mysql.cj.jdbc.ConnectionImpl@4a6d3eed
2024-12-27T19:36:44.441+02:00  INFO 20686 --- [Library_Management_System] [restartedMain] com.zaxxer.hikari.HikariDataSource       : HikariPool-1 - Start completed.
2024-12-27T19:36:44.999+02:00  INFO 20686 --- [Library_Management_System] [restartedMain] o.h.e.t.j.p.i.JtaPlatformInitiator       : HHH000489: No JTA platform available (set 'hibernate.transaction.jta.platform' to enable JTA platform integration)
2024-12-27T19:36:45.039+02:00  INFO 20686 --- [Library_Management_System] [restartedMain] j.LocalContainerEntityManagerFactoryBean : Initialized JPA EntityManagerFactory for persistence unit 'default'
2024-12-27T19:36:45.273+02:00  INFO 20686 --- [Library_Management_System] [restartedMain] eAuthenticationProviderManagerConfigurer : Global AuthenticationManager configured with AuthenticationProvider bean with name authProvider
2024-12-27T19:36:45.274+02:00  WARN 20686 --- [Library_Management_System] [restartedMain] r$InitializeUserDetailsManagerConfigurer : Global AuthenticationManager configured with an AuthenticationProvider bean. UserDetailsService beans will not be used for username/password login. Consider removing the AuthenticationProvider bean. Alternatively, consider using the UserDetailsService in a manually instantiated DaoAuthenticationProvider.
2024-12-27T19:36:45.333+02:00  INFO 20686 --- [Library_Management_System] [restartedMain] o.s.d.j.r.query.QueryEnhancerFactory     : Hibernate is in classpath; If applicable, HQL parser will be used.
2024-12-27T19:36:45.603+02:00  WARN 20686 --- [Library_Management_System] [restartedMain] JpaBaseConfiguration$JpaWebConfiguration : spring.jpa.open-in-view is enabled by default. Therefore, database queries may be performed during view rendering. Explicitly configure spring.jpa.open-in-view to disable this warning
2024-12-27T19:36:46.030+02:00  INFO 20686 --- [Library_Management_System] [restartedMain] o.s.b.d.a.OptionalLiveReloadServer       : LiveReload server is running on port 35729
2024-12-27T19:36:46.052+02:00  INFO 20686 --- [Library_Management_System] [restartedMain] o.s.b.w.embedded.tomcat.TomcatWebServer  : Tomcat started on port 8080 (http) with context path '/'
2024-12-27T19:36:46.057+02:00  INFO 20686 --- [Library_Management_System] [restartedMain] c.s.l.LibraryManagementSystemApplication : Started LibraryManagementSystemApplication in 3.312 seconds (process running for 3.706)
2024-12-27T19:36:53.544+02:00  INFO 20686 --- [Library_Management_System] [http-nio-8080-exec-2] o.a.c.c.C.[Tomcat].[localhost].[/]       : Initializing Spring DispatcherServlet 'dispatcherServlet'
2024-12-27T19:36:53.544+02:00  INFO 20686 --- [Library_Management_System] [http-nio-8080-exec-2] o.s.web.servlet.DispatcherServlet        : Initializing Servlet 'dispatcherServlet'
2024-12-27T19:36:53.545+02:00  INFO 20686 --- [Library_Management_System] [http-nio-8080-exec-2] o.s.web.servlet.DispatcherServlet        : Completed initialization in 1 ms
2024-12-27T19:36:53.755+02:00  WARN 20686 --- [Library_Management_System] [http-nio-8080-exec-2] .m.m.a.ExceptionHandlerExceptionResolver : Resolved [org.springframework.security.authorization.AuthorizationDeniedException: Access Denied]
2024-12-27T19:38:39.613+02:00  INFO 20686 --- [Library_Management_System] [SpringApplicationShutdownHook] j.LocalContainerEntityManagerFactoryBean : Closing JPA EntityManagerFactory for persistence unit 'default'
2024-12-27T19:38:39.616+02:00  INFO 20686 --- [Library_Management_System] [SpringApplicationShutdownHook] com.zaxxer.hikari.HikariDataSource       : HikariPool-1 - Shutdown initiated...
2024-12-27T19:38:39.621+02:00  INFO 20686 --- [Library_Management_System] [SpringApplicationShutdownHook] com.zaxxer.hikari.HikariDataSource       : HikariPool-1 - Shutdown completed.
2024-12-27T19:38:41.949+02:00  INFO 20965 --- [Library_Management_System] [restartedMain] c.s.l.LibraryManagementSystemApplication : Starting LibraryManagementSystemApplication using Java 21.0.1 with PID 20965 (/home/helmi/Projects/Library_Management_System/target/classes started by helmi in /home/helmi/Projects/Library_Management_System)
2024-12-27T19:38:41.950+02:00  INFO 20965 --- [Library_Management_System] [restartedMain] c.s.l.LibraryManagementSystemApplication : No active profile set, falling back to 1 default profile: "default"
2024-12-27T19:38:41.978+02:00  INFO 20965 --- [Library_Management_System] [restartedMain] .e.DevToolsPropertyDefaultsPostProcessor : Devtools property defaults active! Set 'spring.devtools.add-properties' to 'false' to disable
2024-12-27T19:38:41.978+02:00  INFO 20965 --- [Library_Management_System] [restartedMain] .e.DevToolsPropertyDefaultsPostProcessor : For additional web related logging consider setting the 'logging.level.web' property to 'DEBUG'
2024-12-27T19:38:42.372+02:00  INFO 20965 --- [Library_Management_System] [restartedMain] .s.d.r.c.RepositoryConfigurationDelegate : Bootstrapping Spring Data JPA repositories in DEFAULT mode.
2024-12-27T19:38:42.413+02:00  INFO 20965 --- [Library_Management_System] [restartedMain] .s.d.r.c.RepositoryConfigurationDelegate : Finished Spring Data repository scanning in 34 ms. Found 3 JPA repository interfaces.
2024-12-27T19:38:42.808+02:00  INFO 20965 --- [Library_Management_System] [restartedMain] o.s.b.w.embedded.tomcat.TomcatWebServer  : Tomcat initialized with port 8080 (http)
2024-12-27T19:38:42.814+02:00  INFO 20965 --- [Library_Management_System] [restartedMain] o.apache.catalina.core.StandardService   : Starting service [Tomcat]
2024-12-27T19:38:42.814+02:00  INFO 20965 --- [Library_Management_System] [restartedMain] o.apache.catalina.core.StandardEngine    : Starting Servlet engine: [Apache Tomcat/10.1.26]
2024-12-27T19:38:42.833+02:00  INFO 20965 --- [Library_Management_System] [restartedMain] o.a.c.c.C.[Tomcat].[localhost].[/]       : Initializing Spring embedded WebApplicationContext
2024-12-27T19:38:42.834+02:00  INFO 20965 --- [Library_Management_System] [restartedMain] w.s.c.ServletWebServerApplicationContext : Root WebApplicationContext: initialization completed in 855 ms
2024-12-27T19:38:42.966+02:00  INFO 20965 --- [Library_Management_System] [restartedMain] o.hibernate.jpa.internal.util.LogHelper  : HHH000204: Processing PersistenceUnitInfo [name: default]
2024-12-27T19:38:43.001+02:00  INFO 20965 --- [Library_Management_System] [restartedMain] org.hibernate.Version                    : HHH000412: Hibernate ORM core version 6.5.2.Final
2024-12-27T19:38:43.021+02:00  INFO 20965 --- [Library_Management_System] [restartedMain] o.h.c.internal.RegionFactoryInitiator    : HHH000026: Second-level cache disabled
2024-12-27T19:38:43.204+02:00  INFO 20965 --- [Library_Management_System] [restartedMain] o.s.o.j.p.SpringPersistenceUnitInfo      : No LoadTimeWeaver setup: ignoring JPA class transformer
2024-12-27T19:38:43.219+02:00  INFO 20965 --- [Library_Management_System] [restartedMain] com.zaxxer.hikari.HikariDataSource       : HikariPool-1 - Starting...
2024-12-27T19:38:43.437+02:00  INFO 20965 --- [Library_Management_System] [restartedMain] com.zaxxer.hikari.pool.HikariPool        : HikariPool-1 - Added connection com.mysql.cj.jdbc.ConnectionImpl@56653a8e
2024-12-27T19:38:43.439+02:00  INFO 20965 --- [Library_Management_System] [restartedMain] com.zaxxer.hikari.HikariDataSource       : HikariPool-1 - Start completed.
2024-12-27T19:38:44.025+02:00  INFO 20965 --- [Library_Management_System] [restartedMain] o.h.e.t.j.p.i.JtaPlatformInitiator       : HHH000489: No JTA platform available (set 'hibernate.transaction.jta.platform' to enable JTA platform integration)
2024-12-27T19:38:44.061+02:00  INFO 20965 --- [Library_Management_System] [restartedMain] j.LocalContainerEntityManagerFactoryBean : Initialized JPA EntityManagerFactory for persistence unit 'default'
2024-12-27T19:38:44.259+02:00  INFO 20965 --- [Library_Management_System] [restartedMain] eAuthenticationProviderManagerConfigurer : Global AuthenticationManager configured with AuthenticationProvider bean with name authProvider
2024-12-27T19:38:44.260+02:00  WARN 20965 --- [Library_Management_System] [restartedMain] r$InitializeUserDetailsManagerConfigurer : Global AuthenticationManager configured with an AuthenticationProvider bean. UserDetailsService beans will not be used for username/password login. Consider removing the AuthenticationProvider bean. Alternatively, consider using the UserDetailsService in a manually instantiated DaoAuthenticationProvider.
2024-12-27T19:38:44.317+02:00  INFO 20965 --- [Library_Management_System] [restartedMain] o.s.d.j.r.query.QueryEnhancerFactory     : Hibernate is in classpath; If applicable, HQL parser will be used.
2024-12-27T19:38:44.570+02:00  WARN 20965 --- [Library_Management_System] [restartedMain] JpaBaseConfiguration$JpaWebConfiguration : spring.jpa.open-in-view is enabled by default. Therefore, database queries may be performed during view rendering. Explicitly configure spring.jpa.open-in-view to disable this warning
2024-12-27T19:38:44.970+02:00  INFO 20965 --- [Library_Management_System] [restartedMain] o.s.b.d.a.OptionalLiveReloadServer       : LiveReload server is running on port 35729
2024-12-27T19:38:44.991+02:00  INFO 20965 --- [Library_Management_System] [restartedMain] o.s.b.w.embedded.tomcat.TomcatWebServer  : Tomcat started on port 8080 (http) with context path '/'
2024-12-27T19:38:44.996+02:00  INFO 20965 --- [Library_Management_System] [restartedMain] c.s.l.LibraryManagementSystemApplication : Started LibraryManagementSystemApplication in 3.301 seconds (process running for 3.697)
2024-12-27T19:38:50.328+02:00  INFO 20965 --- [Library_Management_System] [http-nio-8080-exec-1] o.a.c.c.C.[Tomcat].[localhost].[/]       : Initializing Spring DispatcherServlet 'dispatcherServlet'
2024-12-27T19:38:50.328+02:00  INFO 20965 --- [Library_Management_System] [http-nio-8080-exec-1] o.s.web.servlet.DispatcherServlet        : Initializing Servlet 'dispatcherServlet'
2024-12-27T19:38:50.329+02:00  INFO 20965 --- [Library_Management_System] [http-nio-8080-exec-1] o.s.web.servlet.DispatcherServlet        : Completed initialization in 1 ms
2024-12-27T19:38:50.523+02:00  WARN 20965 --- [Library_Management_System] [http-nio-8080-exec-1] .m.m.a.ExceptionHandlerExceptionResolver : Resolved [org.springframework.security.authorization.AuthorizationDeniedException: Access Denied]
2024-12-27T19:39:06.539+02:00  WARN 20965 --- [Library_Management_System] [http-nio-8080-exec-3] .m.m.a.ExceptionHandlerExceptionResolver : Resolved [org.springframework.security.authorization.AuthorizationDeniedException: Access Denied]
2024-12-27T19:42:16.444+02:00  INFO 20965 --- [Library_Management_System] [SpringApplicationShutdownHook] j.LocalContainerEntityManagerFactoryBean : Closing JPA EntityManagerFactory for persistence unit 'default'
2024-12-27T19:42:16.447+02:00  INFO 20965 --- [Library_Management_System] [SpringApplicationShutdownHook] com.zaxxer.hikari.HikariDataSource       : HikariPool-1 - Shutdown initiated...
2024-12-27T19:42:16.451+02:00  INFO 20965 --- [Library_Management_System] [SpringApplicationShutdownHook] com.zaxxer.hikari.HikariDataSource       : HikariPool-1 - Shutdown completed.
2024-12-27T19:42:18.610+02:00  INFO 21256 --- [Library_Management_System] [restartedMain] c.s.l.LibraryManagementSystemApplication : Starting LibraryManagementSystemApplication using Java 21.0.1 with PID 21256 (/home/helmi/Projects/Library_Management_System/target/classes started by helmi in /home/helmi/Projects/Library_Management_System)
2024-12-27T19:42:18.611+02:00  INFO 21256 --- [Library_Management_System] [restartedMain] c.s.l.LibraryManagementSystemApplication : No active profile set, falling back to 1 default profile: "default"
2024-12-27T19:42:18.639+02:00  INFO 21256 --- [Library_Management_System] [restartedMain] .e.DevToolsPropertyDefaultsPostProcessor : Devtools property defaults active! Set 'spring.devtools.add-properties' to 'false' to disable
2024-12-27T19:42:18.639+02:00  INFO 21256 --- [Library_Management_System] [restartedMain] .e.DevToolsPropertyDefaultsPostProcessor : For additional web related logging consider setting the 'logging.level.web' property to 'DEBUG'
2024-12-27T19:42:19.061+02:00  INFO 21256 --- [Library_Management_System] [restartedMain] .s.d.r.c.RepositoryConfigurationDelegate : Bootstrapping Spring Data JPA repositories in DEFAULT mode.
2024-12-27T19:42:19.094+02:00  INFO 21256 --- [Library_Management_System] [restartedMain] .s.d.r.c.RepositoryConfigurationDelegate : Finished Spring Data repository scanning in 28 ms. Found 3 JPA repository interfaces.
2024-12-27T19:42:19.509+02:00  INFO 21256 --- [Library_Management_System] [restartedMain] o.s.b.w.embedded.tomcat.TomcatWebServer  : Tomcat initialized with port 8080 (http)
2024-12-27T19:42:19.515+02:00  INFO 21256 --- [Library_Management_System] [restartedMain] o.apache.catalina.core.StandardService   : Starting service [Tomcat]
2024-12-27T19:42:19.515+02:00  INFO 21256 --- [Library_Management_System] [restartedMain] o.apache.catalina.core.StandardEngine    : Starting Servlet engine: [Apache Tomcat/10.1.26]
2024-12-27T19:42:19.534+02:00  INFO 21256 --- [Library_Management_System] [restartedMain] o.a.c.c.C.[Tomcat].[localhost].[/]       : Initializing Spring embedded WebApplicationContext
2024-12-27T19:42:19.535+02:00  INFO 21256 --- [Library_Management_System] [restartedMain] w.s.c.ServletWebServerApplicationContext : Root WebApplicationContext: initialization completed in 896 ms
2024-12-27T19:42:19.656+02:00  INFO 21256 --- [Library_Management_System] [restartedMain] o.hibernate.jpa.internal.util.LogHelper  : HHH000204: Processing PersistenceUnitInfo [name: default]
2024-12-27T19:42:19.682+02:00  INFO 21256 --- [Library_Management_System] [restartedMain] org.hibernate.Version                    : HHH000412: Hibernate ORM core version 6.5.2.Final
2024-12-27T19:42:19.698+02:00  INFO 21256 --- [Library_Management_System] [restartedMain] o.h.c.internal.RegionFactoryInitiator    : HHH000026: Second-level cache disabled
2024-12-27T19:42:19.863+02:00  INFO 21256 --- [Library_Management_System] [restartedMain] o.s.o.j.p.SpringPersistenceUnitInfo      : No LoadTimeWeaver setup: ignoring JPA class transformer
2024-12-27T19:42:19.877+02:00  INFO 21256 --- [Library_Management_System] [restartedMain] com.zaxxer.hikari.HikariDataSource       : HikariPool-1 - Starting...
2024-12-27T19:42:20.061+02:00  INFO 21256 --- [Library_Management_System] [restartedMain] com.zaxxer.hikari.pool.HikariPool        : HikariPool-1 - Added connection com.mysql.cj.jdbc.ConnectionImpl@a4f6b3b
2024-12-27T19:42:20.062+02:00  INFO 21256 --- [Library_Management_System] [restartedMain] com.zaxxer.hikari.HikariDataSource       : HikariPool-1 - Start completed.
2024-12-27T19:42:20.773+02:00  INFO 21256 --- [Library_Management_System] [restartedMain] o.h.e.t.j.p.i.JtaPlatformInitiator       : HHH000489: No JTA platform available (set 'hibernate.transaction.jta.platform' to enable JTA platform integration)
2024-12-27T19:42:20.812+02:00  INFO 21256 --- [Library_Management_System] [restartedMain] j.LocalContainerEntityManagerFactoryBean : Initialized JPA EntityManagerFactory for persistence unit 'default'
2024-12-27T19:42:21.022+02:00  INFO 21256 --- [Library_Management_System] [restartedMain] eAuthenticationProviderManagerConfigurer : Global AuthenticationManager configured with AuthenticationProvider bean with name authProvider
2024-12-27T19:42:21.023+02:00  WARN 21256 --- [Library_Management_System] [restartedMain] r$InitializeUserDetailsManagerConfigurer : Global AuthenticationManager configured with an AuthenticationProvider bean. UserDetailsService beans will not be used for username/password login. Consider removing the AuthenticationProvider bean. Alternatively, consider using the UserDetailsService in a manually instantiated DaoAuthenticationProvider.
2024-12-27T19:42:21.078+02:00  INFO 21256 --- [Library_Management_System] [restartedMain] o.s.d.j.r.query.QueryEnhancerFactory     : Hibernate is in classpath; If applicable, HQL parser will be used.
2024-12-27T19:42:21.324+02:00  WARN 21256 --- [Library_Management_System] [restartedMain] JpaBaseConfiguration$JpaWebConfiguration : spring.jpa.open-in-view is enabled by default. Therefore, database queries may be performed during view rendering. Explicitly configure spring.jpa.open-in-view to disable this warning
2024-12-27T19:42:21.707+02:00  INFO 21256 --- [Library_Management_System] [restartedMain] o.s.b.d.a.OptionalLiveReloadServer       : LiveReload server is running on port 35729
2024-12-27T19:42:21.729+02:00  INFO 21256 --- [Library_Management_System] [restartedMain] o.s.b.w.embedded.tomcat.TomcatWebServer  : Tomcat started on port 8080 (http) with context path '/'
2024-12-27T19:42:21.735+02:00  INFO 21256 --- [Library_Management_System] [restartedMain] c.s.l.LibraryManagementSystemApplication : Started LibraryManagementSystemApplication in 3.377 seconds (process running for 3.762)
2024-12-27T19:42:34.724+02:00  INFO 21256 --- [Library_Management_System] [http-nio-8080-exec-2] o.a.c.c.C.[Tomcat].[localhost].[/]       : Initializing Spring DispatcherServlet 'dispatcherServlet'
2024-12-27T19:42:34.724+02:00  INFO 21256 --- [Library_Management_System] [http-nio-8080-exec-2] o.s.web.servlet.DispatcherServlet        : Initializing Servlet 'dispatcherServlet'
2024-12-27T19:42:34.725+02:00  INFO 21256 --- [Library_Management_System] [http-nio-8080-exec-2] o.s.web.servlet.DispatcherServlet        : Completed initialization in 1 ms
2024-12-27T19:42:34.916+02:00  WARN 21256 --- [Library_Management_System] [http-nio-8080-exec-2] .m.m.a.ExceptionHandlerExceptionResolver : Resolved [org.springframework.security.authorization.AuthorizationDeniedException: Access Denied]
2024-12-27T19:48:10.891+02:00  INFO 21256 --- [Library_Management_System] [SpringApplicationShutdownHook] j.LocalContainerEntityManagerFactoryBean : Closing JPA EntityManagerFactory for persistence unit 'default'
2024-12-27T19:48:10.894+02:00  INFO 21256 --- [Library_Management_System] [SpringApplicationShutdownHook] com.zaxxer.hikari.HikariDataSource       : HikariPool-1 - Shutdown initiated...
2024-12-27T19:48:10.898+02:00  INFO 21256 --- [Library_Management_System] [SpringApplicationShutdownHook] com.zaxxer.hikari.HikariDataSource       : HikariPool-1 - Shutdown completed.
2024-12-27T19:48:13.800+02:00  INFO 21641 --- [Library_Management_System] [restartedMain] c.s.l.LibraryManagementSystemApplication : Starting LibraryManagementSystemApplication using Java 21.0.1 with PID 21641 (/home/helmi/Projects/Library_Management_System/target/classes started by helmi in /home/helmi/Projects/Library_Management_System)
2024-12-27T19:48:13.801+02:00  INFO 21641 --- [Library_Management_System] [restartedMain] c.s.l.LibraryManagementSystemApplication : No active profile set, falling back to 1 default profile: "default"
2024-12-27T19:48:13.828+02:00  INFO 21641 --- [Library_Management_System] [restartedMain] .e.DevToolsPropertyDefaultsPostProcessor : Devtools property defaults active! Set 'spring.devtools.add-properties' to 'false' to disable
2024-12-27T19:48:13.829+02:00  INFO 21641 --- [Library_Management_System] [restartedMain] .e.DevToolsPropertyDefaultsPostProcessor : For additional web related logging consider setting the 'logging.level.web' property to 'DEBUG'
2024-12-27T19:48:14.239+02:00  INFO 21641 --- [Library_Management_System] [restartedMain] .s.d.r.c.RepositoryConfigurationDelegate : Bootstrapping Spring Data JPA repositories in DEFAULT mode.
2024-12-27T19:48:14.278+02:00  INFO 21641 --- [Library_Management_System] [restartedMain] .s.d.r.c.RepositoryConfigurationDelegate : Finished Spring Data repository scanning in 32 ms. Found 3 JPA repository interfaces.
2024-12-27T19:48:14.725+02:00  INFO 21641 --- [Library_Management_System] [restartedMain] o.s.b.w.embedded.tomcat.TomcatWebServer  : Tomcat initialized with port 8080 (http)
2024-12-27T19:48:14.732+02:00  INFO 21641 --- [Library_Management_System] [restartedMain] o.apache.catalina.core.StandardService   : Starting service [Tomcat]
2024-12-27T19:48:14.733+02:00  INFO 21641 --- [Library_Management_System] [restartedMain] o.apache.catalina.core.StandardEngine    : Starting Servlet engine: [Apache Tomcat/10.1.26]
2024-12-27T19:48:14.754+02:00  INFO 21641 --- [Library_Management_System] [restartedMain] o.a.c.c.C.[Tomcat].[localhost].[/]       : Initializing Spring embedded WebApplicationContext
2024-12-27T19:48:14.754+02:00  INFO 21641 --- [Library_Management_System] [restartedMain] w.s.c.ServletWebServerApplicationContext : Root WebApplicationContext: initialization completed in 925 ms
2024-12-27T19:48:14.870+02:00  INFO 21641 --- [Library_Management_System] [restartedMain] o.hibernate.jpa.internal.util.LogHelper  : HHH000204: Processing PersistenceUnitInfo [name: default]
2024-12-27T19:48:14.899+02:00  INFO 21641 --- [Library_Management_System] [restartedMain] org.hibernate.Version                    : HHH000412: Hibernate ORM core version 6.5.2.Final
2024-12-27T19:48:14.914+02:00  INFO 21641 --- [Library_Management_System] [restartedMain] o.h.c.internal.RegionFactoryInitiator    : HHH000026: Second-level cache disabled
2024-12-27T19:48:15.073+02:00  INFO 21641 --- [Library_Management_System] [restartedMain] o.s.o.j.p.SpringPersistenceUnitInfo      : No LoadTimeWeaver setup: ignoring JPA class transformer
2024-12-27T19:48:15.086+02:00  INFO 21641 --- [Library_Management_System] [restartedMain] com.zaxxer.hikari.HikariDataSource       : HikariPool-1 - Starting...
2024-12-27T19:48:15.268+02:00  INFO 21641 --- [Library_Management_System] [restartedMain] com.zaxxer.hikari.pool.HikariPool        : HikariPool-1 - Added connection com.mysql.cj.jdbc.ConnectionImpl@20988d21
2024-12-27T19:48:15.269+02:00  INFO 21641 --- [Library_Management_System] [restartedMain] com.zaxxer.hikari.HikariDataSource       : HikariPool-1 - Start completed.
2024-12-27T19:48:15.827+02:00  INFO 21641 --- [Library_Management_System] [restartedMain] o.h.e.t.j.p.i.JtaPlatformInitiator       : HHH000489: No JTA platform available (set 'hibernate.transaction.jta.platform' to enable JTA platform integration)
2024-12-27T19:48:15.866+02:00  INFO 21641 --- [Library_Management_System] [restartedMain] j.LocalContainerEntityManagerFactoryBean : Initialized JPA EntityManagerFactory for persistence unit 'default'
2024-12-27T19:48:16.090+02:00  INFO 21641 --- [Library_Management_System] [restartedMain] eAuthenticationProviderManagerConfigurer : Global AuthenticationManager configured with AuthenticationProvider bean with name authProvider
2024-12-27T19:48:16.091+02:00  WARN 21641 --- [Library_Management_System] [restartedMain] r$InitializeUserDetailsManagerConfigurer : Global AuthenticationManager configured with an AuthenticationProvider bean. UserDetailsService beans will not be used for username/password login. Consider removing the AuthenticationProvider bean. Alternatively, consider using the UserDetailsService in a manually instantiated DaoAuthenticationProvider.
2024-12-27T19:48:16.150+02:00  INFO 21641 --- [Library_Management_System] [restartedMain] o.s.d.j.r.query.QueryEnhancerFactory     : Hibernate is in classpath; If applicable, HQL parser will be used.
2024-12-27T19:48:16.431+02:00  WARN 21641 --- [Library_Management_System] [restartedMain] JpaBaseConfiguration$JpaWebConfiguration : spring.jpa.open-in-view is enabled by default. Therefore, database queries may be performed during view rendering. Explicitly configure spring.jpa.open-in-view to disable this warning
2024-12-27T19:48:16.867+02:00  INFO 21641 --- [Library_Management_System] [restartedMain] o.s.b.d.a.OptionalLiveReloadServer       : LiveReload server is running on port 35729
2024-12-27T19:48:16.896+02:00  INFO 21641 --- [Library_Management_System] [restartedMain] o.s.b.w.embedded.tomcat.TomcatWebServer  : Tomcat started on port 8080 (http) with context path '/'
2024-12-27T19:48:16.902+02:00  INFO 21641 --- [Library_Management_System] [restartedMain] c.s.l.LibraryManagementSystemApplication : Started LibraryManagementSystemApplication in 3.343 seconds (process running for 3.73)
2024-12-27T19:48:32.810+02:00  INFO 21641 --- [Library_Management_System] [http-nio-8080-exec-1] o.a.c.c.C.[Tomcat].[localhost].[/]       : Initializing Spring DispatcherServlet 'dispatcherServlet'
2024-12-27T19:48:32.811+02:00  INFO 21641 --- [Library_Management_System] [http-nio-8080-exec-1] o.s.web.servlet.DispatcherServlet        : Initializing Servlet 'dispatcherServlet'
2024-12-27T19:48:32.812+02:00  INFO 21641 --- [Library_Management_System] [http-nio-8080-exec-1] o.s.web.servlet.DispatcherServlet        : Completed initialization in 1 ms
2024-12-27T19:48:33.004+02:00  WARN 21641 --- [Library_Management_System] [http-nio-8080-exec-1] .m.m.a.ExceptionHandlerExceptionResolver : Resolved [org.springframework.security.authorization.AuthorizationDeniedException: Access Denied]
2024-12-27T19:49:20.258+02:00  INFO 21641 --- [Library_Management_System] [SpringApplicationShutdownHook] j.LocalContainerEntityManagerFactoryBean : Closing JPA EntityManagerFactory for persistence unit 'default'
2024-12-27T19:49:20.261+02:00  INFO 21641 --- [Library_Management_System] [SpringApplicationShutdownHook] com.zaxxer.hikari.HikariDataSource       : HikariPool-1 - Shutdown initiated...
2024-12-27T19:49:20.265+02:00  INFO 21641 --- [Library_Management_System] [SpringApplicationShutdownHook] com.zaxxer.hikari.HikariDataSource       : HikariPool-1 - Shutdown completed.
2024-12-27T19:49:22.504+02:00  INFO 21827 --- [Library_Management_System] [restartedMain] c.s.l.LibraryManagementSystemApplication : Starting LibraryManagementSystemApplication using Java 21.0.1 with PID 21827 (/home/helmi/Projects/Library_Management_System/target/classes started by helmi in /home/helmi/Projects/Library_Management_System)
2024-12-27T19:49:22.506+02:00  INFO 21827 --- [Library_Management_System] [restartedMain] c.s.l.LibraryManagementSystemApplication : No active profile set, falling back to 1 default profile: "default"
2024-12-27T19:49:22.534+02:00  INFO 21827 --- [Library_Management_System] [restartedMain] .e.DevToolsPropertyDefaultsPostProcessor : Devtools property defaults active! Set 'spring.devtools.add-properties' to 'false' to disable
2024-12-27T19:49:22.534+02:00  INFO 21827 --- [Library_Management_System] [restartedMain] .e.DevToolsPropertyDefaultsPostProcessor : For additional web related logging consider setting the 'logging.level.web' property to 'DEBUG'
2024-12-27T19:49:22.947+02:00  INFO 21827 --- [Library_Management_System] [restartedMain] .s.d.r.c.RepositoryConfigurationDelegate : Bootstrapping Spring Data JPA repositories in DEFAULT mode.
2024-12-27T19:49:22.979+02:00  INFO 21827 --- [Library_Management_System] [restartedMain] .s.d.r.c.RepositoryConfigurationDelegate : Finished Spring Data repository scanning in 27 ms. Found 3 JPA repository interfaces.
2024-12-27T19:49:23.388+02:00  INFO 21827 --- [Library_Management_System] [restartedMain] o.s.b.w.embedded.tomcat.TomcatWebServer  : Tomcat initialized with port 8080 (http)
2024-12-27T19:49:23.395+02:00  INFO 21827 --- [Library_Management_System] [restartedMain] o.apache.catalina.core.StandardService   : Starting service [Tomcat]
2024-12-27T19:49:23.395+02:00  INFO 21827 --- [Library_Management_System] [restartedMain] o.apache.catalina.core.StandardEngine    : Starting Servlet engine: [Apache Tomcat/10.1.26]
2024-12-27T19:49:23.414+02:00  INFO 21827 --- [Library_Management_System] [restartedMain] o.a.c.c.C.[Tomcat].[localhost].[/]       : Initializing Spring embedded WebApplicationContext
2024-12-27T19:49:23.414+02:00  INFO 21827 --- [Library_Management_System] [restartedMain] w.s.c.ServletWebServerApplicationContext : Root WebApplicationContext: initialization completed in 880 ms
2024-12-27T19:49:23.538+02:00  INFO 21827 --- [Library_Management_System] [restartedMain] o.hibernate.jpa.internal.util.LogHelper  : HHH000204: Processing PersistenceUnitInfo [name: default]
2024-12-27T19:49:23.563+02:00  INFO 21827 --- [Library_Management_System] [restartedMain] org.hibernate.Version                    : HHH000412: Hibernate ORM core version 6.5.2.Final
2024-12-27T19:49:23.581+02:00  INFO 21827 --- [Library_Management_System] [restartedMain] o.h.c.internal.RegionFactoryInitiator    : HHH000026: Second-level cache disabled
2024-12-27T19:49:23.750+02:00  INFO 21827 --- [Library_Management_System] [restartedMain] o.s.o.j.p.SpringPersistenceUnitInfo      : No LoadTimeWeaver setup: ignoring JPA class transformer
2024-12-27T19:49:23.764+02:00  INFO 21827 --- [Library_Management_System] [restartedMain] com.zaxxer.hikari.HikariDataSource       : HikariPool-1 - Starting...
2024-12-27T19:49:23.952+02:00  INFO 21827 --- [Library_Management_System] [restartedMain] com.zaxxer.hikari.pool.HikariPool        : HikariPool-1 - Added connection com.mysql.cj.jdbc.ConnectionImpl@6bc59205
2024-12-27T19:49:23.953+02:00  INFO 21827 --- [Library_Management_System] [restartedMain] com.zaxxer.hikari.HikariDataSource       : HikariPool-1 - Start completed.
2024-12-27T19:49:24.520+02:00  INFO 21827 --- [Library_Management_System] [restartedMain] o.h.e.t.j.p.i.JtaPlatformInitiator       : HHH000489: No JTA platform available (set 'hibernate.transaction.jta.platform' to enable JTA platform integration)
2024-12-27T19:49:24.553+02:00  INFO 21827 --- [Library_Management_System] [restartedMain] j.LocalContainerEntityManagerFactoryBean : Initialized JPA EntityManagerFactory for persistence unit 'default'
2024-12-27T19:49:24.748+02:00  INFO 21827 --- [Library_Management_System] [restartedMain] eAuthenticationProviderManagerConfigurer : Global AuthenticationManager configured with AuthenticationProvider bean with name authProvider
2024-12-27T19:49:24.748+02:00  WARN 21827 --- [Library_Management_System] [restartedMain] r$InitializeUserDetailsManagerConfigurer : Global AuthenticationManager configured with an AuthenticationProvider bean. UserDetailsService beans will not be used for username/password login. Consider removing the AuthenticationProvider bean. Alternatively, consider using the UserDetailsService in a manually instantiated DaoAuthenticationProvider.
2024-12-27T19:49:24.803+02:00  INFO 21827 --- [Library_Management_System] [restartedMain] o.s.d.j.r.query.QueryEnhancerFactory     : Hibernate is in classpath; If applicable, HQL parser will be used.
2024-12-27T19:49:25.042+02:00  WARN 21827 --- [Library_Management_System] [restartedMain] JpaBaseConfiguration$JpaWebConfiguration : spring.jpa.open-in-view is enabled by default. Therefore, database queries may be performed during view rendering. Explicitly configure spring.jpa.open-in-view to disable this warning
2024-12-27T19:49:25.439+02:00  INFO 21827 --- [Library_Management_System] [restartedMain] o.s.b.d.a.OptionalLiveReloadServer       : LiveReload server is running on port 35729
2024-12-27T19:49:25.462+02:00  INFO 21827 --- [Library_Management_System] [restartedMain] o.s.b.w.embedded.tomcat.TomcatWebServer  : Tomcat started on port 8080 (http) with context path '/'
2024-12-27T19:49:25.468+02:00  INFO 21827 --- [Library_Management_System] [restartedMain] c.s.l.LibraryManagementSystemApplication : Started LibraryManagementSystemApplication in 3.212 seconds (process running for 3.61)
2024-12-27T19:49:35.344+02:00  INFO 21827 --- [Library_Management_System] [http-nio-8080-exec-1] o.a.c.c.C.[Tomcat].[localhost].[/]       : Initializing Spring DispatcherServlet 'dispatcherServlet'
2024-12-27T19:49:35.344+02:00  INFO 21827 --- [Library_Management_System] [http-nio-8080-exec-1] o.s.web.servlet.DispatcherServlet        : Initializing Servlet 'dispatcherServlet'
2024-12-27T19:49:35.345+02:00  INFO 21827 --- [Library_Management_System] [http-nio-8080-exec-1] o.s.web.servlet.DispatcherServlet        : Completed initialization in 1 ms
2024-12-27T19:49:35.539+02:00  WARN 21827 --- [Library_Management_System] [http-nio-8080-exec-1] .m.m.a.ExceptionHandlerExceptionResolver : Resolved [org.springframework.security.authorization.AuthorizationDeniedException: Access Denied]
2024-12-27T19:50:13.084+02:00  INFO 21827 --- [Library_Management_System] [SpringApplicationShutdownHook] j.LocalContainerEntityManagerFactoryBean : Closing JPA EntityManagerFactory for persistence unit 'default'
2024-12-27T19:50:13.088+02:00  INFO 21827 --- [Library_Management_System] [SpringApplicationShutdownHook] com.zaxxer.hikari.HikariDataSource       : HikariPool-1 - Shutdown initiated...
2024-12-27T19:50:13.093+02:00  INFO 21827 --- [Library_Management_System] [SpringApplicationShutdownHook] com.zaxxer.hikari.HikariDataSource       : HikariPool-1 - Shutdown completed.
2024-12-27T19:50:16.032+02:00  INFO 22063 --- [Library_Management_System] [restartedMain] c.s.l.LibraryManagementSystemApplication : Starting LibraryManagementSystemApplication using Java 21.0.1 with PID 22063 (/home/helmi/Projects/Library_Management_System/target/classes started by helmi in /home/helmi/Projects/Library_Management_System)
2024-12-27T19:50:16.034+02:00  INFO 22063 --- [Library_Management_System] [restartedMain] c.s.l.LibraryManagementSystemApplication : No active profile set, falling back to 1 default profile: "default"
2024-12-27T19:50:16.063+02:00  INFO 22063 --- [Library_Management_System] [restartedMain] .e.DevToolsPropertyDefaultsPostProcessor : Devtools property defaults active! Set 'spring.devtools.add-properties' to 'false' to disable
2024-12-27T19:50:16.063+02:00  INFO 22063 --- [Library_Management_System] [restartedMain] .e.DevToolsPropertyDefaultsPostProcessor : For additional web related logging consider setting the 'logging.level.web' property to 'DEBUG'
2024-12-27T19:50:16.461+02:00  INFO 22063 --- [Library_Management_System] [restartedMain] .s.d.r.c.RepositoryConfigurationDelegate : Bootstrapping Spring Data JPA repositories in DEFAULT mode.
2024-12-27T19:50:16.499+02:00  INFO 22063 --- [Library_Management_System] [restartedMain] .s.d.r.c.RepositoryConfigurationDelegate : Finished Spring Data repository scanning in 33 ms. Found 3 JPA repository interfaces.
2024-12-27T19:50:16.882+02:00  INFO 22063 --- [Library_Management_System] [restartedMain] o.s.b.w.embedded.tomcat.TomcatWebServer  : Tomcat initialized with port 8080 (http)
2024-12-27T19:50:16.888+02:00  INFO 22063 --- [Library_Management_System] [restartedMain] o.apache.catalina.core.StandardService   : Starting service [Tomcat]
2024-12-27T19:50:16.888+02:00  INFO 22063 --- [Library_Management_System] [restartedMain] o.apache.catalina.core.StandardEngine    : Starting Servlet engine: [Apache Tomcat/10.1.26]
2024-12-27T19:50:16.907+02:00  INFO 22063 --- [Library_Management_System] [restartedMain] o.a.c.c.C.[Tomcat].[localhost].[/]       : Initializing Spring embedded WebApplicationContext
2024-12-27T19:50:16.907+02:00  INFO 22063 --- [Library_Management_System] [restartedMain] w.s.c.ServletWebServerApplicationContext : Root WebApplicationContext: initialization completed in 843 ms
2024-12-27T19:50:17.037+02:00  INFO 22063 --- [Library_Management_System] [restartedMain] o.hibernate.jpa.internal.util.LogHelper  : HHH000204: Processing PersistenceUnitInfo [name: default]
2024-12-27T19:50:17.062+02:00  INFO 22063 --- [Library_Management_System] [restartedMain] org.hibernate.Version                    : HHH000412: Hibernate ORM core version 6.5.2.Final
2024-12-27T19:50:17.077+02:00  INFO 22063 --- [Library_Management_System] [restartedMain] o.h.c.internal.RegionFactoryInitiator    : HHH000026: Second-level cache disabled
2024-12-27T19:50:17.241+02:00  INFO 22063 --- [Library_Management_System] [restartedMain] o.s.o.j.p.SpringPersistenceUnitInfo      : No LoadTimeWeaver setup: ignoring JPA class transformer
2024-12-27T19:50:17.254+02:00  INFO 22063 --- [Library_Management_System] [restartedMain] com.zaxxer.hikari.HikariDataSource       : HikariPool-1 - Starting...
2024-12-27T19:50:17.442+02:00  INFO 22063 --- [Library_Management_System] [restartedMain] com.zaxxer.hikari.pool.HikariPool        : HikariPool-1 - Added connection com.mysql.cj.jdbc.ConnectionImpl@436e9b58
2024-12-27T19:50:17.443+02:00  INFO 22063 --- [Library_Management_System] [restartedMain] com.zaxxer.hikari.HikariDataSource       : HikariPool-1 - Start completed.
2024-12-27T19:50:18.010+02:00  INFO 22063 --- [Library_Management_System] [restartedMain] o.h.e.t.j.p.i.JtaPlatformInitiator       : HHH000489: No JTA platform available (set 'hibernate.transaction.jta.platform' to enable JTA platform integration)
2024-12-27T19:50:18.048+02:00  INFO 22063 --- [Library_Management_System] [restartedMain] j.LocalContainerEntityManagerFactoryBean : Initialized JPA EntityManagerFactory for persistence unit 'default'
2024-12-27T19:50:18.248+02:00  INFO 22063 --- [Library_Management_System] [restartedMain] eAuthenticationProviderManagerConfigurer : Global AuthenticationManager configured with AuthenticationProvider bean with name authProvider
2024-12-27T19:50:18.248+02:00  WARN 22063 --- [Library_Management_System] [restartedMain] r$InitializeUserDetailsManagerConfigurer : Global AuthenticationManager configured with an AuthenticationProvider bean. UserDetailsService beans will not be used for username/password login. Consider removing the AuthenticationProvider bean. Alternatively, consider using the UserDetailsService in a manually instantiated DaoAuthenticationProvider.
2024-12-27T19:50:18.301+02:00  INFO 22063 --- [Library_Management_System] [restartedMain] o.s.d.j.r.query.QueryEnhancerFactory     : Hibernate is in classpath; If applicable, HQL parser will be used.
2024-12-27T19:50:18.549+02:00  WARN 22063 --- [Library_Management_System] [restartedMain] JpaBaseConfiguration$JpaWebConfiguration : spring.jpa.open-in-view is enabled by default. Therefore, database queries may be performed during view rendering. Explicitly configure spring.jpa.open-in-view to disable this warning
2024-12-27T19:50:18.925+02:00  INFO 22063 --- [Library_Management_System] [restartedMain] o.s.b.d.a.OptionalLiveReloadServer       : LiveReload server is running on port 35729
2024-12-27T19:50:18.944+02:00  INFO 22063 --- [Library_Management_System] [restartedMain] o.s.b.w.embedded.tomcat.TomcatWebServer  : Tomcat started on port 8080 (http) with context path '/'
2024-12-27T19:50:18.950+02:00  INFO 22063 --- [Library_Management_System] [restartedMain] c.s.l.LibraryManagementSystemApplication : Started LibraryManagementSystemApplication in 3.156 seconds (process running for 3.56)
2024-12-27T19:50:48.708+02:00  INFO 22063 --- [Library_Management_System] [http-nio-8080-exec-1] o.a.c.c.C.[Tomcat].[localhost].[/]       : Initializing Spring DispatcherServlet 'dispatcherServlet'
2024-12-27T19:50:48.708+02:00  INFO 22063 --- [Library_Management_System] [http-nio-8080-exec-1] o.s.web.servlet.DispatcherServlet        : Initializing Servlet 'dispatcherServlet'
2024-12-27T19:50:48.709+02:00  INFO 22063 --- [Library_Management_System] [http-nio-8080-exec-1] o.s.web.servlet.DispatcherServlet        : Completed initialization in 0 ms
2024-12-27T19:50:48.775+02:00 ERROR 22063 --- [Library_Management_System] [http-nio-8080-exec-1] o.a.c.c.C.[.[.[/].[dispatcherServlet]    : Servlet.service() for servlet [dispatcherServlet] in context with path [] threw exception

io.jsonwebtoken.security.SignatureException: JWT signature does not match locally computed signature. JWT validity cannot be asserted and should not be trusted.
	at io.jsonwebtoken.impl.DefaultJwtParser.verifySignature(DefaultJwtParser.java:340) ~[jjwt-impl-0.12.6.jar:0.12.6]
	at io.jsonwebtoken.impl.DefaultJwtParser.parse(DefaultJwtParser.java:579) ~[jjwt-impl-0.12.6.jar:0.12.6]
	at io.jsonwebtoken.impl.DefaultJwtParser.parse(DefaultJwtParser.java:364) ~[jjwt-impl-0.12.6.jar:0.12.6]
	at io.jsonwebtoken.impl.DefaultJwtParser.parse(DefaultJwtParser.java:94) ~[jjwt-impl-0.12.6.jar:0.12.6]
	at io.jsonwebtoken.impl.io.AbstractParser.parse(AbstractParser.java:36) ~[jjwt-impl-0.12.6.jar:0.12.6]
	at io.jsonwebtoken.impl.io.AbstractParser.parse(AbstractParser.java:29) ~[jjwt-impl-0.12.6.jar:0.12.6]
	at io.jsonwebtoken.impl.DefaultJwtParser.parseSignedClaims(DefaultJwtParser.java:830) ~[jjwt-impl-0.12.6.jar:0.12.6]
	at com.spring.library_management_system.service.JwtService.extractAllClaims(JwtService.java:52) ~[classes/:na]
	at com.spring.library_management_system.service.JwtService.extractClaim(JwtService.java:45) ~[classes/:na]
	at com.spring.library_management_system.service.JwtService.extractUserName(JwtService.java:41) ~[classes/:na]
	at com.spring.library_management_system.config.JwtAuthenticationFilter.doFilterInternal(JwtAuthenticationFilter.java:36) ~[classes/:na]
	at org.springframework.web.filter.OncePerRequestFilter.doFilter(OncePerRequestFilter.java:116) ~[spring-web-6.1.11.jar:6.1.11]
	at org.springframework.security.web.FilterChainProxy$VirtualFilterChain.doFilter(FilterChainProxy.java:374) ~[spring-security-web-6.3.1.jar:6.3.1]
	at org.springframework.security.web.authentication.logout.LogoutFilter.doFilter(LogoutFilter.java:107) ~[spring-security-web-6.3.1.jar:6.3.1]
	at org.springframework.security.web.authentication.logout.LogoutFilter.doFilter(LogoutFilter.java:93) ~[spring-security-web-6.3.1.jar:6.3.1]
	at org.springframework.security.web.FilterChainProxy$VirtualFilterChain.doFilter(FilterChainProxy.java:374) ~[spring-security-web-6.3.1.jar:6.3.1]
	at org.springframework.web.filter.CorsFilter.doFilterInternal(CorsFilter.java:91) ~[spring-web-6.1.11.jar:6.1.11]
	at org.springframework.web.filter.OncePerRequestFilter.doFilter(OncePerRequestFilter.java:116) ~[spring-web-6.1.11.jar:6.1.11]
	at org.springframework.security.web.FilterChainProxy$VirtualFilterChain.doFilter(FilterChainProxy.java:374) ~[spring-security-web-6.3.1.jar:6.3.1]
	at org.springframework.security.web.header.HeaderWriterFilter.doHeadersAfter(HeaderWriterFilter.java:90) ~[spring-security-web-6.3.1.jar:6.3.1]
	at org.springframework.security.web.header.HeaderWriterFilter.doFilterInternal(HeaderWriterFilter.java:75) ~[spring-security-web-6.3.1.jar:6.3.1]
	at org.springframework.web.filter.OncePerRequestFilter.doFilter(OncePerRequestFilter.java:116) ~[spring-web-6.1.11.jar:6.1.11]
	at org.springframework.security.web.FilterChainProxy$VirtualFilterChain.doFilter(FilterChainProxy.java:374) ~[spring-security-web-6.3.1.jar:6.3.1]
	at org.springframework.security.web.context.SecurityContextHolderFilter.doFilter(SecurityContextHolderFilter.java:82) ~[spring-security-web-6.3.1.jar:6.3.1]
	at org.springframework.security.web.context.SecurityContextHolderFilter.doFilter(SecurityContextHolderFilter.java:69) ~[spring-security-web-6.3.1.jar:6.3.1]
	at org.springframework.security.web.FilterChainProxy$VirtualFilterChain.doFilter(FilterChainProxy.java:374) ~[spring-security-web-6.3.1.jar:6.3.1]
	at org.springframework.security.web.context.request.async.WebAsyncManagerIntegrationFilter.doFilterInternal(WebAsyncManagerIntegrationFilter.java:62) ~[spring-security-web-6.3.1.jar:6.3.1]
	at org.springframework.web.filter.OncePerRequestFilter.doFilter(OncePerRequestFilter.java:116) ~[spring-web-6.1.11.jar:6.1.11]
	at org.springframework.security.web.FilterChainProxy$VirtualFilterChain.doFilter(FilterChainProxy.java:374) ~[spring-security-web-6.3.1.jar:6.3.1]
	at org.springframework.security.web.session.DisableEncodeUrlFilter.doFilterInternal(DisableEncodeUrlFilter.java:42) ~[spring-security-web-6.3.1.jar:6.3.1]
	at org.springframework.web.filter.OncePerRequestFilter.doFilter(OncePerRequestFilter.java:116) ~[spring-web-6.1.11.jar:6.1.11]
	at org.springframework.security.web.FilterChainProxy$VirtualFilterChain.doFilter(FilterChainProxy.java:374) ~[spring-security-web-6.3.1.jar:6.3.1]
	at org.springframework.security.web.FilterChainProxy.doFilterInternal(FilterChainProxy.java:233) ~[spring-security-web-6.3.1.jar:6.3.1]
	at org.springframework.security.web.FilterChainProxy.doFilter(FilterChainProxy.java:191) ~[spring-security-web-6.3.1.jar:6.3.1]
	at org.springframework.web.filter.CompositeFilter$VirtualFilterChain.doFilter(CompositeFilter.java:113) ~[spring-web-6.1.11.jar:6.1.11]
	at org.springframework.web.servlet.handler.HandlerMappingIntrospector.lambda$createCacheFilter$3(HandlerMappingIntrospector.java:195) ~[spring-webmvc-6.1.11.jar:6.1.11]
	at org.springframework.web.filter.CompositeFilter$VirtualFilterChain.doFilter(CompositeFilter.java:113) ~[spring-web-6.1.11.jar:6.1.11]
	at org.springframework.web.filter.CompositeFilter.doFilter(CompositeFilter.java:74) ~[spring-web-6.1.11.jar:6.1.11]
	at org.springframework.security.config.annotation.web.configuration.WebMvcSecurityConfiguration$CompositeFilterChainProxy.doFilter(WebMvcSecurityConfiguration.java:230) ~[spring-security-config-6.3.1.jar:6.3.1]
	at org.springframework.web.filter.DelegatingFilterProxy.invokeDelegate(DelegatingFilterProxy.java:352) ~[spring-web-6.1.11.jar:6.1.11]
	at org.springframework.web.filter.DelegatingFilterProxy.doFilter(DelegatingFilterProxy.java:268) ~[spring-web-6.1.11.jar:6.1.11]
	at org.apache.catalina.core.ApplicationFilterChain.internalDoFilter(ApplicationFilterChain.java:164) ~[tomcat-embed-core-10.1.26.jar:10.1.26]
	at org.apache.catalina.core.ApplicationFilterChain.doFilter(ApplicationFilterChain.java:140) ~[tomcat-embed-core-10.1.26.jar:10.1.26]
	at org.springframework.web.filter.RequestContextFilter.doFilterInternal(RequestContextFilter.java:100) ~[spring-web-6.1.11.jar:6.1.11]
	at org.springframework.web.filter.OncePerRequestFilter.doFilter(OncePerRequestFilter.java:116) ~[spring-web-6.1.11.jar:6.1.11]
	at org.apache.catalina.core.ApplicationFilterChain.internalDoFilter(ApplicationFilterChain.java:164) ~[tomcat-embed-core-10.1.26.jar:10.1.26]
	at org.apache.catalina.core.ApplicationFilterChain.doFilter(ApplicationFilterChain.java:140) ~[tomcat-embed-core-10.1.26.jar:10.1.26]
	at org.springframework.web.filter.FormContentFilter.doFilterInternal(FormContentFilter.java:93) ~[spring-web-6.1.11.jar:6.1.11]
	at org.springframework.web.filter.OncePerRequestFilter.doFilter(OncePerRequestFilter.java:116) ~[spring-web-6.1.11.jar:6.1.11]
	at org.apache.catalina.core.ApplicationFilterChain.internalDoFilter(ApplicationFilterChain.java:164) ~[tomcat-embed-core-10.1.26.jar:10.1.26]
	at org.apache.catalina.core.ApplicationFilterChain.doFilter(ApplicationFilterChain.java:140) ~[tomcat-embed-core-10.1.26.jar:10.1.26]
	at org.springframework.web.filter.CharacterEncodingFilter.doFilterInternal(CharacterEncodingFilter.java:201) ~[spring-web-6.1.11.jar:6.1.11]
	at org.springframework.web.filter.OncePerRequestFilter.doFilter(OncePerRequestFilter.java:116) ~[spring-web-6.1.11.jar:6.1.11]
	at org.apache.catalina.core.ApplicationFilterChain.internalDoFilter(ApplicationFilterChain.java:164) ~[tomcat-embed-core-10.1.26.jar:10.1.26]
	at org.apache.catalina.core.ApplicationFilterChain.doFilter(ApplicationFilterChain.java:140) ~[tomcat-embed-core-10.1.26.jar:10.1.26]
	at org.apache.catalina.core.StandardWrapperValve.invoke(StandardWrapperValve.java:167) ~[tomcat-embed-core-10.1.26.jar:10.1.26]
	at org.apache.catalina.core.StandardContextValve.invoke(StandardContextValve.java:90) ~[tomcat-embed-core-10.1.26.jar:10.1.26]
	at org.apache.catalina.authenticator.AuthenticatorBase.invoke(AuthenticatorBase.java:483) ~[tomcat-embed-core-10.1.26.jar:10.1.26]
	at org.apache.catalina.core.StandardHostValve.invoke(StandardHostValve.java:115) ~[tomcat-embed-core-10.1.26.jar:10.1.26]
	at org.apache.catalina.valves.ErrorReportValve.invoke(ErrorReportValve.java:93) ~[tomcat-embed-core-10.1.26.jar:10.1.26]
	at org.apache.catalina.core.StandardEngineValve.invoke(StandardEngineValve.java:74) ~[tomcat-embed-core-10.1.26.jar:10.1.26]
	at org.apache.catalina.connector.CoyoteAdapter.service(CoyoteAdapter.java:344) ~[tomcat-embed-core-10.1.26.jar:10.1.26]
	at org.apache.coyote.http11.Http11Processor.service(Http11Processor.java:389) ~[tomcat-embed-core-10.1.26.jar:10.1.26]
	at org.apache.coyote.AbstractProcessorLight.process(AbstractProcessorLight.java:63) ~[tomcat-embed-core-10.1.26.jar:10.1.26]
	at org.apache.coyote.AbstractProtocol$ConnectionHandler.process(AbstractProtocol.java:904) ~[tomcat-embed-core-10.1.26.jar:10.1.26]
	at org.apache.tomcat.util.net.NioEndpoint$SocketProcessor.doRun(NioEndpoint.java:1741) ~[tomcat-embed-core-10.1.26.jar:10.1.26]
	at org.apache.tomcat.util.net.SocketProcessorBase.run(SocketProcessorBase.java:52) ~[tomcat-embed-core-10.1.26.jar:10.1.26]
	at org.apache.tomcat.util.threads.ThreadPoolExecutor.runWorker(ThreadPoolExecutor.java:1190) ~[tomcat-embed-core-10.1.26.jar:10.1.26]
	at org.apache.tomcat.util.threads.ThreadPoolExecutor$Worker.run(ThreadPoolExecutor.java:659) ~[tomcat-embed-core-10.1.26.jar:10.1.26]
	at org.apache.tomcat.util.threads.TaskThread$WrappingRunnable.run(TaskThread.java:63) ~[tomcat-embed-core-10.1.26.jar:10.1.26]
	at java.base/java.lang.Thread.run(Thread.java:1583) ~[na:na]

2024-12-27T19:53:08.022+02:00  INFO 22063 --- [Library_Management_System] [SpringApplicationShutdownHook] j.LocalContainerEntityManagerFactoryBean : Closing JPA EntityManagerFactory for persistence unit 'default'
2024-12-27T19:53:08.025+02:00  INFO 22063 --- [Library_Management_System] [SpringApplicationShutdownHook] com.zaxxer.hikari.HikariDataSource       : HikariPool-1 - Shutdown initiated...
2024-12-27T19:53:08.029+02:00  INFO 22063 --- [Library_Management_System] [SpringApplicationShutdownHook] com.zaxxer.hikari.HikariDataSource       : HikariPool-1 - Shutdown completed.
2024-12-27T19:53:10.175+02:00  INFO 22349 --- [Library_Management_System] [restartedMain] c.s.l.LibraryManagementSystemApplication : Starting LibraryManagementSystemApplication using Java 21.0.1 with PID 22349 (/home/helmi/Projects/Library_Management_System/target/classes started by helmi in /home/helmi/Projects/Library_Management_System)
2024-12-27T19:53:10.176+02:00  INFO 22349 --- [Library_Management_System] [restartedMain] c.s.l.LibraryManagementSystemApplication : No active profile set, falling back to 1 default profile: "default"
2024-12-27T19:53:10.204+02:00  INFO 22349 --- [Library_Management_System] [restartedMain] .e.DevToolsPropertyDefaultsPostProcessor : Devtools property defaults active! Set 'spring.devtools.add-properties' to 'false' to disable
2024-12-27T19:53:10.205+02:00  INFO 22349 --- [Library_Management_System] [restartedMain] .e.DevToolsPropertyDefaultsPostProcessor : For additional web related logging consider setting the 'logging.level.web' property to 'DEBUG'
2024-12-27T19:53:10.606+02:00  INFO 22349 --- [Library_Management_System] [restartedMain] .s.d.r.c.RepositoryConfigurationDelegate : Bootstrapping Spring Data JPA repositories in DEFAULT mode.
2024-12-27T19:53:10.645+02:00  INFO 22349 --- [Library_Management_System] [restartedMain] .s.d.r.c.RepositoryConfigurationDelegate : Finished Spring Data repository scanning in 34 ms. Found 3 JPA repository interfaces.
2024-12-27T19:53:11.056+02:00  INFO 22349 --- [Library_Management_System] [restartedMain] o.s.b.w.embedded.tomcat.TomcatWebServer  : Tomcat initialized with port 8080 (http)
2024-12-27T19:53:11.062+02:00  INFO 22349 --- [Library_Management_System] [restartedMain] o.apache.catalina.core.StandardService   : Starting service [Tomcat]
2024-12-27T19:53:11.062+02:00  INFO 22349 --- [Library_Management_System] [restartedMain] o.apache.catalina.core.StandardEngine    : Starting Servlet engine: [Apache Tomcat/10.1.26]
2024-12-27T19:53:11.081+02:00  INFO 22349 --- [Library_Management_System] [restartedMain] o.a.c.c.C.[Tomcat].[localhost].[/]       : Initializing Spring embedded WebApplicationContext
2024-12-27T19:53:11.082+02:00  INFO 22349 --- [Library_Management_System] [restartedMain] w.s.c.ServletWebServerApplicationContext : Root WebApplicationContext: initialization completed in 877 ms
2024-12-27T19:53:11.201+02:00  INFO 22349 --- [Library_Management_System] [restartedMain] o.hibernate.jpa.internal.util.LogHelper  : HHH000204: Processing PersistenceUnitInfo [name: default]
2024-12-27T19:53:11.225+02:00  INFO 22349 --- [Library_Management_System] [restartedMain] org.hibernate.Version                    : HHH000412: Hibernate ORM core version 6.5.2.Final
2024-12-27T19:53:11.241+02:00  INFO 22349 --- [Library_Management_System] [restartedMain] o.h.c.internal.RegionFactoryInitiator    : HHH000026: Second-level cache disabled
2024-12-27T19:53:11.405+02:00  INFO 22349 --- [Library_Management_System] [restartedMain] o.s.o.j.p.SpringPersistenceUnitInfo      : No LoadTimeWeaver setup: ignoring JPA class transformer
2024-12-27T19:53:11.417+02:00  INFO 22349 --- [Library_Management_System] [restartedMain] com.zaxxer.hikari.HikariDataSource       : HikariPool-1 - Starting...
2024-12-27T19:53:11.595+02:00  INFO 22349 --- [Library_Management_System] [restartedMain] com.zaxxer.hikari.pool.HikariPool        : HikariPool-1 - Added connection com.mysql.cj.jdbc.ConnectionImpl@91db7ab
2024-12-27T19:53:11.596+02:00  INFO 22349 --- [Library_Management_System] [restartedMain] com.zaxxer.hikari.HikariDataSource       : HikariPool-1 - Start completed.
2024-12-27T19:53:12.147+02:00  INFO 22349 --- [Library_Management_System] [restartedMain] o.h.e.t.j.p.i.JtaPlatformInitiator       : HHH000489: No JTA platform available (set 'hibernate.transaction.jta.platform' to enable JTA platform integration)
2024-12-27T19:53:12.186+02:00  INFO 22349 --- [Library_Management_System] [restartedMain] j.LocalContainerEntityManagerFactoryBean : Initialized JPA EntityManagerFactory for persistence unit 'default'
2024-12-27T19:53:12.409+02:00  INFO 22349 --- [Library_Management_System] [restartedMain] eAuthenticationProviderManagerConfigurer : Global AuthenticationManager configured with AuthenticationProvider bean with name authProvider
2024-12-27T19:53:12.410+02:00  WARN 22349 --- [Library_Management_System] [restartedMain] r$InitializeUserDetailsManagerConfigurer : Global AuthenticationManager configured with an AuthenticationProvider bean. UserDetailsService beans will not be used for username/password login. Consider removing the AuthenticationProvider bean. Alternatively, consider using the UserDetailsService in a manually instantiated DaoAuthenticationProvider.
2024-12-27T19:53:12.473+02:00  INFO 22349 --- [Library_Management_System] [restartedMain] o.s.d.j.r.query.QueryEnhancerFactory     : Hibernate is in classpath; If applicable, HQL parser will be used.
2024-12-27T19:53:12.716+02:00  WARN 22349 --- [Library_Management_System] [restartedMain] JpaBaseConfiguration$JpaWebConfiguration : spring.jpa.open-in-view is enabled by default. Therefore, database queries may be performed during view rendering. Explicitly configure spring.jpa.open-in-view to disable this warning
2024-12-27T19:53:13.095+02:00  INFO 22349 --- [Library_Management_System] [restartedMain] o.s.b.d.a.OptionalLiveReloadServer       : LiveReload server is running on port 35729
2024-12-27T19:53:13.121+02:00  INFO 22349 --- [Library_Management_System] [restartedMain] o.s.b.w.embedded.tomcat.TomcatWebServer  : Tomcat started on port 8080 (http) with context path '/'
2024-12-27T19:53:13.127+02:00  INFO 22349 --- [Library_Management_System] [restartedMain] c.s.l.LibraryManagementSystemApplication : Started LibraryManagementSystemApplication in 3.182 seconds (process running for 3.568)
2024-12-27T19:53:23.249+02:00  INFO 22349 --- [Library_Management_System] [http-nio-8080-exec-2] o.a.c.c.C.[Tomcat].[localhost].[/]       : Initializing Spring DispatcherServlet 'dispatcherServlet'
2024-12-27T19:53:23.249+02:00  INFO 22349 --- [Library_Management_System] [http-nio-8080-exec-2] o.s.web.servlet.DispatcherServlet        : Initializing Servlet 'dispatcherServlet'
2024-12-27T19:53:23.250+02:00  INFO 22349 --- [Library_Management_System] [http-nio-8080-exec-2] o.s.web.servlet.DispatcherServlet        : Completed initialization in 1 ms
2024-12-27T19:53:23.445+02:00  WARN 22349 --- [Library_Management_System] [http-nio-8080-exec-2] .m.m.a.ExceptionHandlerExceptionResolver : Resolved [org.springframework.security.authorization.AuthorizationDeniedException: Access Denied]
2024-12-27T19:56:05.864+02:00  INFO 22349 --- [Library_Management_System] [SpringApplicationShutdownHook] j.LocalContainerEntityManagerFactoryBean : Closing JPA EntityManagerFactory for persistence unit 'default'
2024-12-27T19:56:05.867+02:00  INFO 22349 --- [Library_Management_System] [SpringApplicationShutdownHook] com.zaxxer.hikari.HikariDataSource       : HikariPool-1 - Shutdown initiated...
2024-12-27T19:56:05.872+02:00  INFO 22349 --- [Library_Management_System] [SpringApplicationShutdownHook] com.zaxxer.hikari.HikariDataSource       : HikariPool-1 - Shutdown completed.
2024-12-27T19:56:08.648+02:00  INFO 22653 --- [Library_Management_System] [restartedMain] c.s.l.LibraryManagementSystemApplication : Starting LibraryManagementSystemApplication using Java 21.0.1 with PID 22653 (/home/helmi/Projects/Library_Management_System/target/classes started by helmi in /home/helmi/Projects/Library_Management_System)
2024-12-27T19:56:08.650+02:00  INFO 22653 --- [Library_Management_System] [restartedMain] c.s.l.LibraryManagementSystemApplication : No active profile set, falling back to 1 default profile: "default"
2024-12-27T19:56:08.678+02:00  INFO 22653 --- [Library_Management_System] [restartedMain] .e.DevToolsPropertyDefaultsPostProcessor : Devtools property defaults active! Set 'spring.devtools.add-properties' to 'false' to disable
2024-12-27T19:56:08.678+02:00  INFO 22653 --- [Library_Management_System] [restartedMain] .e.DevToolsPropertyDefaultsPostProcessor : For additional web related logging consider setting the 'logging.level.web' property to 'DEBUG'
2024-12-27T19:56:09.063+02:00  INFO 22653 --- [Library_Management_System] [restartedMain] .s.d.r.c.RepositoryConfigurationDelegate : Bootstrapping Spring Data JPA repositories in DEFAULT mode.
2024-12-27T19:56:09.093+02:00  INFO 22653 --- [Library_Management_System] [restartedMain] .s.d.r.c.RepositoryConfigurationDelegate : Finished Spring Data repository scanning in 26 ms. Found 3 JPA repository interfaces.
2024-12-27T19:56:09.490+02:00  INFO 22653 --- [Library_Management_System] [restartedMain] o.s.b.w.embedded.tomcat.TomcatWebServer  : Tomcat initialized with port 8080 (http)
2024-12-27T19:56:09.496+02:00  INFO 22653 --- [Library_Management_System] [restartedMain] o.apache.catalina.core.StandardService   : Starting service [Tomcat]
2024-12-27T19:56:09.496+02:00  INFO 22653 --- [Library_Management_System] [restartedMain] o.apache.catalina.core.StandardEngine    : Starting Servlet engine: [Apache Tomcat/10.1.26]
2024-12-27T19:56:09.515+02:00  INFO 22653 --- [Library_Management_System] [restartedMain] o.a.c.c.C.[Tomcat].[localhost].[/]       : Initializing Spring embedded WebApplicationContext
2024-12-27T19:56:09.515+02:00  INFO 22653 --- [Library_Management_System] [restartedMain] w.s.c.ServletWebServerApplicationContext : Root WebApplicationContext: initialization completed in 837 ms
2024-12-27T19:56:09.630+02:00  INFO 22653 --- [Library_Management_System] [restartedMain] o.hibernate.jpa.internal.util.LogHelper  : HHH000204: Processing PersistenceUnitInfo [name: default]
2024-12-27T19:56:09.660+02:00  INFO 22653 --- [Library_Management_System] [restartedMain] org.hibernate.Version                    : HHH000412: Hibernate ORM core version 6.5.2.Final
2024-12-27T19:56:09.675+02:00  INFO 22653 --- [Library_Management_System] [restartedMain] o.h.c.internal.RegionFactoryInitiator    : HHH000026: Second-level cache disabled
2024-12-27T19:56:09.843+02:00  INFO 22653 --- [Library_Management_System] [restartedMain] o.s.o.j.p.SpringPersistenceUnitInfo      : No LoadTimeWeaver setup: ignoring JPA class transformer
2024-12-27T19:56:09.857+02:00  INFO 22653 --- [Library_Management_System] [restartedMain] com.zaxxer.hikari.HikariDataSource       : HikariPool-1 - Starting...
2024-12-27T19:56:10.058+02:00  INFO 22653 --- [Library_Management_System] [restartedMain] com.zaxxer.hikari.pool.HikariPool        : HikariPool-1 - Added connection com.mysql.cj.jdbc.ConnectionImpl@5a730970
2024-12-27T19:56:10.060+02:00  INFO 22653 --- [Library_Management_System] [restartedMain] com.zaxxer.hikari.HikariDataSource       : HikariPool-1 - Start completed.
2024-12-27T19:56:10.648+02:00  INFO 22653 --- [Library_Management_System] [restartedMain] o.h.e.t.j.p.i.JtaPlatformInitiator       : HHH000489: No JTA platform available (set 'hibernate.transaction.jta.platform' to enable JTA platform integration)
2024-12-27T19:56:10.684+02:00  INFO 22653 --- [Library_Management_System] [restartedMain] j.LocalContainerEntityManagerFactoryBean : Initialized JPA EntityManagerFactory for persistence unit 'default'
2024-12-27T19:56:10.896+02:00  INFO 22653 --- [Library_Management_System] [restartedMain] eAuthenticationProviderManagerConfigurer : Global AuthenticationManager configured with AuthenticationProvider bean with name authProvider
2024-12-27T19:56:10.896+02:00  WARN 22653 --- [Library_Management_System] [restartedMain] r$InitializeUserDetailsManagerConfigurer : Global AuthenticationManager configured with an AuthenticationProvider bean. UserDetailsService beans will not be used for username/password login. Consider removing the AuthenticationProvider bean. Alternatively, consider using the UserDetailsService in a manually instantiated DaoAuthenticationProvider.
2024-12-27T19:56:10.954+02:00  INFO 22653 --- [Library_Management_System] [restartedMain] o.s.d.j.r.query.QueryEnhancerFactory     : Hibernate is in classpath; If applicable, HQL parser will be used.
2024-12-27T19:56:11.204+02:00  WARN 22653 --- [Library_Management_System] [restartedMain] JpaBaseConfiguration$JpaWebConfiguration : spring.jpa.open-in-view is enabled by default. Therefore, database queries may be performed during view rendering. Explicitly configure spring.jpa.open-in-view to disable this warning
2024-12-27T19:56:11.585+02:00  INFO 22653 --- [Library_Management_System] [restartedMain] o.s.b.d.a.OptionalLiveReloadServer       : LiveReload server is running on port 35729
2024-12-27T19:56:11.605+02:00  INFO 22653 --- [Library_Management_System] [restartedMain] o.s.b.w.embedded.tomcat.TomcatWebServer  : Tomcat started on port 8080 (http) with context path '/'
2024-12-27T19:56:11.611+02:00  INFO 22653 --- [Library_Management_System] [restartedMain] c.s.l.LibraryManagementSystemApplication : Started LibraryManagementSystemApplication in 3.199 seconds (process running for 3.557)
2024-12-27T19:56:23.643+02:00  INFO 22653 --- [Library_Management_System] [http-nio-8080-exec-1] o.a.c.c.C.[Tomcat].[localhost].[/]       : Initializing Spring DispatcherServlet 'dispatcherServlet'
2024-12-27T19:56:23.643+02:00  INFO 22653 --- [Library_Management_System] [http-nio-8080-exec-1] o.s.web.servlet.DispatcherServlet        : Initializing Servlet 'dispatcherServlet'
2024-12-27T19:56:23.644+02:00  INFO 22653 --- [Library_Management_System] [http-nio-8080-exec-1] o.s.web.servlet.DispatcherServlet        : Completed initialization in 0 ms
2024-12-27T19:56:23.714+02:00 ERROR 22653 --- [Library_Management_System] [http-nio-8080-exec-1] o.a.c.c.C.[.[.[/].[dispatcherServlet]    : Servlet.service() for servlet [dispatcherServlet] in context with path [] threw exception

io.jsonwebtoken.ExpiredJwtException: JWT expired 83713 milliseconds ago at 2024-12-27T17:55:00.000Z. Current time: 2024-12-27T17:56:23.713Z. Allowed clock skew: 0 milliseconds.
	at io.jsonwebtoken.impl.DefaultJwtParser.parse(DefaultJwtParser.java:691) ~[jjwt-impl-0.12.6.jar:0.12.6]
	at io.jsonwebtoken.impl.DefaultJwtParser.parse(DefaultJwtParser.java:364) ~[jjwt-impl-0.12.6.jar:0.12.6]
	at io.jsonwebtoken.impl.DefaultJwtParser.parse(DefaultJwtParser.java:94) ~[jjwt-impl-0.12.6.jar:0.12.6]
	at io.jsonwebtoken.impl.io.AbstractParser.parse(AbstractParser.java:36) ~[jjwt-impl-0.12.6.jar:0.12.6]
	at io.jsonwebtoken.impl.io.AbstractParser.parse(AbstractParser.java:29) ~[jjwt-impl-0.12.6.jar:0.12.6]
	at io.jsonwebtoken.impl.DefaultJwtParser.parseSignedClaims(DefaultJwtParser.java:830) ~[jjwt-impl-0.12.6.jar:0.12.6]
	at com.spring.library_management_system.service.JwtService.extractAllClaims(JwtService.java:52) ~[classes/:na]
	at com.spring.library_management_system.service.JwtService.extractClaim(JwtService.java:45) ~[classes/:na]
	at com.spring.library_management_system.service.JwtService.extractUserName(JwtService.java:41) ~[classes/:na]
	at com.spring.library_management_system.config.JwtAuthenticationFilter.doFilterInternal(JwtAuthenticationFilter.java:36) ~[classes/:na]
	at org.springframework.web.filter.OncePerRequestFilter.doFilter(OncePerRequestFilter.java:116) ~[spring-web-6.1.11.jar:6.1.11]
	at org.springframework.security.web.FilterChainProxy$VirtualFilterChain.doFilter(FilterChainProxy.java:374) ~[spring-security-web-6.3.1.jar:6.3.1]
	at org.springframework.security.web.authentication.logout.LogoutFilter.doFilter(LogoutFilter.java:107) ~[spring-security-web-6.3.1.jar:6.3.1]
	at org.springframework.security.web.authentication.logout.LogoutFilter.doFilter(LogoutFilter.java:93) ~[spring-security-web-6.3.1.jar:6.3.1]
	at org.springframework.security.web.FilterChainProxy$VirtualFilterChain.doFilter(FilterChainProxy.java:374) ~[spring-security-web-6.3.1.jar:6.3.1]
	at org.springframework.web.filter.CorsFilter.doFilterInternal(CorsFilter.java:91) ~[spring-web-6.1.11.jar:6.1.11]
	at org.springframework.web.filter.OncePerRequestFilter.doFilter(OncePerRequestFilter.java:116) ~[spring-web-6.1.11.jar:6.1.11]
	at org.springframework.security.web.FilterChainProxy$VirtualFilterChain.doFilter(FilterChainProxy.java:374) ~[spring-security-web-6.3.1.jar:6.3.1]
	at org.springframework.security.web.header.HeaderWriterFilter.doHeadersAfter(HeaderWriterFilter.java:90) ~[spring-security-web-6.3.1.jar:6.3.1]
	at org.springframework.security.web.header.HeaderWriterFilter.doFilterInternal(HeaderWriterFilter.java:75) ~[spring-security-web-6.3.1.jar:6.3.1]
	at org.springframework.web.filter.OncePerRequestFilter.doFilter(OncePerRequestFilter.java:116) ~[spring-web-6.1.11.jar:6.1.11]
	at org.springframework.security.web.FilterChainProxy$VirtualFilterChain.doFilter(FilterChainProxy.java:374) ~[spring-security-web-6.3.1.jar:6.3.1]
	at org.springframework.security.web.context.SecurityContextHolderFilter.doFilter(SecurityContextHolderFilter.java:82) ~[spring-security-web-6.3.1.jar:6.3.1]
	at org.springframework.security.web.context.SecurityContextHolderFilter.doFilter(SecurityContextHolderFilter.java:69) ~[spring-security-web-6.3.1.jar:6.3.1]
	at org.springframework.security.web.FilterChainProxy$VirtualFilterChain.doFilter(FilterChainProxy.java:374) ~[spring-security-web-6.3.1.jar:6.3.1]
	at org.springframework.security.web.context.request.async.WebAsyncManagerIntegrationFilter.doFilterInternal(WebAsyncManagerIntegrationFilter.java:62) ~[spring-security-web-6.3.1.jar:6.3.1]
	at org.springframework.web.filter.OncePerRequestFilter.doFilter(OncePerRequestFilter.java:116) ~[spring-web-6.1.11.jar:6.1.11]
	at org.springframework.security.web.FilterChainProxy$VirtualFilterChain.doFilter(FilterChainProxy.java:374) ~[spring-security-web-6.3.1.jar:6.3.1]
	at org.springframework.security.web.session.DisableEncodeUrlFilter.doFilterInternal(DisableEncodeUrlFilter.java:42) ~[spring-security-web-6.3.1.jar:6.3.1]
	at org.springframework.web.filter.OncePerRequestFilter.doFilter(OncePerRequestFilter.java:116) ~[spring-web-6.1.11.jar:6.1.11]
	at org.springframework.security.web.FilterChainProxy$VirtualFilterChain.doFilter(FilterChainProxy.java:374) ~[spring-security-web-6.3.1.jar:6.3.1]
	at org.springframework.security.web.FilterChainProxy.doFilterInternal(FilterChainProxy.java:233) ~[spring-security-web-6.3.1.jar:6.3.1]
	at org.springframework.security.web.FilterChainProxy.doFilter(FilterChainProxy.java:191) ~[spring-security-web-6.3.1.jar:6.3.1]
	at org.springframework.web.filter.CompositeFilter$VirtualFilterChain.doFilter(CompositeFilter.java:113) ~[spring-web-6.1.11.jar:6.1.11]
	at org.springframework.web.servlet.handler.HandlerMappingIntrospector.lambda$createCacheFilter$3(HandlerMappingIntrospector.java:195) ~[spring-webmvc-6.1.11.jar:6.1.11]
	at org.springframework.web.filter.CompositeFilter$VirtualFilterChain.doFilter(CompositeFilter.java:113) ~[spring-web-6.1.11.jar:6.1.11]
	at org.springframework.web.filter.CompositeFilter.doFilter(CompositeFilter.java:74) ~[spring-web-6.1.11.jar:6.1.11]
	at org.springframework.security.config.annotation.web.configuration.WebMvcSecurityConfiguration$CompositeFilterChainProxy.doFilter(WebMvcSecurityConfiguration.java:230) ~[spring-security-config-6.3.1.jar:6.3.1]
	at org.springframework.web.filter.DelegatingFilterProxy.invokeDelegate(DelegatingFilterProxy.java:352) ~[spring-web-6.1.11.jar:6.1.11]
	at org.springframework.web.filter.DelegatingFilterProxy.doFilter(DelegatingFilterProxy.java:268) ~[spring-web-6.1.11.jar:6.1.11]
	at org.apache.catalina.core.ApplicationFilterChain.internalDoFilter(ApplicationFilterChain.java:164) ~[tomcat-embed-core-10.1.26.jar:10.1.26]
	at org.apache.catalina.core.ApplicationFilterChain.doFilter(ApplicationFilterChain.java:140) ~[tomcat-embed-core-10.1.26.jar:10.1.26]
	at org.springframework.web.filter.RequestContextFilter.doFilterInternal(RequestContextFilter.java:100) ~[spring-web-6.1.11.jar:6.1.11]
	at org.springframework.web.filter.OncePerRequestFilter.doFilter(OncePerRequestFilter.java:116) ~[spring-web-6.1.11.jar:6.1.11]
	at org.apache.catalina.core.ApplicationFilterChain.internalDoFilter(ApplicationFilterChain.java:164) ~[tomcat-embed-core-10.1.26.jar:10.1.26]
	at org.apache.catalina.core.ApplicationFilterChain.doFilter(ApplicationFilterChain.java:140) ~[tomcat-embed-core-10.1.26.jar:10.1.26]
	at org.springframework.web.filter.FormContentFilter.doFilterInternal(FormContentFilter.java:93) ~[spring-web-6.1.11.jar:6.1.11]
	at org.springframework.web.filter.OncePerRequestFilter.doFilter(OncePerRequestFilter.java:116) ~[spring-web-6.1.11.jar:6.1.11]
	at org.apache.catalina.core.ApplicationFilterChain.internalDoFilter(ApplicationFilterChain.java:164) ~[tomcat-embed-core-10.1.26.jar:10.1.26]
	at org.apache.catalina.core.ApplicationFilterChain.doFilter(ApplicationFilterChain.java:140) ~[tomcat-embed-core-10.1.26.jar:10.1.26]
	at org.springframework.web.filter.CharacterEncodingFilter.doFilterInternal(CharacterEncodingFilter.java:201) ~[spring-web-6.1.11.jar:6.1.11]
	at org.springframework.web.filter.OncePerRequestFilter.doFilter(OncePerRequestFilter.java:116) ~[spring-web-6.1.11.jar:6.1.11]
	at org.apache.catalina.core.ApplicationFilterChain.internalDoFilter(ApplicationFilterChain.java:164) ~[tomcat-embed-core-10.1.26.jar:10.1.26]
	at org.apache.catalina.core.ApplicationFilterChain.doFilter(ApplicationFilterChain.java:140) ~[tomcat-embed-core-10.1.26.jar:10.1.26]
	at org.apache.catalina.core.StandardWrapperValve.invoke(StandardWrapperValve.java:167) ~[tomcat-embed-core-10.1.26.jar:10.1.26]
	at org.apache.catalina.core.StandardContextValve.invoke(StandardContextValve.java:90) ~[tomcat-embed-core-10.1.26.jar:10.1.26]
	at org.apache.catalina.authenticator.AuthenticatorBase.invoke(AuthenticatorBase.java:483) ~[tomcat-embed-core-10.1.26.jar:10.1.26]
	at org.apache.catalina.core.StandardHostValve.invoke(StandardHostValve.java:115) ~[tomcat-embed-core-10.1.26.jar:10.1.26]
	at org.apache.catalina.valves.ErrorReportValve.invoke(ErrorReportValve.java:93) ~[tomcat-embed-core-10.1.26.jar:10.1.26]
	at org.apache.catalina.core.StandardEngineValve.invoke(StandardEngineValve.java:74) ~[tomcat-embed-core-10.1.26.jar:10.1.26]
	at org.apache.catalina.connector.CoyoteAdapter.service(CoyoteAdapter.java:344) ~[tomcat-embed-core-10.1.26.jar:10.1.26]
	at org.apache.coyote.http11.Http11Processor.service(Http11Processor.java:389) ~[tomcat-embed-core-10.1.26.jar:10.1.26]
	at org.apache.coyote.AbstractProcessorLight.process(AbstractProcessorLight.java:63) ~[tomcat-embed-core-10.1.26.jar:10.1.26]
	at org.apache.coyote.AbstractProtocol$ConnectionHandler.process(AbstractProtocol.java:904) ~[tomcat-embed-core-10.1.26.jar:10.1.26]
	at org.apache.tomcat.util.net.NioEndpoint$SocketProcessor.doRun(NioEndpoint.java:1741) ~[tomcat-embed-core-10.1.26.jar:10.1.26]
	at org.apache.tomcat.util.net.SocketProcessorBase.run(SocketProcessorBase.java:52) ~[tomcat-embed-core-10.1.26.jar:10.1.26]
	at org.apache.tomcat.util.threads.ThreadPoolExecutor.runWorker(ThreadPoolExecutor.java:1190) ~[tomcat-embed-core-10.1.26.jar:10.1.26]
	at org.apache.tomcat.util.threads.ThreadPoolExecutor$Worker.run(ThreadPoolExecutor.java:659) ~[tomcat-embed-core-10.1.26.jar:10.1.26]
	at org.apache.tomcat.util.threads.TaskThread$WrappingRunnable.run(TaskThread.java:63) ~[tomcat-embed-core-10.1.26.jar:10.1.26]
	at java.base/java.lang.Thread.run(Thread.java:1583) ~[na:na]

2024-12-27T19:56:46.807+02:00  WARN 22653 --- [Library_Management_System] [http-nio-8080-exec-4] .m.m.a.ExceptionHandlerExceptionResolver : Resolved [org.springframework.security.authorization.AuthorizationDeniedException: Access Denied]
2024-12-27T19:58:26.892+02:00  WARN 22653 --- [Library_Management_System] [http-nio-8080-exec-7] .m.m.a.ExceptionHandlerExceptionResolver : Resolved [org.springframework.security.authorization.AuthorizationDeniedException: Access Denied]
2024-12-27T19:58:29.080+02:00  INFO 22653 --- [Library_Management_System] [SpringApplicationShutdownHook] j.LocalContainerEntityManagerFactoryBean : Closing JPA EntityManagerFactory for persistence unit 'default'
2024-12-27T19:58:29.082+02:00  INFO 22653 --- [Library_Management_System] [SpringApplicationShutdownHook] com.zaxxer.hikari.HikariDataSource       : HikariPool-1 - Shutdown initiated...
2024-12-27T19:58:29.087+02:00  INFO 22653 --- [Library_Management_System] [SpringApplicationShutdownHook] com.zaxxer.hikari.HikariDataSource       : HikariPool-1 - Shutdown completed.
2024-12-27T19:58:31.394+02:00  INFO 22943 --- [Library_Management_System] [restartedMain] c.s.l.LibraryManagementSystemApplication : Starting LibraryManagementSystemApplication using Java 21.0.1 with PID 22943 (/home/helmi/Projects/Library_Management_System/target/classes started by helmi in /home/helmi/Projects/Library_Management_System)
2024-12-27T19:58:31.395+02:00  INFO 22943 --- [Library_Management_System] [restartedMain] c.s.l.LibraryManagementSystemApplication : No active profile set, falling back to 1 default profile: "default"
2024-12-27T19:58:31.423+02:00  INFO 22943 --- [Library_Management_System] [restartedMain] .e.DevToolsPropertyDefaultsPostProcessor : Devtools property defaults active! Set 'spring.devtools.add-properties' to 'false' to disable
2024-12-27T19:58:31.423+02:00  INFO 22943 --- [Library_Management_System] [restartedMain] .e.DevToolsPropertyDefaultsPostProcessor : For additional web related logging consider setting the 'logging.level.web' property to 'DEBUG'
2024-12-27T19:58:31.860+02:00  INFO 22943 --- [Library_Management_System] [restartedMain] .s.d.r.c.RepositoryConfigurationDelegate : Bootstrapping Spring Data JPA repositories in DEFAULT mode.
2024-12-27T19:58:31.893+02:00  INFO 22943 --- [Library_Management_System] [restartedMain] .s.d.r.c.RepositoryConfigurationDelegate : Finished Spring Data repository scanning in 29 ms. Found 3 JPA repository interfaces.
2024-12-27T19:58:32.314+02:00  INFO 22943 --- [Library_Management_System] [restartedMain] o.s.b.w.embedded.tomcat.TomcatWebServer  : Tomcat initialized with port 8080 (http)
2024-12-27T19:58:32.321+02:00  INFO 22943 --- [Library_Management_System] [restartedMain] o.apache.catalina.core.StandardService   : Starting service [Tomcat]
2024-12-27T19:58:32.322+02:00  INFO 22943 --- [Library_Management_System] [restartedMain] o.apache.catalina.core.StandardEngine    : Starting Servlet engine: [Apache Tomcat/10.1.26]
2024-12-27T19:58:32.344+02:00  INFO 22943 --- [Library_Management_System] [restartedMain] o.a.c.c.C.[Tomcat].[localhost].[/]       : Initializing Spring embedded WebApplicationContext
2024-12-27T19:58:32.344+02:00  INFO 22943 --- [Library_Management_System] [restartedMain] w.s.c.ServletWebServerApplicationContext : Root WebApplicationContext: initialization completed in 921 ms
2024-12-27T19:58:32.464+02:00  INFO 22943 --- [Library_Management_System] [restartedMain] o.hibernate.jpa.internal.util.LogHelper  : HHH000204: Processing PersistenceUnitInfo [name: default]
2024-12-27T19:58:32.489+02:00  INFO 22943 --- [Library_Management_System] [restartedMain] org.hibernate.Version                    : HHH000412: Hibernate ORM core version 6.5.2.Final
2024-12-27T19:58:32.503+02:00  INFO 22943 --- [Library_Management_System] [restartedMain] o.h.c.internal.RegionFactoryInitiator    : HHH000026: Second-level cache disabled
2024-12-27T19:58:32.676+02:00  INFO 22943 --- [Library_Management_System] [restartedMain] o.s.o.j.p.SpringPersistenceUnitInfo      : No LoadTimeWeaver setup: ignoring JPA class transformer
2024-12-27T19:58:32.689+02:00  INFO 22943 --- [Library_Management_System] [restartedMain] com.zaxxer.hikari.HikariDataSource       : HikariPool-1 - Starting...
2024-12-27T19:58:32.902+02:00  INFO 22943 --- [Library_Management_System] [restartedMain] com.zaxxer.hikari.pool.HikariPool        : HikariPool-1 - Added connection com.mysql.cj.jdbc.ConnectionImpl@579d6c0
2024-12-27T19:58:32.904+02:00  INFO 22943 --- [Library_Management_System] [restartedMain] com.zaxxer.hikari.HikariDataSource       : HikariPool-1 - Start completed.
2024-12-27T19:58:33.579+02:00  INFO 22943 --- [Library_Management_System] [restartedMain] o.h.e.t.j.p.i.JtaPlatformInitiator       : HHH000489: No JTA platform available (set 'hibernate.transaction.jta.platform' to enable JTA platform integration)
2024-12-27T19:58:33.616+02:00  INFO 22943 --- [Library_Management_System] [restartedMain] j.LocalContainerEntityManagerFactoryBean : Initialized JPA EntityManagerFactory for persistence unit 'default'
2024-12-27T19:58:33.824+02:00  INFO 22943 --- [Library_Management_System] [restartedMain] eAuthenticationProviderManagerConfigurer : Global AuthenticationManager configured with AuthenticationProvider bean with name authProvider
2024-12-27T19:58:33.824+02:00  WARN 22943 --- [Library_Management_System] [restartedMain] r$InitializeUserDetailsManagerConfigurer : Global AuthenticationManager configured with an AuthenticationProvider bean. UserDetailsService beans will not be used for username/password login. Consider removing the AuthenticationProvider bean. Alternatively, consider using the UserDetailsService in a manually instantiated DaoAuthenticationProvider.
2024-12-27T19:58:33.883+02:00  INFO 22943 --- [Library_Management_System] [restartedMain] o.s.d.j.r.query.QueryEnhancerFactory     : Hibernate is in classpath; If applicable, HQL parser will be used.
2024-12-27T19:58:34.132+02:00  WARN 22943 --- [Library_Management_System] [restartedMain] JpaBaseConfiguration$JpaWebConfiguration : spring.jpa.open-in-view is enabled by default. Therefore, database queries may be performed during view rendering. Explicitly configure spring.jpa.open-in-view to disable this warning
2024-12-27T19:58:34.532+02:00  INFO 22943 --- [Library_Management_System] [restartedMain] o.s.b.d.a.OptionalLiveReloadServer       : LiveReload server is running on port 35729
2024-12-27T19:58:34.555+02:00  INFO 22943 --- [Library_Management_System] [restartedMain] o.s.b.w.embedded.tomcat.TomcatWebServer  : Tomcat started on port 8080 (http) with context path '/'
2024-12-27T19:58:34.562+02:00  INFO 22943 --- [Library_Management_System] [restartedMain] c.s.l.LibraryManagementSystemApplication : Started LibraryManagementSystemApplication in 3.406 seconds (process running for 3.808)
2024-12-27T19:58:39.478+02:00  INFO 22943 --- [Library_Management_System] [http-nio-8080-exec-2] o.a.c.c.C.[Tomcat].[localhost].[/]       : Initializing Spring DispatcherServlet 'dispatcherServlet'
2024-12-27T19:58:39.478+02:00  INFO 22943 --- [Library_Management_System] [http-nio-8080-exec-2] o.s.web.servlet.DispatcherServlet        : Initializing Servlet 'dispatcherServlet'
2024-12-27T19:58:39.479+02:00  INFO 22943 --- [Library_Management_System] [http-nio-8080-exec-2] o.s.web.servlet.DispatcherServlet        : Completed initialization in 1 ms
2024-12-27T19:58:39.673+02:00  WARN 22943 --- [Library_Management_System] [http-nio-8080-exec-2] .m.m.a.ExceptionHandlerExceptionResolver : Resolved [org.springframework.security.authorization.AuthorizationDeniedException: Access Denied]
2024-12-27T20:01:08.608+02:00  INFO 22943 --- [Library_Management_System] [SpringApplicationShutdownHook] j.LocalContainerEntityManagerFactoryBean : Closing JPA EntityManagerFactory for persistence unit 'default'
2024-12-27T20:01:08.610+02:00  INFO 22943 --- [Library_Management_System] [SpringApplicationShutdownHook] com.zaxxer.hikari.HikariDataSource       : HikariPool-1 - Shutdown initiated...
2024-12-27T20:01:08.614+02:00  INFO 22943 --- [Library_Management_System] [SpringApplicationShutdownHook] com.zaxxer.hikari.HikariDataSource       : HikariPool-1 - Shutdown completed.
2024-12-27T20:01:18.780+02:00  INFO 23255 --- [Library_Management_System] [restartedMain] c.s.l.LibraryManagementSystemApplication : Starting LibraryManagementSystemApplication using Java 21.0.1 with PID 23255 (/home/helmi/Projects/Library_Management_System/target/classes started by helmi in /home/helmi/Projects/Library_Management_System)
2024-12-27T20:01:18.781+02:00  INFO 23255 --- [Library_Management_System] [restartedMain] c.s.l.LibraryManagementSystemApplication : No active profile set, falling back to 1 default profile: "default"
2024-12-27T20:01:18.810+02:00  INFO 23255 --- [Library_Management_System] [restartedMain] .e.DevToolsPropertyDefaultsPostProcessor : Devtools property defaults active! Set 'spring.devtools.add-properties' to 'false' to disable
2024-12-27T20:01:18.810+02:00  INFO 23255 --- [Library_Management_System] [restartedMain] .e.DevToolsPropertyDefaultsPostProcessor : For additional web related logging consider setting the 'logging.level.web' property to 'DEBUG'
2024-12-27T20:01:19.212+02:00  INFO 23255 --- [Library_Management_System] [restartedMain] .s.d.r.c.RepositoryConfigurationDelegate : Bootstrapping Spring Data JPA repositories in DEFAULT mode.
2024-12-27T20:01:19.253+02:00  INFO 23255 --- [Library_Management_System] [restartedMain] .s.d.r.c.RepositoryConfigurationDelegate : Finished Spring Data repository scanning in 32 ms. Found 3 JPA repository interfaces.
2024-12-27T20:01:19.685+02:00  INFO 23255 --- [Library_Management_System] [restartedMain] o.s.b.w.embedded.tomcat.TomcatWebServer  : Tomcat initialized with port 8080 (http)
2024-12-27T20:01:19.692+02:00  INFO 23255 --- [Library_Management_System] [restartedMain] o.apache.catalina.core.StandardService   : Starting service [Tomcat]
2024-12-27T20:01:19.692+02:00  INFO 23255 --- [Library_Management_System] [restartedMain] o.apache.catalina.core.StandardEngine    : Starting Servlet engine: [Apache Tomcat/10.1.26]
2024-12-27T20:01:19.712+02:00  INFO 23255 --- [Library_Management_System] [restartedMain] o.a.c.c.C.[Tomcat].[localhost].[/]       : Initializing Spring embedded WebApplicationContext
2024-12-27T20:01:19.712+02:00  INFO 23255 --- [Library_Management_System] [restartedMain] w.s.c.ServletWebServerApplicationContext : Root WebApplicationContext: initialization completed in 902 ms
2024-12-27T20:01:19.846+02:00  INFO 23255 --- [Library_Management_System] [restartedMain] o.hibernate.jpa.internal.util.LogHelper  : HHH000204: Processing PersistenceUnitInfo [name: default]
2024-12-27T20:01:19.879+02:00  INFO 23255 --- [Library_Management_System] [restartedMain] org.hibernate.Version                    : HHH000412: Hibernate ORM core version 6.5.2.Final
2024-12-27T20:01:19.896+02:00  INFO 23255 --- [Library_Management_System] [restartedMain] o.h.c.internal.RegionFactoryInitiator    : HHH000026: Second-level cache disabled
2024-12-27T20:01:20.065+02:00  INFO 23255 --- [Library_Management_System] [restartedMain] o.s.o.j.p.SpringPersistenceUnitInfo      : No LoadTimeWeaver setup: ignoring JPA class transformer
2024-12-27T20:01:20.082+02:00  INFO 23255 --- [Library_Management_System] [restartedMain] com.zaxxer.hikari.HikariDataSource       : HikariPool-1 - Starting...
2024-12-27T20:01:20.288+02:00  INFO 23255 --- [Library_Management_System] [restartedMain] com.zaxxer.hikari.pool.HikariPool        : HikariPool-1 - Added connection com.mysql.cj.jdbc.ConnectionImpl@436e9b58
2024-12-27T20:01:20.289+02:00  INFO 23255 --- [Library_Management_System] [restartedMain] com.zaxxer.hikari.HikariDataSource       : HikariPool-1 - Start completed.
2024-12-27T20:01:20.860+02:00  INFO 23255 --- [Library_Management_System] [restartedMain] o.h.e.t.j.p.i.JtaPlatformInitiator       : HHH000489: No JTA platform available (set 'hibernate.transaction.jta.platform' to enable JTA platform integration)
2024-12-27T20:01:20.897+02:00  INFO 23255 --- [Library_Management_System] [restartedMain] j.LocalContainerEntityManagerFactoryBean : Initialized JPA EntityManagerFactory for persistence unit 'default'
2024-12-27T20:01:21.108+02:00  INFO 23255 --- [Library_Management_System] [restartedMain] eAuthenticationProviderManagerConfigurer : Global AuthenticationManager configured with AuthenticationProvider bean with name authProvider
2024-12-27T20:01:21.109+02:00  WARN 23255 --- [Library_Management_System] [restartedMain] r$InitializeUserDetailsManagerConfigurer : Global AuthenticationManager configured with an AuthenticationProvider bean. UserDetailsService beans will not be used for username/password login. Consider removing the AuthenticationProvider bean. Alternatively, consider using the UserDetailsService in a manually instantiated DaoAuthenticationProvider.
2024-12-27T20:01:21.166+02:00  INFO 23255 --- [Library_Management_System] [restartedMain] o.s.d.j.r.query.QueryEnhancerFactory     : Hibernate is in classpath; If applicable, HQL parser will be used.
2024-12-27T20:01:21.419+02:00  WARN 23255 --- [Library_Management_System] [restartedMain] JpaBaseConfiguration$JpaWebConfiguration : spring.jpa.open-in-view is enabled by default. Therefore, database queries may be performed during view rendering. Explicitly configure spring.jpa.open-in-view to disable this warning
2024-12-27T20:01:21.794+02:00  INFO 23255 --- [Library_Management_System] [restartedMain] o.s.b.d.a.OptionalLiveReloadServer       : LiveReload server is running on port 35729
2024-12-27T20:01:21.817+02:00  INFO 23255 --- [Library_Management_System] [restartedMain] o.s.b.w.embedded.tomcat.TomcatWebServer  : Tomcat started on port 8080 (http) with context path '/'
2024-12-27T20:01:21.826+02:00  INFO 23255 --- [Library_Management_System] [restartedMain] c.s.l.LibraryManagementSystemApplication : Started LibraryManagementSystemApplication in 3.311 seconds (process running for 3.694)
2024-12-27T20:01:22.026+02:00  INFO 23255 --- [Library_Management_System] [http-nio-8080-exec-2] o.a.c.c.C.[Tomcat].[localhost].[/]       : Initializing Spring DispatcherServlet 'dispatcherServlet'
2024-12-27T20:01:22.026+02:00  INFO 23255 --- [Library_Management_System] [http-nio-8080-exec-2] o.s.web.servlet.DispatcherServlet        : Initializing Servlet 'dispatcherServlet'
2024-12-27T20:01:22.027+02:00  INFO 23255 --- [Library_Management_System] [http-nio-8080-exec-2] o.s.web.servlet.DispatcherServlet        : Completed initialization in 1 ms
2024-12-27T20:01:22.213+02:00  WARN 23255 --- [Library_Management_System] [http-nio-8080-exec-2] .m.m.a.ExceptionHandlerExceptionResolver : Resolved [org.springframework.security.authorization.AuthorizationDeniedException: Access Denied]
2024-12-27T20:01:32.071+02:00 ERROR 23255 --- [Library_Management_System] [http-nio-8080-exec-3] o.a.c.c.C.[.[.[/].[dispatcherServlet]    : Servlet.service() for servlet [dispatcherServlet] in context with path [] threw exception

io.jsonwebtoken.MalformedJwtException: Malformed protected header JSON: Unable to deserialize: Unrecognized token 'Ș': was expecting (JSON String, Number, Array, Object or token 'null', 'true' or 'false')
 at [Source: REDACTED (`StreamReadFeature.INCLUDE_SOURCE_IN_LOCATION` disabled); line: 1, column: 2]
	at io.jsonwebtoken.impl.io.JsonObjectDeserializer.malformed(JsonObjectDeserializer.java:76) ~[jjwt-impl-0.12.6.jar:0.12.6]
	at io.jsonwebtoken.impl.io.JsonObjectDeserializer.apply(JsonObjectDeserializer.java:70) ~[jjwt-impl-0.12.6.jar:0.12.6]
	at io.jsonwebtoken.impl.DefaultJwtParser.deserialize(DefaultJwtParser.java:899) ~[jjwt-impl-0.12.6.jar:0.12.6]
	at io.jsonwebtoken.impl.DefaultJwtParser.parse(DefaultJwtParser.java:382) ~[jjwt-impl-0.12.6.jar:0.12.6]
	at io.jsonwebtoken.impl.DefaultJwtParser.parse(DefaultJwtParser.java:364) ~[jjwt-impl-0.12.6.jar:0.12.6]
	at io.jsonwebtoken.impl.DefaultJwtParser.parse(DefaultJwtParser.java:94) ~[jjwt-impl-0.12.6.jar:0.12.6]
	at io.jsonwebtoken.impl.io.AbstractParser.parse(AbstractParser.java:36) ~[jjwt-impl-0.12.6.jar:0.12.6]
	at io.jsonwebtoken.impl.io.AbstractParser.parse(AbstractParser.java:29) ~[jjwt-impl-0.12.6.jar:0.12.6]
	at io.jsonwebtoken.impl.DefaultJwtParser.parseSignedClaims(DefaultJwtParser.java:830) ~[jjwt-impl-0.12.6.jar:0.12.6]
	at com.spring.library_management_system.service.JwtService.extractAllClaims(JwtService.java:52) ~[classes/:na]
	at com.spring.library_management_system.service.JwtService.extractClaim(JwtService.java:45) ~[classes/:na]
	at com.spring.library_management_system.service.JwtService.extractUserName(JwtService.java:41) ~[classes/:na]
	at com.spring.library_management_system.config.JwtAuthenticationFilter.doFilterInternal(JwtAuthenticationFilter.java:36) ~[classes/:na]
	at org.springframework.web.filter.OncePerRequestFilter.doFilter(OncePerRequestFilter.java:116) ~[spring-web-6.1.11.jar:6.1.11]
	at org.springframework.security.web.FilterChainProxy$VirtualFilterChain.doFilter(FilterChainProxy.java:374) ~[spring-security-web-6.3.1.jar:6.3.1]
	at org.springframework.security.web.authentication.logout.LogoutFilter.doFilter(LogoutFilter.java:107) ~[spring-security-web-6.3.1.jar:6.3.1]
	at org.springframework.security.web.authentication.logout.LogoutFilter.doFilter(LogoutFilter.java:93) ~[spring-security-web-6.3.1.jar:6.3.1]
	at org.springframework.security.web.FilterChainProxy$VirtualFilterChain.doFilter(FilterChainProxy.java:374) ~[spring-security-web-6.3.1.jar:6.3.1]
	at org.springframework.web.filter.CorsFilter.doFilterInternal(CorsFilter.java:91) ~[spring-web-6.1.11.jar:6.1.11]
	at org.springframework.web.filter.OncePerRequestFilter.doFilter(OncePerRequestFilter.java:116) ~[spring-web-6.1.11.jar:6.1.11]
	at org.springframework.security.web.FilterChainProxy$VirtualFilterChain.doFilter(FilterChainProxy.java:374) ~[spring-security-web-6.3.1.jar:6.3.1]
	at org.springframework.security.web.header.HeaderWriterFilter.doHeadersAfter(HeaderWriterFilter.java:90) ~[spring-security-web-6.3.1.jar:6.3.1]
	at org.springframework.security.web.header.HeaderWriterFilter.doFilterInternal(HeaderWriterFilter.java:75) ~[spring-security-web-6.3.1.jar:6.3.1]
	at org.springframework.web.filter.OncePerRequestFilter.doFilter(OncePerRequestFilter.java:116) ~[spring-web-6.1.11.jar:6.1.11]
	at org.springframework.security.web.FilterChainProxy$VirtualFilterChain.doFilter(FilterChainProxy.java:374) ~[spring-security-web-6.3.1.jar:6.3.1]
	at org.springframework.security.web.context.SecurityContextHolderFilter.doFilter(SecurityContextHolderFilter.java:82) ~[spring-security-web-6.3.1.jar:6.3.1]
	at org.springframework.security.web.context.SecurityContextHolderFilter.doFilter(SecurityContextHolderFilter.java:69) ~[spring-security-web-6.3.1.jar:6.3.1]
	at org.springframework.security.web.FilterChainProxy$VirtualFilterChain.doFilter(FilterChainProxy.java:374) ~[spring-security-web-6.3.1.jar:6.3.1]
	at org.springframework.security.web.context.request.async.WebAsyncManagerIntegrationFilter.doFilterInternal(WebAsyncManagerIntegrationFilter.java:62) ~[spring-security-web-6.3.1.jar:6.3.1]
	at org.springframework.web.filter.OncePerRequestFilter.doFilter(OncePerRequestFilter.java:116) ~[spring-web-6.1.11.jar:6.1.11]
	at org.springframework.security.web.FilterChainProxy$VirtualFilterChain.doFilter(FilterChainProxy.java:374) ~[spring-security-web-6.3.1.jar:6.3.1]
	at org.springframework.security.web.session.DisableEncodeUrlFilter.doFilterInternal(DisableEncodeUrlFilter.java:42) ~[spring-security-web-6.3.1.jar:6.3.1]
	at org.springframework.web.filter.OncePerRequestFilter.doFilter(OncePerRequestFilter.java:116) ~[spring-web-6.1.11.jar:6.1.11]
	at org.springframework.security.web.FilterChainProxy$VirtualFilterChain.doFilter(FilterChainProxy.java:374) ~[spring-security-web-6.3.1.jar:6.3.1]
	at org.springframework.security.web.FilterChainProxy.doFilterInternal(FilterChainProxy.java:233) ~[spring-security-web-6.3.1.jar:6.3.1]
	at org.springframework.security.web.FilterChainProxy.doFilter(FilterChainProxy.java:191) ~[spring-security-web-6.3.1.jar:6.3.1]
	at org.springframework.web.filter.CompositeFilter$VirtualFilterChain.doFilter(CompositeFilter.java:113) ~[spring-web-6.1.11.jar:6.1.11]
	at org.springframework.web.servlet.handler.HandlerMappingIntrospector.lambda$createCacheFilter$3(HandlerMappingIntrospector.java:195) ~[spring-webmvc-6.1.11.jar:6.1.11]
	at org.springframework.web.filter.CompositeFilter$VirtualFilterChain.doFilter(CompositeFilter.java:113) ~[spring-web-6.1.11.jar:6.1.11]
	at org.springframework.web.filter.CompositeFilter.doFilter(CompositeFilter.java:74) ~[spring-web-6.1.11.jar:6.1.11]
	at org.springframework.security.config.annotation.web.configuration.WebMvcSecurityConfiguration$CompositeFilterChainProxy.doFilter(WebMvcSecurityConfiguration.java:230) ~[spring-security-config-6.3.1.jar:6.3.1]
	at org.springframework.web.filter.DelegatingFilterProxy.invokeDelegate(DelegatingFilterProxy.java:352) ~[spring-web-6.1.11.jar:6.1.11]
	at org.springframework.web.filter.DelegatingFilterProxy.doFilter(DelegatingFilterProxy.java:268) ~[spring-web-6.1.11.jar:6.1.11]
	at org.apache.catalina.core.ApplicationFilterChain.internalDoFilter(ApplicationFilterChain.java:164) ~[tomcat-embed-core-10.1.26.jar:10.1.26]
	at org.apache.catalina.core.ApplicationFilterChain.doFilter(ApplicationFilterChain.java:140) ~[tomcat-embed-core-10.1.26.jar:10.1.26]
	at org.springframework.web.filter.RequestContextFilter.doFilterInternal(RequestContextFilter.java:100) ~[spring-web-6.1.11.jar:6.1.11]
	at org.springframework.web.filter.OncePerRequestFilter.doFilter(OncePerRequestFilter.java:116) ~[spring-web-6.1.11.jar:6.1.11]
	at org.apache.catalina.core.ApplicationFilterChain.internalDoFilter(ApplicationFilterChain.java:164) ~[tomcat-embed-core-10.1.26.jar:10.1.26]
	at org.apache.catalina.core.ApplicationFilterChain.doFilter(ApplicationFilterChain.java:140) ~[tomcat-embed-core-10.1.26.jar:10.1.26]
	at org.springframework.web.filter.FormContentFilter.doFilterInternal(FormContentFilter.java:93) ~[spring-web-6.1.11.jar:6.1.11]
	at org.springframework.web.filter.OncePerRequestFilter.doFilter(OncePerRequestFilter.java:116) ~[spring-web-6.1.11.jar:6.1.11]
	at org.apache.catalina.core.ApplicationFilterChain.internalDoFilter(ApplicationFilterChain.java:164) ~[tomcat-embed-core-10.1.26.jar:10.1.26]
	at org.apache.catalina.core.ApplicationFilterChain.doFilter(ApplicationFilterChain.java:140) ~[tomcat-embed-core-10.1.26.jar:10.1.26]
	at org.springframework.web.filter.CharacterEncodingFilter.doFilterInternal(CharacterEncodingFilter.java:201) ~[spring-web-6.1.11.jar:6.1.11]
	at org.springframework.web.filter.OncePerRequestFilter.doFilter(OncePerRequestFilter.java:116) ~[spring-web-6.1.11.jar:6.1.11]
	at org.apache.catalina.core.ApplicationFilterChain.internalDoFilter(ApplicationFilterChain.java:164) ~[tomcat-embed-core-10.1.26.jar:10.1.26]
	at org.apache.catalina.core.ApplicationFilterChain.doFilter(ApplicationFilterChain.java:140) ~[tomcat-embed-core-10.1.26.jar:10.1.26]
	at org.apache.catalina.core.StandardWrapperValve.invoke(StandardWrapperValve.java:167) ~[tomcat-embed-core-10.1.26.jar:10.1.26]
	at org.apache.catalina.core.StandardContextValve.invoke(StandardContextValve.java:90) ~[tomcat-embed-core-10.1.26.jar:10.1.26]
	at org.apache.catalina.authenticator.AuthenticatorBase.invoke(AuthenticatorBase.java:483) ~[tomcat-embed-core-10.1.26.jar:10.1.26]
	at org.apache.catalina.core.StandardHostValve.invoke(StandardHostValve.java:115) ~[tomcat-embed-core-10.1.26.jar:10.1.26]
	at org.apache.catalina.valves.ErrorReportValve.invoke(ErrorReportValve.java:93) ~[tomcat-embed-core-10.1.26.jar:10.1.26]
	at org.apache.catalina.core.StandardEngineValve.invoke(StandardEngineValve.java:74) ~[tomcat-embed-core-10.1.26.jar:10.1.26]
	at org.apache.catalina.connector.CoyoteAdapter.service(CoyoteAdapter.java:344) ~[tomcat-embed-core-10.1.26.jar:10.1.26]
	at org.apache.coyote.http11.Http11Processor.service(Http11Processor.java:389) ~[tomcat-embed-core-10.1.26.jar:10.1.26]
	at org.apache.coyote.AbstractProcessorLight.process(AbstractProcessorLight.java:63) ~[tomcat-embed-core-10.1.26.jar:10.1.26]
	at org.apache.coyote.AbstractProtocol$ConnectionHandler.process(AbstractProtocol.java:904) ~[tomcat-embed-core-10.1.26.jar:10.1.26]
	at org.apache.tomcat.util.net.NioEndpoint$SocketProcessor.doRun(NioEndpoint.java:1741) ~[tomcat-embed-core-10.1.26.jar:10.1.26]
	at org.apache.tomcat.util.net.SocketProcessorBase.run(SocketProcessorBase.java:52) ~[tomcat-embed-core-10.1.26.jar:10.1.26]
	at org.apache.tomcat.util.threads.ThreadPoolExecutor.runWorker(ThreadPoolExecutor.java:1190) ~[tomcat-embed-core-10.1.26.jar:10.1.26]
	at org.apache.tomcat.util.threads.ThreadPoolExecutor$Worker.run(ThreadPoolExecutor.java:659) ~[tomcat-embed-core-10.1.26.jar:10.1.26]
	at org.apache.tomcat.util.threads.TaskThread$WrappingRunnable.run(TaskThread.java:63) ~[tomcat-embed-core-10.1.26.jar:10.1.26]
	at java.base/java.lang.Thread.run(Thread.java:1583) ~[na:na]
Caused by: io.jsonwebtoken.io.DeserializationException: Unable to deserialize: Unrecognized token 'Ș': was expecting (JSON String, Number, Array, Object or token 'null', 'true' or 'false')
 at [Source: REDACTED (`StreamReadFeature.INCLUDE_SOURCE_IN_LOCATION` disabled); line: 1, column: 2]
	at io.jsonwebtoken.io.AbstractDeserializer.deserialize(AbstractDeserializer.java:72) ~[jjwt-api-0.12.6.jar:0.12.6]
	at io.jsonwebtoken.impl.io.JsonObjectDeserializer.apply(JsonObjectDeserializer.java:52) ~[jjwt-impl-0.12.6.jar:0.12.6]
	... 71 common frames omitted
Caused by: com.fasterxml.jackson.core.JsonParseException: Unrecognized token 'Ș': was expecting (JSON String, Number, Array, Object or token 'null', 'true' or 'false')
 at [Source: REDACTED (`StreamReadFeature.INCLUDE_SOURCE_IN_LOCATION` disabled); line: 1, column: 2]
	at com.fasterxml.jackson.core.JsonParser._constructError(JsonParser.java:2572) ~[jackson-core-2.17.2.jar:2.17.2]
	at com.fasterxml.jackson.core.JsonParser._constructReadException(JsonParser.java:2598) ~[jackson-core-2.17.2.jar:2.17.2]
	at com.fasterxml.jackson.core.JsonParser._constructReadException(JsonParser.java:2606) ~[jackson-core-2.17.2.jar:2.17.2]
	at com.fasterxml.jackson.core.base.ParserMinimalBase._reportError(ParserMinimalBase.java:765) ~[jackson-core-2.17.2.jar:2.17.2]
	at com.fasterxml.jackson.core.json.ReaderBasedJsonParser._reportInvalidToken(ReaderBasedJsonParser.java:3018) ~[jackson-core-2.17.2.jar:2.17.2]
	at com.fasterxml.jackson.core.json.ReaderBasedJsonParser._handleOddValue(ReaderBasedJsonParser.java:2052) ~[jackson-core-2.17.2.jar:2.17.2]
	at com.fasterxml.jackson.core.json.ReaderBasedJsonParser.nextToken(ReaderBasedJsonParser.java:780) ~[jackson-core-2.17.2.jar:2.17.2]
	at com.fasterxml.jackson.databind.ObjectMapper._initForReading(ObjectMapper.java:4992) ~[jackson-databind-2.17.2.jar:2.17.2]
	at com.fasterxml.jackson.databind.ObjectMapper._readMapAndClose(ObjectMapper.java:4898) ~[jackson-databind-2.17.2.jar:2.17.2]
	at com.fasterxml.jackson.databind.ObjectMapper.readValue(ObjectMapper.java:3861) ~[jackson-databind-2.17.2.jar:2.17.2]
	at io.jsonwebtoken.jackson.io.JacksonDeserializer.doDeserialize(JacksonDeserializer.java:138) ~[jjwt-jackson-0.12.6.jar:0.12.6]
	at io.jsonwebtoken.io.AbstractDeserializer.deserialize(AbstractDeserializer.java:66) ~[jjwt-api-0.12.6.jar:0.12.6]
	... 72 common frames omitted

2024-12-27T20:04:21.152+02:00  INFO 23255 --- [Library_Management_System] [SpringApplicationShutdownHook] j.LocalContainerEntityManagerFactoryBean : Closing JPA EntityManagerFactory for persistence unit 'default'
2024-12-27T20:04:21.160+02:00  INFO 23255 --- [Library_Management_System] [SpringApplicationShutdownHook] com.zaxxer.hikari.HikariDataSource       : HikariPool-1 - Shutdown initiated...
2024-12-27T20:04:21.164+02:00  INFO 23255 --- [Library_Management_System] [SpringApplicationShutdownHook] com.zaxxer.hikari.HikariDataSource       : HikariPool-1 - Shutdown completed.
2024-12-27T20:04:24.104+02:00  INFO 23612 --- [Library_Management_System] [restartedMain] c.s.l.LibraryManagementSystemApplication : Starting LibraryManagementSystemApplication using Java 21.0.1 with PID 23612 (/home/helmi/Projects/Library_Management_System/target/classes started by helmi in /home/helmi/Projects/Library_Management_System)
2024-12-27T20:04:24.105+02:00  INFO 23612 --- [Library_Management_System] [restartedMain] c.s.l.LibraryManagementSystemApplication : No active profile set, falling back to 1 default profile: "default"
2024-12-27T20:04:24.136+02:00  INFO 23612 --- [Library_Management_System] [restartedMain] .e.DevToolsPropertyDefaultsPostProcessor : Devtools property defaults active! Set 'spring.devtools.add-properties' to 'false' to disable
2024-12-27T20:04:24.137+02:00  INFO 23612 --- [Library_Management_System] [restartedMain] .e.DevToolsPropertyDefaultsPostProcessor : For additional web related logging consider setting the 'logging.level.web' property to 'DEBUG'
2024-12-27T20:04:24.534+02:00  INFO 23612 --- [Library_Management_System] [restartedMain] .s.d.r.c.RepositoryConfigurationDelegate : Bootstrapping Spring Data JPA repositories in DEFAULT mode.
2024-12-27T20:04:24.569+02:00  INFO 23612 --- [Library_Management_System] [restartedMain] .s.d.r.c.RepositoryConfigurationDelegate : Finished Spring Data repository scanning in 31 ms. Found 3 JPA repository interfaces.
2024-12-27T20:04:24.969+02:00  INFO 23612 --- [Library_Management_System] [restartedMain] o.s.b.w.embedded.tomcat.TomcatWebServer  : Tomcat initialized with port 8080 (http)
2024-12-27T20:04:24.975+02:00  INFO 23612 --- [Library_Management_System] [restartedMain] o.apache.catalina.core.StandardService   : Starting service [Tomcat]
2024-12-27T20:04:24.975+02:00  INFO 23612 --- [Library_Management_System] [restartedMain] o.apache.catalina.core.StandardEngine    : Starting Servlet engine: [Apache Tomcat/10.1.26]
2024-12-27T20:04:24.994+02:00  INFO 23612 --- [Library_Management_System] [restartedMain] o.a.c.c.C.[Tomcat].[localhost].[/]       : Initializing Spring embedded WebApplicationContext
2024-12-27T20:04:24.995+02:00  INFO 23612 --- [Library_Management_System] [restartedMain] w.s.c.ServletWebServerApplicationContext : Root WebApplicationContext: initialization completed in 858 ms
2024-12-27T20:04:25.122+02:00  INFO 23612 --- [Library_Management_System] [restartedMain] o.hibernate.jpa.internal.util.LogHelper  : HHH000204: Processing PersistenceUnitInfo [name: default]
2024-12-27T20:04:25.150+02:00  INFO 23612 --- [Library_Management_System] [restartedMain] org.hibernate.Version                    : HHH000412: Hibernate ORM core version 6.5.2.Final
2024-12-27T20:04:25.166+02:00  INFO 23612 --- [Library_Management_System] [restartedMain] o.h.c.internal.RegionFactoryInitiator    : HHH000026: Second-level cache disabled
2024-12-27T20:04:25.333+02:00  INFO 23612 --- [Library_Management_System] [restartedMain] o.s.o.j.p.SpringPersistenceUnitInfo      : No LoadTimeWeaver setup: ignoring JPA class transformer
2024-12-27T20:04:25.346+02:00  INFO 23612 --- [Library_Management_System] [restartedMain] com.zaxxer.hikari.HikariDataSource       : HikariPool-1 - Starting...
2024-12-27T20:04:25.531+02:00  INFO 23612 --- [Library_Management_System] [restartedMain] com.zaxxer.hikari.pool.HikariPool        : HikariPool-1 - Added connection com.mysql.cj.jdbc.ConnectionImpl@2ca90b7
2024-12-27T20:04:25.532+02:00  INFO 23612 --- [Library_Management_System] [restartedMain] com.zaxxer.hikari.HikariDataSource       : HikariPool-1 - Start completed.
2024-12-27T20:04:26.110+02:00  INFO 23612 --- [Library_Management_System] [restartedMain] o.h.e.t.j.p.i.JtaPlatformInitiator       : HHH000489: No JTA platform available (set 'hibernate.transaction.jta.platform' to enable JTA platform integration)
2024-12-27T20:04:26.153+02:00  INFO 23612 --- [Library_Management_System] [restartedMain] j.LocalContainerEntityManagerFactoryBean : Initialized JPA EntityManagerFactory for persistence unit 'default'
2024-12-27T20:04:26.352+02:00  INFO 23612 --- [Library_Management_System] [restartedMain] eAuthenticationProviderManagerConfigurer : Global AuthenticationManager configured with AuthenticationProvider bean with name authProvider
2024-12-27T20:04:26.352+02:00  WARN 23612 --- [Library_Management_System] [restartedMain] r$InitializeUserDetailsManagerConfigurer : Global AuthenticationManager configured with an AuthenticationProvider bean. UserDetailsService beans will not be used for username/password login. Consider removing the AuthenticationProvider bean. Alternatively, consider using the UserDetailsService in a manually instantiated DaoAuthenticationProvider.
2024-12-27T20:04:26.405+02:00  INFO 23612 --- [Library_Management_System] [restartedMain] o.s.d.j.r.query.QueryEnhancerFactory     : Hibernate is in classpath; If applicable, HQL parser will be used.
2024-12-27T20:04:26.651+02:00  WARN 23612 --- [Library_Management_System] [restartedMain] JpaBaseConfiguration$JpaWebConfiguration : spring.jpa.open-in-view is enabled by default. Therefore, database queries may be performed during view rendering. Explicitly configure spring.jpa.open-in-view to disable this warning
2024-12-27T20:04:27.057+02:00  INFO 23612 --- [Library_Management_System] [restartedMain] o.s.b.d.a.OptionalLiveReloadServer       : LiveReload server is running on port 35729
2024-12-27T20:04:27.081+02:00  INFO 23612 --- [Library_Management_System] [restartedMain] o.s.b.w.embedded.tomcat.TomcatWebServer  : Tomcat started on port 8080 (http) with context path '/'
2024-12-27T20:04:27.088+02:00  INFO 23612 --- [Library_Management_System] [restartedMain] c.s.l.LibraryManagementSystemApplication : Started LibraryManagementSystemApplication in 3.227 seconds (process running for 3.606)
2024-12-27T20:04:31.974+02:00  INFO 23612 --- [Library_Management_System] [http-nio-8080-exec-2] o.a.c.c.C.[Tomcat].[localhost].[/]       : Initializing Spring DispatcherServlet 'dispatcherServlet'
2024-12-27T20:04:31.974+02:00  INFO 23612 --- [Library_Management_System] [http-nio-8080-exec-2] o.s.web.servlet.DispatcherServlet        : Initializing Servlet 'dispatcherServlet'
2024-12-27T20:04:31.975+02:00  INFO 23612 --- [Library_Management_System] [http-nio-8080-exec-2] o.s.web.servlet.DispatcherServlet        : Completed initialization in 1 ms
2024-12-27T20:04:32.027+02:00 ERROR 23612 --- [Library_Management_System] [http-nio-8080-exec-2] o.a.c.c.C.[.[.[/].[dispatcherServlet]    : Servlet.service() for servlet [dispatcherServlet] in context with path [] threw exception

io.jsonwebtoken.MalformedJwtException: Malformed protected header JSON: Unable to deserialize: Unrecognized token 'Ș': was expecting (JSON String, Number, Array, Object or token 'null', 'true' or 'false')
 at [Source: REDACTED (`StreamReadFeature.INCLUDE_SOURCE_IN_LOCATION` disabled); line: 1, column: 2]
	at io.jsonwebtoken.impl.io.JsonObjectDeserializer.malformed(JsonObjectDeserializer.java:76) ~[jjwt-impl-0.12.6.jar:0.12.6]
	at io.jsonwebtoken.impl.io.JsonObjectDeserializer.apply(JsonObjectDeserializer.java:70) ~[jjwt-impl-0.12.6.jar:0.12.6]
	at io.jsonwebtoken.impl.DefaultJwtParser.deserialize(DefaultJwtParser.java:899) ~[jjwt-impl-0.12.6.jar:0.12.6]
	at io.jsonwebtoken.impl.DefaultJwtParser.parse(DefaultJwtParser.java:382) ~[jjwt-impl-0.12.6.jar:0.12.6]
	at io.jsonwebtoken.impl.DefaultJwtParser.parse(DefaultJwtParser.java:364) ~[jjwt-impl-0.12.6.jar:0.12.6]
	at io.jsonwebtoken.impl.DefaultJwtParser.parse(DefaultJwtParser.java:94) ~[jjwt-impl-0.12.6.jar:0.12.6]
	at io.jsonwebtoken.impl.io.AbstractParser.parse(AbstractParser.java:36) ~[jjwt-impl-0.12.6.jar:0.12.6]
	at io.jsonwebtoken.impl.io.AbstractParser.parse(AbstractParser.java:29) ~[jjwt-impl-0.12.6.jar:0.12.6]
	at io.jsonwebtoken.impl.DefaultJwtParser.parseSignedClaims(DefaultJwtParser.java:830) ~[jjwt-impl-0.12.6.jar:0.12.6]
	at com.spring.library_management_system.service.JwtService.extractAllClaims(JwtService.java:52) ~[classes/:na]
	at com.spring.library_management_system.service.JwtService.extractClaim(JwtService.java:45) ~[classes/:na]
	at com.spring.library_management_system.service.JwtService.extractUserName(JwtService.java:41) ~[classes/:na]
	at com.spring.library_management_system.config.JwtAuthenticationFilter.doFilterInternal(JwtAuthenticationFilter.java:36) ~[classes/:na]
	at org.springframework.web.filter.OncePerRequestFilter.doFilter(OncePerRequestFilter.java:116) ~[spring-web-6.1.11.jar:6.1.11]
	at org.springframework.security.web.FilterChainProxy$VirtualFilterChain.doFilter(FilterChainProxy.java:374) ~[spring-security-web-6.3.1.jar:6.3.1]
	at org.springframework.security.web.authentication.logout.LogoutFilter.doFilter(LogoutFilter.java:107) ~[spring-security-web-6.3.1.jar:6.3.1]
	at org.springframework.security.web.authentication.logout.LogoutFilter.doFilter(LogoutFilter.java:93) ~[spring-security-web-6.3.1.jar:6.3.1]
	at org.springframework.security.web.FilterChainProxy$VirtualFilterChain.doFilter(FilterChainProxy.java:374) ~[spring-security-web-6.3.1.jar:6.3.1]
	at org.springframework.web.filter.CorsFilter.doFilterInternal(CorsFilter.java:91) ~[spring-web-6.1.11.jar:6.1.11]
	at org.springframework.web.filter.OncePerRequestFilter.doFilter(OncePerRequestFilter.java:116) ~[spring-web-6.1.11.jar:6.1.11]
	at org.springframework.security.web.FilterChainProxy$VirtualFilterChain.doFilter(FilterChainProxy.java:374) ~[spring-security-web-6.3.1.jar:6.3.1]
	at org.springframework.security.web.header.HeaderWriterFilter.doHeadersAfter(HeaderWriterFilter.java:90) ~[spring-security-web-6.3.1.jar:6.3.1]
	at org.springframework.security.web.header.HeaderWriterFilter.doFilterInternal(HeaderWriterFilter.java:75) ~[spring-security-web-6.3.1.jar:6.3.1]
	at org.springframework.web.filter.OncePerRequestFilter.doFilter(OncePerRequestFilter.java:116) ~[spring-web-6.1.11.jar:6.1.11]
	at org.springframework.security.web.FilterChainProxy$VirtualFilterChain.doFilter(FilterChainProxy.java:374) ~[spring-security-web-6.3.1.jar:6.3.1]
	at org.springframework.security.web.context.SecurityContextHolderFilter.doFilter(SecurityContextHolderFilter.java:82) ~[spring-security-web-6.3.1.jar:6.3.1]
	at org.springframework.security.web.context.SecurityContextHolderFilter.doFilter(SecurityContextHolderFilter.java:69) ~[spring-security-web-6.3.1.jar:6.3.1]
	at org.springframework.security.web.FilterChainProxy$VirtualFilterChain.doFilter(FilterChainProxy.java:374) ~[spring-security-web-6.3.1.jar:6.3.1]
	at org.springframework.security.web.context.request.async.WebAsyncManagerIntegrationFilter.doFilterInternal(WebAsyncManagerIntegrationFilter.java:62) ~[spring-security-web-6.3.1.jar:6.3.1]
	at org.springframework.web.filter.OncePerRequestFilter.doFilter(OncePerRequestFilter.java:116) ~[spring-web-6.1.11.jar:6.1.11]
	at org.springframework.security.web.FilterChainProxy$VirtualFilterChain.doFilter(FilterChainProxy.java:374) ~[spring-security-web-6.3.1.jar:6.3.1]
	at org.springframework.security.web.session.DisableEncodeUrlFilter.doFilterInternal(DisableEncodeUrlFilter.java:42) ~[spring-security-web-6.3.1.jar:6.3.1]
	at org.springframework.web.filter.OncePerRequestFilter.doFilter(OncePerRequestFilter.java:116) ~[spring-web-6.1.11.jar:6.1.11]
	at org.springframework.security.web.FilterChainProxy$VirtualFilterChain.doFilter(FilterChainProxy.java:374) ~[spring-security-web-6.3.1.jar:6.3.1]
	at org.springframework.security.web.FilterChainProxy.doFilterInternal(FilterChainProxy.java:233) ~[spring-security-web-6.3.1.jar:6.3.1]
	at org.springframework.security.web.FilterChainProxy.doFilter(FilterChainProxy.java:191) ~[spring-security-web-6.3.1.jar:6.3.1]
	at org.springframework.web.filter.CompositeFilter$VirtualFilterChain.doFilter(CompositeFilter.java:113) ~[spring-web-6.1.11.jar:6.1.11]
	at org.springframework.web.servlet.handler.HandlerMappingIntrospector.lambda$createCacheFilter$3(HandlerMappingIntrospector.java:195) ~[spring-webmvc-6.1.11.jar:6.1.11]
	at org.springframework.web.filter.CompositeFilter$VirtualFilterChain.doFilter(CompositeFilter.java:113) ~[spring-web-6.1.11.jar:6.1.11]
	at org.springframework.web.filter.CompositeFilter.doFilter(CompositeFilter.java:74) ~[spring-web-6.1.11.jar:6.1.11]
	at org.springframework.security.config.annotation.web.configuration.WebMvcSecurityConfiguration$CompositeFilterChainProxy.doFilter(WebMvcSecurityConfiguration.java:230) ~[spring-security-config-6.3.1.jar:6.3.1]
	at org.springframework.web.filter.DelegatingFilterProxy.invokeDelegate(DelegatingFilterProxy.java:352) ~[spring-web-6.1.11.jar:6.1.11]
	at org.springframework.web.filter.DelegatingFilterProxy.doFilter(DelegatingFilterProxy.java:268) ~[spring-web-6.1.11.jar:6.1.11]
	at org.apache.catalina.core.ApplicationFilterChain.internalDoFilter(ApplicationFilterChain.java:164) ~[tomcat-embed-core-10.1.26.jar:10.1.26]
	at org.apache.catalina.core.ApplicationFilterChain.doFilter(ApplicationFilterChain.java:140) ~[tomcat-embed-core-10.1.26.jar:10.1.26]
	at org.springframework.web.filter.RequestContextFilter.doFilterInternal(RequestContextFilter.java:100) ~[spring-web-6.1.11.jar:6.1.11]
	at org.springframework.web.filter.OncePerRequestFilter.doFilter(OncePerRequestFilter.java:116) ~[spring-web-6.1.11.jar:6.1.11]
	at org.apache.catalina.core.ApplicationFilterChain.internalDoFilter(ApplicationFilterChain.java:164) ~[tomcat-embed-core-10.1.26.jar:10.1.26]
	at org.apache.catalina.core.ApplicationFilterChain.doFilter(ApplicationFilterChain.java:140) ~[tomcat-embed-core-10.1.26.jar:10.1.26]
	at org.springframework.web.filter.FormContentFilter.doFilterInternal(FormContentFilter.java:93) ~[spring-web-6.1.11.jar:6.1.11]
	at org.springframework.web.filter.OncePerRequestFilter.doFilter(OncePerRequestFilter.java:116) ~[spring-web-6.1.11.jar:6.1.11]
	at org.apache.catalina.core.ApplicationFilterChain.internalDoFilter(ApplicationFilterChain.java:164) ~[tomcat-embed-core-10.1.26.jar:10.1.26]
	at org.apache.catalina.core.ApplicationFilterChain.doFilter(ApplicationFilterChain.java:140) ~[tomcat-embed-core-10.1.26.jar:10.1.26]
	at org.springframework.web.filter.CharacterEncodingFilter.doFilterInternal(CharacterEncodingFilter.java:201) ~[spring-web-6.1.11.jar:6.1.11]
	at org.springframework.web.filter.OncePerRequestFilter.doFilter(OncePerRequestFilter.java:116) ~[spring-web-6.1.11.jar:6.1.11]
	at org.apache.catalina.core.ApplicationFilterChain.internalDoFilter(ApplicationFilterChain.java:164) ~[tomcat-embed-core-10.1.26.jar:10.1.26]
	at org.apache.catalina.core.ApplicationFilterChain.doFilter(ApplicationFilterChain.java:140) ~[tomcat-embed-core-10.1.26.jar:10.1.26]
	at org.apache.catalina.core.StandardWrapperValve.invoke(StandardWrapperValve.java:167) ~[tomcat-embed-core-10.1.26.jar:10.1.26]
	at org.apache.catalina.core.StandardContextValve.invoke(StandardContextValve.java:90) ~[tomcat-embed-core-10.1.26.jar:10.1.26]
	at org.apache.catalina.authenticator.AuthenticatorBase.invoke(AuthenticatorBase.java:483) ~[tomcat-embed-core-10.1.26.jar:10.1.26]
	at org.apache.catalina.core.StandardHostValve.invoke(StandardHostValve.java:115) ~[tomcat-embed-core-10.1.26.jar:10.1.26]
	at org.apache.catalina.valves.ErrorReportValve.invoke(ErrorReportValve.java:93) ~[tomcat-embed-core-10.1.26.jar:10.1.26]
	at org.apache.catalina.core.StandardEngineValve.invoke(StandardEngineValve.java:74) ~[tomcat-embed-core-10.1.26.jar:10.1.26]
	at org.apache.catalina.connector.CoyoteAdapter.service(CoyoteAdapter.java:344) ~[tomcat-embed-core-10.1.26.jar:10.1.26]
	at org.apache.coyote.http11.Http11Processor.service(Http11Processor.java:389) ~[tomcat-embed-core-10.1.26.jar:10.1.26]
	at org.apache.coyote.AbstractProcessorLight.process(AbstractProcessorLight.java:63) ~[tomcat-embed-core-10.1.26.jar:10.1.26]
	at org.apache.coyote.AbstractProtocol$ConnectionHandler.process(AbstractProtocol.java:904) ~[tomcat-embed-core-10.1.26.jar:10.1.26]
	at org.apache.tomcat.util.net.NioEndpoint$SocketProcessor.doRun(NioEndpoint.java:1741) ~[tomcat-embed-core-10.1.26.jar:10.1.26]
	at org.apache.tomcat.util.net.SocketProcessorBase.run(SocketProcessorBase.java:52) ~[tomcat-embed-core-10.1.26.jar:10.1.26]
	at org.apache.tomcat.util.threads.ThreadPoolExecutor.runWorker(ThreadPoolExecutor.java:1190) ~[tomcat-embed-core-10.1.26.jar:10.1.26]
	at org.apache.tomcat.util.threads.ThreadPoolExecutor$Worker.run(ThreadPoolExecutor.java:659) ~[tomcat-embed-core-10.1.26.jar:10.1.26]
	at org.apache.tomcat.util.threads.TaskThread$WrappingRunnable.run(TaskThread.java:63) ~[tomcat-embed-core-10.1.26.jar:10.1.26]
	at java.base/java.lang.Thread.run(Thread.java:1583) ~[na:na]
Caused by: io.jsonwebtoken.io.DeserializationException: Unable to deserialize: Unrecognized token 'Ș': was expecting (JSON String, Number, Array, Object or token 'null', 'true' or 'false')
 at [Source: REDACTED (`StreamReadFeature.INCLUDE_SOURCE_IN_LOCATION` disabled); line: 1, column: 2]
	at io.jsonwebtoken.io.AbstractDeserializer.deserialize(AbstractDeserializer.java:72) ~[jjwt-api-0.12.6.jar:0.12.6]
	at io.jsonwebtoken.impl.io.JsonObjectDeserializer.apply(JsonObjectDeserializer.java:52) ~[jjwt-impl-0.12.6.jar:0.12.6]
	... 71 common frames omitted
Caused by: com.fasterxml.jackson.core.JsonParseException: Unrecognized token 'Ș': was expecting (JSON String, Number, Array, Object or token 'null', 'true' or 'false')
 at [Source: REDACTED (`StreamReadFeature.INCLUDE_SOURCE_IN_LOCATION` disabled); line: 1, column: 2]
	at com.fasterxml.jackson.core.JsonParser._constructError(JsonParser.java:2572) ~[jackson-core-2.17.2.jar:2.17.2]
	at com.fasterxml.jackson.core.JsonParser._constructReadException(JsonParser.java:2598) ~[jackson-core-2.17.2.jar:2.17.2]
	at com.fasterxml.jackson.core.JsonParser._constructReadException(JsonParser.java:2606) ~[jackson-core-2.17.2.jar:2.17.2]
	at com.fasterxml.jackson.core.base.ParserMinimalBase._reportError(ParserMinimalBase.java:765) ~[jackson-core-2.17.2.jar:2.17.2]
	at com.fasterxml.jackson.core.json.ReaderBasedJsonParser._reportInvalidToken(ReaderBasedJsonParser.java:3018) ~[jackson-core-2.17.2.jar:2.17.2]
	at com.fasterxml.jackson.core.json.ReaderBasedJsonParser._handleOddValue(ReaderBasedJsonParser.java:2052) ~[jackson-core-2.17.2.jar:2.17.2]
	at com.fasterxml.jackson.core.json.ReaderBasedJsonParser.nextToken(ReaderBasedJsonParser.java:780) ~[jackson-core-2.17.2.jar:2.17.2]
	at com.fasterxml.jackson.databind.ObjectMapper._initForReading(ObjectMapper.java:4992) ~[jackson-databind-2.17.2.jar:2.17.2]
	at com.fasterxml.jackson.databind.ObjectMapper._readMapAndClose(ObjectMapper.java:4898) ~[jackson-databind-2.17.2.jar:2.17.2]
	at com.fasterxml.jackson.databind.ObjectMapper.readValue(ObjectMapper.java:3861) ~[jackson-databind-2.17.2.jar:2.17.2]
	at io.jsonwebtoken.jackson.io.JacksonDeserializer.doDeserialize(JacksonDeserializer.java:138) ~[jjwt-jackson-0.12.6.jar:0.12.6]
	at io.jsonwebtoken.io.AbstractDeserializer.deserialize(AbstractDeserializer.java:66) ~[jjwt-api-0.12.6.jar:0.12.6]
	... 72 common frames omitted

2024-12-27T20:09:51.555+02:00  INFO 23612 --- [Library_Management_System] [SpringApplicationShutdownHook] j.LocalContainerEntityManagerFactoryBean : Closing JPA EntityManagerFactory for persistence unit 'default'
2024-12-27T20:09:51.557+02:00  INFO 23612 --- [Library_Management_System] [SpringApplicationShutdownHook] com.zaxxer.hikari.HikariDataSource       : HikariPool-1 - Shutdown initiated...
2024-12-27T20:09:51.561+02:00  INFO 23612 --- [Library_Management_System] [SpringApplicationShutdownHook] com.zaxxer.hikari.HikariDataSource       : HikariPool-1 - Shutdown completed.
2024-12-27T20:10:05.097+02:00  INFO 24028 --- [Library_Management_System] [restartedMain] c.s.l.LibraryManagementSystemApplication : Starting LibraryManagementSystemApplication using Java 21.0.1 with PID 24028 (/home/helmi/Projects/Library_Management_System/target/classes started by helmi in /home/helmi/Projects/Library_Management_System)
2024-12-27T20:10:05.098+02:00  INFO 24028 --- [Library_Management_System] [restartedMain] c.s.l.LibraryManagementSystemApplication : No active profile set, falling back to 1 default profile: "default"
2024-12-27T20:10:05.126+02:00  INFO 24028 --- [Library_Management_System] [restartedMain] .e.DevToolsPropertyDefaultsPostProcessor : Devtools property defaults active! Set 'spring.devtools.add-properties' to 'false' to disable
2024-12-27T20:10:05.126+02:00  INFO 24028 --- [Library_Management_System] [restartedMain] .e.DevToolsPropertyDefaultsPostProcessor : For additional web related logging consider setting the 'logging.level.web' property to 'DEBUG'
2024-12-27T20:10:05.550+02:00  INFO 24028 --- [Library_Management_System] [restartedMain] .s.d.r.c.RepositoryConfigurationDelegate : Bootstrapping Spring Data JPA repositories in DEFAULT mode.
2024-12-27T20:10:05.586+02:00  INFO 24028 --- [Library_Management_System] [restartedMain] .s.d.r.c.RepositoryConfigurationDelegate : Finished Spring Data repository scanning in 32 ms. Found 3 JPA repository interfaces.
2024-12-27T20:10:06.015+02:00  INFO 24028 --- [Library_Management_System] [restartedMain] o.s.b.w.embedded.tomcat.TomcatWebServer  : Tomcat initialized with port 8080 (http)
2024-12-27T20:10:06.021+02:00  INFO 24028 --- [Library_Management_System] [restartedMain] o.apache.catalina.core.StandardService   : Starting service [Tomcat]
2024-12-27T20:10:06.022+02:00  INFO 24028 --- [Library_Management_System] [restartedMain] o.apache.catalina.core.StandardEngine    : Starting Servlet engine: [Apache Tomcat/10.1.26]
2024-12-27T20:10:06.041+02:00  INFO 24028 --- [Library_Management_System] [restartedMain] o.a.c.c.C.[Tomcat].[localhost].[/]       : Initializing Spring embedded WebApplicationContext
2024-12-27T20:10:06.042+02:00  INFO 24028 --- [Library_Management_System] [restartedMain] w.s.c.ServletWebServerApplicationContext : Root WebApplicationContext: initialization completed in 915 ms
2024-12-27T20:10:06.164+02:00  INFO 24028 --- [Library_Management_System] [restartedMain] o.hibernate.jpa.internal.util.LogHelper  : HHH000204: Processing PersistenceUnitInfo [name: default]
2024-12-27T20:10:06.193+02:00  INFO 24028 --- [Library_Management_System] [restartedMain] org.hibernate.Version                    : HHH000412: Hibernate ORM core version 6.5.2.Final
2024-12-27T20:10:06.208+02:00  INFO 24028 --- [Library_Management_System] [restartedMain] o.h.c.internal.RegionFactoryInitiator    : HHH000026: Second-level cache disabled
2024-12-27T20:10:06.384+02:00  INFO 24028 --- [Library_Management_System] [restartedMain] o.s.o.j.p.SpringPersistenceUnitInfo      : No LoadTimeWeaver setup: ignoring JPA class transformer
2024-12-27T20:10:06.398+02:00  INFO 24028 --- [Library_Management_System] [restartedMain] com.zaxxer.hikari.HikariDataSource       : HikariPool-1 - Starting...
2024-12-27T20:10:06.587+02:00  INFO 24028 --- [Library_Management_System] [restartedMain] com.zaxxer.hikari.pool.HikariPool        : HikariPool-1 - Added connection com.mysql.cj.jdbc.ConnectionImpl@436e9b58
2024-12-27T20:10:06.588+02:00  INFO 24028 --- [Library_Management_System] [restartedMain] com.zaxxer.hikari.HikariDataSource       : HikariPool-1 - Start completed.
2024-12-27T20:10:07.153+02:00  INFO 24028 --- [Library_Management_System] [restartedMain] o.h.e.t.j.p.i.JtaPlatformInitiator       : HHH000489: No JTA platform available (set 'hibernate.transaction.jta.platform' to enable JTA platform integration)
2024-12-27T20:10:07.190+02:00  INFO 24028 --- [Library_Management_System] [restartedMain] j.LocalContainerEntityManagerFactoryBean : Initialized JPA EntityManagerFactory for persistence unit 'default'
2024-12-27T20:10:07.410+02:00  INFO 24028 --- [Library_Management_System] [restartedMain] eAuthenticationProviderManagerConfigurer : Global AuthenticationManager configured with AuthenticationProvider bean with name authProvider
2024-12-27T20:10:07.411+02:00  WARN 24028 --- [Library_Management_System] [restartedMain] r$InitializeUserDetailsManagerConfigurer : Global AuthenticationManager configured with an AuthenticationProvider bean. UserDetailsService beans will not be used for username/password login. Consider removing the AuthenticationProvider bean. Alternatively, consider using the UserDetailsService in a manually instantiated DaoAuthenticationProvider.
2024-12-27T20:10:07.468+02:00  INFO 24028 --- [Library_Management_System] [restartedMain] o.s.d.j.r.query.QueryEnhancerFactory     : Hibernate is in classpath; If applicable, HQL parser will be used.
2024-12-27T20:10:07.716+02:00  WARN 24028 --- [Library_Management_System] [restartedMain] JpaBaseConfiguration$JpaWebConfiguration : spring.jpa.open-in-view is enabled by default. Therefore, database queries may be performed during view rendering. Explicitly configure spring.jpa.open-in-view to disable this warning
2024-12-27T20:10:08.135+02:00  INFO 24028 --- [Library_Management_System] [restartedMain] o.s.b.d.a.OptionalLiveReloadServer       : LiveReload server is running on port 35729
2024-12-27T20:10:08.156+02:00  INFO 24028 --- [Library_Management_System] [restartedMain] o.s.b.w.embedded.tomcat.TomcatWebServer  : Tomcat started on port 8080 (http) with context path '/'
2024-12-27T20:10:08.161+02:00  INFO 24028 --- [Library_Management_System] [restartedMain] c.s.l.LibraryManagementSystemApplication : Started LibraryManagementSystemApplication in 3.309 seconds (process running for 3.684)
2024-12-27T20:10:09.590+02:00  INFO 24028 --- [Library_Management_System] [http-nio-8080-exec-2] o.a.c.c.C.[Tomcat].[localhost].[/]       : Initializing Spring DispatcherServlet 'dispatcherServlet'
2024-12-27T20:10:09.590+02:00  INFO 24028 --- [Library_Management_System] [http-nio-8080-exec-2] o.s.web.servlet.DispatcherServlet        : Initializing Servlet 'dispatcherServlet'
2024-12-27T20:10:09.591+02:00  INFO 24028 --- [Library_Management_System] [http-nio-8080-exec-2] o.s.web.servlet.DispatcherServlet        : Completed initialization in 1 ms
2024-12-27T20:10:44.044+02:00  INFO 24028 --- [Library_Management_System] [SpringApplicationShutdownHook] j.LocalContainerEntityManagerFactoryBean : Closing JPA EntityManagerFactory for persistence unit 'default'
2024-12-27T20:10:44.046+02:00  INFO 24028 --- [Library_Management_System] [SpringApplicationShutdownHook] com.zaxxer.hikari.HikariDataSource       : HikariPool-1 - Shutdown initiated...
2024-12-27T20:10:44.051+02:00  INFO 24028 --- [Library_Management_System] [SpringApplicationShutdownHook] com.zaxxer.hikari.HikariDataSource       : HikariPool-1 - Shutdown completed.
2024-12-27T20:10:46.868+02:00  INFO 24256 --- [Library_Management_System] [restartedMain] c.s.l.LibraryManagementSystemApplication : Starting LibraryManagementSystemApplication using Java 21.0.1 with PID 24256 (/home/helmi/Projects/Library_Management_System/target/classes started by helmi in /home/helmi/Projects/Library_Management_System)
2024-12-27T20:10:46.869+02:00  INFO 24256 --- [Library_Management_System] [restartedMain] c.s.l.LibraryManagementSystemApplication : No active profile set, falling back to 1 default profile: "default"
2024-12-27T20:10:46.897+02:00  INFO 24256 --- [Library_Management_System] [restartedMain] .e.DevToolsPropertyDefaultsPostProcessor : Devtools property defaults active! Set 'spring.devtools.add-properties' to 'false' to disable
2024-12-27T20:10:46.897+02:00  INFO 24256 --- [Library_Management_System] [restartedMain] .e.DevToolsPropertyDefaultsPostProcessor : For additional web related logging consider setting the 'logging.level.web' property to 'DEBUG'
2024-12-27T20:10:47.291+02:00  INFO 24256 --- [Library_Management_System] [restartedMain] .s.d.r.c.RepositoryConfigurationDelegate : Bootstrapping Spring Data JPA repositories in DEFAULT mode.
2024-12-27T20:10:47.326+02:00  INFO 24256 --- [Library_Management_System] [restartedMain] .s.d.r.c.RepositoryConfigurationDelegate : Finished Spring Data repository scanning in 30 ms. Found 3 JPA repository interfaces.
2024-12-27T20:10:47.714+02:00  INFO 24256 --- [Library_Management_System] [restartedMain] o.s.b.w.embedded.tomcat.TomcatWebServer  : Tomcat initialized with port 8080 (http)
2024-12-27T20:10:47.721+02:00  INFO 24256 --- [Library_Management_System] [restartedMain] o.apache.catalina.core.StandardService   : Starting service [Tomcat]
2024-12-27T20:10:47.721+02:00  INFO 24256 --- [Library_Management_System] [restartedMain] o.apache.catalina.core.StandardEngine    : Starting Servlet engine: [Apache Tomcat/10.1.26]
2024-12-27T20:10:47.741+02:00  INFO 24256 --- [Library_Management_System] [restartedMain] o.a.c.c.C.[Tomcat].[localhost].[/]       : Initializing Spring embedded WebApplicationContext
2024-12-27T20:10:47.742+02:00  INFO 24256 --- [Library_Management_System] [restartedMain] w.s.c.ServletWebServerApplicationContext : Root WebApplicationContext: initialization completed in 845 ms
2024-12-27T20:10:47.869+02:00  INFO 24256 --- [Library_Management_System] [restartedMain] o.hibernate.jpa.internal.util.LogHelper  : HHH000204: Processing PersistenceUnitInfo [name: default]
2024-12-27T20:10:47.902+02:00  INFO 24256 --- [Library_Management_System] [restartedMain] org.hibernate.Version                    : HHH000412: Hibernate ORM core version 6.5.2.Final
2024-12-27T20:10:47.918+02:00  INFO 24256 --- [Library_Management_System] [restartedMain] o.h.c.internal.RegionFactoryInitiator    : HHH000026: Second-level cache disabled
2024-12-27T20:10:48.085+02:00  INFO 24256 --- [Library_Management_System] [restartedMain] o.s.o.j.p.SpringPersistenceUnitInfo      : No LoadTimeWeaver setup: ignoring JPA class transformer
2024-12-27T20:10:48.098+02:00  INFO 24256 --- [Library_Management_System] [restartedMain] com.zaxxer.hikari.HikariDataSource       : HikariPool-1 - Starting...
2024-12-27T20:10:48.289+02:00  INFO 24256 --- [Library_Management_System] [restartedMain] com.zaxxer.hikari.pool.HikariPool        : HikariPool-1 - Added connection com.mysql.cj.jdbc.ConnectionImpl@20988d21
2024-12-27T20:10:48.290+02:00  INFO 24256 --- [Library_Management_System] [restartedMain] com.zaxxer.hikari.HikariDataSource       : HikariPool-1 - Start completed.
2024-12-27T20:10:48.866+02:00  INFO 24256 --- [Library_Management_System] [restartedMain] o.h.e.t.j.p.i.JtaPlatformInitiator       : HHH000489: No JTA platform available (set 'hibernate.transaction.jta.platform' to enable JTA platform integration)
2024-12-27T20:10:48.903+02:00  INFO 24256 --- [Library_Management_System] [restartedMain] j.LocalContainerEntityManagerFactoryBean : Initialized JPA EntityManagerFactory for persistence unit 'default'
2024-12-27T20:10:49.102+02:00  INFO 24256 --- [Library_Management_System] [restartedMain] eAuthenticationProviderManagerConfigurer : Global AuthenticationManager configured with AuthenticationProvider bean with name authProvider
2024-12-27T20:10:49.102+02:00  WARN 24256 --- [Library_Management_System] [restartedMain] r$InitializeUserDetailsManagerConfigurer : Global AuthenticationManager configured with an AuthenticationProvider bean. UserDetailsService beans will not be used for username/password login. Consider removing the AuthenticationProvider bean. Alternatively, consider using the UserDetailsService in a manually instantiated DaoAuthenticationProvider.
2024-12-27T20:10:49.158+02:00  INFO 24256 --- [Library_Management_System] [restartedMain] o.s.d.j.r.query.QueryEnhancerFactory     : Hibernate is in classpath; If applicable, HQL parser will be used.
2024-12-27T20:10:49.413+02:00  WARN 24256 --- [Library_Management_System] [restartedMain] JpaBaseConfiguration$JpaWebConfiguration : spring.jpa.open-in-view is enabled by default. Therefore, database queries may be performed during view rendering. Explicitly configure spring.jpa.open-in-view to disable this warning
2024-12-27T20:10:49.809+02:00  INFO 24256 --- [Library_Management_System] [restartedMain] o.s.b.d.a.OptionalLiveReloadServer       : LiveReload server is running on port 35729
2024-12-27T20:10:49.830+02:00  INFO 24256 --- [Library_Management_System] [restartedMain] o.s.b.w.embedded.tomcat.TomcatWebServer  : Tomcat started on port 8080 (http) with context path '/'
2024-12-27T20:10:49.836+02:00  INFO 24256 --- [Library_Management_System] [restartedMain] c.s.l.LibraryManagementSystemApplication : Started LibraryManagementSystemApplication in 3.215 seconds (process running for 3.604)
2024-12-27T20:10:53.473+02:00  INFO 24256 --- [Library_Management_System] [http-nio-8080-exec-2] o.a.c.c.C.[Tomcat].[localhost].[/]       : Initializing Spring DispatcherServlet 'dispatcherServlet'
2024-12-27T20:10:53.473+02:00  INFO 24256 --- [Library_Management_System] [http-nio-8080-exec-2] o.s.web.servlet.DispatcherServlet        : Initializing Servlet 'dispatcherServlet'
2024-12-27T20:10:53.475+02:00  INFO 24256 --- [Library_Management_System] [http-nio-8080-exec-2] o.s.web.servlet.DispatcherServlet        : Completed initialization in 2 ms
2024-12-27T20:14:31.089+02:00  INFO 24256 --- [Library_Management_System] [SpringApplicationShutdownHook] j.LocalContainerEntityManagerFactoryBean : Closing JPA EntityManagerFactory for persistence unit 'default'
2024-12-27T20:14:31.091+02:00  INFO 24256 --- [Library_Management_System] [SpringApplicationShutdownHook] com.zaxxer.hikari.HikariDataSource       : HikariPool-1 - Shutdown initiated...
2024-12-27T20:14:31.095+02:00  INFO 24256 --- [Library_Management_System] [SpringApplicationShutdownHook] com.zaxxer.hikari.HikariDataSource       : HikariPool-1 - Shutdown completed.
2024-12-27T20:14:33.357+02:00  INFO 24533 --- [Library_Management_System] [restartedMain] c.s.l.LibraryManagementSystemApplication : Starting LibraryManagementSystemApplication using Java 21.0.1 with PID 24533 (/home/helmi/Projects/Library_Management_System/target/classes started by helmi in /home/helmi/Projects/Library_Management_System)
2024-12-27T20:14:33.359+02:00  INFO 24533 --- [Library_Management_System] [restartedMain] c.s.l.LibraryManagementSystemApplication : No active profile set, falling back to 1 default profile: "default"
2024-12-27T20:14:33.386+02:00  INFO 24533 --- [Library_Management_System] [restartedMain] .e.DevToolsPropertyDefaultsPostProcessor : Devtools property defaults active! Set 'spring.devtools.add-properties' to 'false' to disable
2024-12-27T20:14:33.386+02:00  INFO 24533 --- [Library_Management_System] [restartedMain] .e.DevToolsPropertyDefaultsPostProcessor : For additional web related logging consider setting the 'logging.level.web' property to 'DEBUG'
2024-12-27T20:14:33.796+02:00  INFO 24533 --- [Library_Management_System] [restartedMain] .s.d.r.c.RepositoryConfigurationDelegate : Bootstrapping Spring Data JPA repositories in DEFAULT mode.
2024-12-27T20:14:33.834+02:00  INFO 24533 --- [Library_Management_System] [restartedMain] .s.d.r.c.RepositoryConfigurationDelegate : Finished Spring Data repository scanning in 32 ms. Found 3 JPA repository interfaces.
2024-12-27T20:14:34.249+02:00  INFO 24533 --- [Library_Management_System] [restartedMain] o.s.b.w.embedded.tomcat.TomcatWebServer  : Tomcat initialized with port 8080 (http)
2024-12-27T20:14:34.255+02:00  INFO 24533 --- [Library_Management_System] [restartedMain] o.apache.catalina.core.StandardService   : Starting service [Tomcat]
2024-12-27T20:14:34.255+02:00  INFO 24533 --- [Library_Management_System] [restartedMain] o.apache.catalina.core.StandardEngine    : Starting Servlet engine: [Apache Tomcat/10.1.26]
2024-12-27T20:14:34.274+02:00  INFO 24533 --- [Library_Management_System] [restartedMain] o.a.c.c.C.[Tomcat].[localhost].[/]       : Initializing Spring embedded WebApplicationContext
2024-12-27T20:14:34.275+02:00  INFO 24533 --- [Library_Management_System] [restartedMain] w.s.c.ServletWebServerApplicationContext : Root WebApplicationContext: initialization completed in 887 ms
2024-12-27T20:14:34.395+02:00  INFO 24533 --- [Library_Management_System] [restartedMain] o.hibernate.jpa.internal.util.LogHelper  : HHH000204: Processing PersistenceUnitInfo [name: default]
2024-12-27T20:14:34.421+02:00  INFO 24533 --- [Library_Management_System] [restartedMain] org.hibernate.Version                    : HHH000412: Hibernate ORM core version 6.5.2.Final
2024-12-27T20:14:34.439+02:00  INFO 24533 --- [Library_Management_System] [restartedMain] o.h.c.internal.RegionFactoryInitiator    : HHH000026: Second-level cache disabled
2024-12-27T20:14:34.606+02:00  INFO 24533 --- [Library_Management_System] [restartedMain] o.s.o.j.p.SpringPersistenceUnitInfo      : No LoadTimeWeaver setup: ignoring JPA class transformer
2024-12-27T20:14:34.619+02:00  INFO 24533 --- [Library_Management_System] [restartedMain] com.zaxxer.hikari.HikariDataSource       : HikariPool-1 - Starting...
2024-12-27T20:14:34.802+02:00  INFO 24533 --- [Library_Management_System] [restartedMain] com.zaxxer.hikari.pool.HikariPool        : HikariPool-1 - Added connection com.mysql.cj.jdbc.ConnectionImpl@4a6d3eed
2024-12-27T20:14:34.803+02:00  INFO 24533 --- [Library_Management_System] [restartedMain] com.zaxxer.hikari.HikariDataSource       : HikariPool-1 - Start completed.
2024-12-27T20:14:35.369+02:00  INFO 24533 --- [Library_Management_System] [restartedMain] o.h.e.t.j.p.i.JtaPlatformInitiator       : HHH000489: No JTA platform available (set 'hibernate.transaction.jta.platform' to enable JTA platform integration)
2024-12-27T20:14:35.405+02:00  INFO 24533 --- [Library_Management_System] [restartedMain] j.LocalContainerEntityManagerFactoryBean : Initialized JPA EntityManagerFactory for persistence unit 'default'
2024-12-27T20:14:35.612+02:00  INFO 24533 --- [Library_Management_System] [restartedMain] eAuthenticationProviderManagerConfigurer : Global AuthenticationManager configured with AuthenticationProvider bean with name authProvider
2024-12-27T20:14:35.612+02:00  WARN 24533 --- [Library_Management_System] [restartedMain] r$InitializeUserDetailsManagerConfigurer : Global AuthenticationManager configured with an AuthenticationProvider bean. UserDetailsService beans will not be used for username/password login. Consider removing the AuthenticationProvider bean. Alternatively, consider using the UserDetailsService in a manually instantiated DaoAuthenticationProvider.
2024-12-27T20:14:35.670+02:00  INFO 24533 --- [Library_Management_System] [restartedMain] o.s.d.j.r.query.QueryEnhancerFactory     : Hibernate is in classpath; If applicable, HQL parser will be used.
2024-12-27T20:14:35.916+02:00  WARN 24533 --- [Library_Management_System] [restartedMain] JpaBaseConfiguration$JpaWebConfiguration : spring.jpa.open-in-view is enabled by default. Therefore, database queries may be performed during view rendering. Explicitly configure spring.jpa.open-in-view to disable this warning
2024-12-27T20:14:36.311+02:00  INFO 24533 --- [Library_Management_System] [restartedMain] o.s.b.d.a.OptionalLiveReloadServer       : LiveReload server is running on port 35729
2024-12-27T20:14:36.334+02:00  INFO 24533 --- [Library_Management_System] [restartedMain] o.s.b.w.embedded.tomcat.TomcatWebServer  : Tomcat started on port 8080 (http) with context path '/'
2024-12-27T20:14:36.340+02:00  INFO 24533 --- [Library_Management_System] [restartedMain] c.s.l.LibraryManagementSystemApplication : Started LibraryManagementSystemApplication in 3.226 seconds (process running for 3.622)
2024-12-27T20:14:42.058+02:00  INFO 24533 --- [Library_Management_System] [http-nio-8080-exec-1] o.a.c.c.C.[Tomcat].[localhost].[/]       : Initializing Spring DispatcherServlet 'dispatcherServlet'
2024-12-27T20:14:42.059+02:00  INFO 24533 --- [Library_Management_System] [http-nio-8080-exec-1] o.s.web.servlet.DispatcherServlet        : Initializing Servlet 'dispatcherServlet'
2024-12-27T20:14:42.059+02:00  INFO 24533 --- [Library_Management_System] [http-nio-8080-exec-1] o.s.web.servlet.DispatcherServlet        : Completed initialization in 0 ms
2024-12-27T20:15:11.486+02:00  INFO 24533 --- [Library_Management_System] [SpringApplicationShutdownHook] j.LocalContainerEntityManagerFactoryBean : Closing JPA EntityManagerFactory for persistence unit 'default'
2024-12-27T20:15:11.489+02:00  INFO 24533 --- [Library_Management_System] [SpringApplicationShutdownHook] com.zaxxer.hikari.HikariDataSource       : HikariPool-1 - Shutdown initiated...
2024-12-27T20:15:11.493+02:00  INFO 24533 --- [Library_Management_System] [SpringApplicationShutdownHook] com.zaxxer.hikari.HikariDataSource       : HikariPool-1 - Shutdown completed.
2024-12-27T20:15:13.674+02:00  INFO 24729 --- [Library_Management_System] [restartedMain] c.s.l.LibraryManagementSystemApplication : Starting LibraryManagementSystemApplication using Java 21.0.1 with PID 24729 (/home/helmi/Projects/Library_Management_System/target/classes started by helmi in /home/helmi/Projects/Library_Management_System)
2024-12-27T20:15:13.675+02:00  INFO 24729 --- [Library_Management_System] [restartedMain] c.s.l.LibraryManagementSystemApplication : No active profile set, falling back to 1 default profile: "default"
2024-12-27T20:15:13.703+02:00  INFO 24729 --- [Library_Management_System] [restartedMain] .e.DevToolsPropertyDefaultsPostProcessor : Devtools property defaults active! Set 'spring.devtools.add-properties' to 'false' to disable
2024-12-27T20:15:13.703+02:00  INFO 24729 --- [Library_Management_System] [restartedMain] .e.DevToolsPropertyDefaultsPostProcessor : For additional web related logging consider setting the 'logging.level.web' property to 'DEBUG'
2024-12-27T20:15:14.116+02:00  INFO 24729 --- [Library_Management_System] [restartedMain] .s.d.r.c.RepositoryConfigurationDelegate : Bootstrapping Spring Data JPA repositories in DEFAULT mode.
2024-12-27T20:15:14.163+02:00  INFO 24729 --- [Library_Management_System] [restartedMain] .s.d.r.c.RepositoryConfigurationDelegate : Finished Spring Data repository scanning in 41 ms. Found 3 JPA repository interfaces.
2024-12-27T20:15:14.571+02:00  INFO 24729 --- [Library_Management_System] [restartedMain] o.s.b.w.embedded.tomcat.TomcatWebServer  : Tomcat initialized with port 8080 (http)
2024-12-27T20:15:14.577+02:00  INFO 24729 --- [Library_Management_System] [restartedMain] o.apache.catalina.core.StandardService   : Starting service [Tomcat]
2024-12-27T20:15:14.577+02:00  INFO 24729 --- [Library_Management_System] [restartedMain] o.apache.catalina.core.StandardEngine    : Starting Servlet engine: [Apache Tomcat/10.1.26]
2024-12-27T20:15:14.596+02:00  INFO 24729 --- [Library_Management_System] [restartedMain] o.a.c.c.C.[Tomcat].[localhost].[/]       : Initializing Spring embedded WebApplicationContext
2024-12-27T20:15:14.597+02:00  INFO 24729 --- [Library_Management_System] [restartedMain] w.s.c.ServletWebServerApplicationContext : Root WebApplicationContext: initialization completed in 892 ms
2024-12-27T20:15:14.718+02:00  INFO 24729 --- [Library_Management_System] [restartedMain] o.hibernate.jpa.internal.util.LogHelper  : HHH000204: Processing PersistenceUnitInfo [name: default]
2024-12-27T20:15:14.744+02:00  INFO 24729 --- [Library_Management_System] [restartedMain] org.hibernate.Version                    : HHH000412: Hibernate ORM core version 6.5.2.Final
2024-12-27T20:15:14.763+02:00  INFO 24729 --- [Library_Management_System] [restartedMain] o.h.c.internal.RegionFactoryInitiator    : HHH000026: Second-level cache disabled
2024-12-27T20:15:14.929+02:00  INFO 24729 --- [Library_Management_System] [restartedMain] o.s.o.j.p.SpringPersistenceUnitInfo      : No LoadTimeWeaver setup: ignoring JPA class transformer
2024-12-27T20:15:14.944+02:00  INFO 24729 --- [Library_Management_System] [restartedMain] com.zaxxer.hikari.HikariDataSource       : HikariPool-1 - Starting...
2024-12-27T20:15:15.130+02:00  INFO 24729 --- [Library_Management_System] [restartedMain] com.zaxxer.hikari.pool.HikariPool        : HikariPool-1 - Added connection com.mysql.cj.jdbc.ConnectionImpl@7d846b2a
2024-12-27T20:15:15.131+02:00  INFO 24729 --- [Library_Management_System] [restartedMain] com.zaxxer.hikari.HikariDataSource       : HikariPool-1 - Start completed.
2024-12-27T20:15:15.727+02:00  INFO 24729 --- [Library_Management_System] [restartedMain] o.h.e.t.j.p.i.JtaPlatformInitiator       : HHH000489: No JTA platform available (set 'hibernate.transaction.jta.platform' to enable JTA platform integration)
2024-12-27T20:15:15.766+02:00  INFO 24729 --- [Library_Management_System] [restartedMain] j.LocalContainerEntityManagerFactoryBean : Initialized JPA EntityManagerFactory for persistence unit 'default'
2024-12-27T20:15:15.994+02:00  INFO 24729 --- [Library_Management_System] [restartedMain] eAuthenticationProviderManagerConfigurer : Global AuthenticationManager configured with AuthenticationProvider bean with name authProvider
2024-12-27T20:15:15.994+02:00  WARN 24729 --- [Library_Management_System] [restartedMain] r$InitializeUserDetailsManagerConfigurer : Global AuthenticationManager configured with an AuthenticationProvider bean. UserDetailsService beans will not be used for username/password login. Consider removing the AuthenticationProvider bean. Alternatively, consider using the UserDetailsService in a manually instantiated DaoAuthenticationProvider.
2024-12-27T20:15:16.058+02:00  INFO 24729 --- [Library_Management_System] [restartedMain] o.s.d.j.r.query.QueryEnhancerFactory     : Hibernate is in classpath; If applicable, HQL parser will be used.
2024-12-27T20:15:16.325+02:00  WARN 24729 --- [Library_Management_System] [restartedMain] JpaBaseConfiguration$JpaWebConfiguration : spring.jpa.open-in-view is enabled by default. Therefore, database queries may be performed during view rendering. Explicitly configure spring.jpa.open-in-view to disable this warning
2024-12-27T20:15:16.758+02:00  INFO 24729 --- [Library_Management_System] [restartedMain] o.s.b.d.a.OptionalLiveReloadServer       : LiveReload server is running on port 35729
2024-12-27T20:15:16.781+02:00  INFO 24729 --- [Library_Management_System] [restartedMain] o.s.b.w.embedded.tomcat.TomcatWebServer  : Tomcat started on port 8080 (http) with context path '/'
2024-12-27T20:15:16.787+02:00  INFO 24729 --- [Library_Management_System] [restartedMain] c.s.l.LibraryManagementSystemApplication : Started LibraryManagementSystemApplication in 3.36 seconds (process running for 3.737)
2024-12-27T20:15:25.735+02:00  INFO 24729 --- [Library_Management_System] [http-nio-8080-exec-1] o.a.c.c.C.[Tomcat].[localhost].[/]       : Initializing Spring DispatcherServlet 'dispatcherServlet'
2024-12-27T20:15:25.735+02:00  INFO 24729 --- [Library_Management_System] [http-nio-8080-exec-1] o.s.web.servlet.DispatcherServlet        : Initializing Servlet 'dispatcherServlet'
2024-12-27T20:15:25.737+02:00  INFO 24729 --- [Library_Management_System] [http-nio-8080-exec-1] o.s.web.servlet.DispatcherServlet        : Completed initialization in 2 ms
2024-12-27T20:17:07.619+02:00  WARN 24729 --- [Library_Management_System] [http-nio-8080-exec-5] .m.m.a.ExceptionHandlerExceptionResolver : Resolved [org.springframework.security.authorization.AuthorizationDeniedException: Access Denied]
2024-12-27T20:17:27.784+02:00  INFO 24729 --- [Library_Management_System] [SpringApplicationShutdownHook] j.LocalContainerEntityManagerFactoryBean : Closing JPA EntityManagerFactory for persistence unit 'default'
2024-12-27T20:17:27.786+02:00  INFO 24729 --- [Library_Management_System] [SpringApplicationShutdownHook] com.zaxxer.hikari.HikariDataSource       : HikariPool-1 - Shutdown initiated...
2024-12-27T20:17:27.791+02:00  INFO 24729 --- [Library_Management_System] [SpringApplicationShutdownHook] com.zaxxer.hikari.HikariDataSource       : HikariPool-1 - Shutdown completed.
2024-12-27T20:17:29.965+02:00  INFO 24998 --- [Library_Management_System] [restartedMain] c.s.l.LibraryManagementSystemApplication : Starting LibraryManagementSystemApplication using Java 21.0.1 with PID 24998 (/home/helmi/Projects/Library_Management_System/target/classes started by helmi in /home/helmi/Projects/Library_Management_System)
2024-12-27T20:17:29.967+02:00  INFO 24998 --- [Library_Management_System] [restartedMain] c.s.l.LibraryManagementSystemApplication : No active profile set, falling back to 1 default profile: "default"
2024-12-27T20:17:29.994+02:00  INFO 24998 --- [Library_Management_System] [restartedMain] .e.DevToolsPropertyDefaultsPostProcessor : Devtools property defaults active! Set 'spring.devtools.add-properties' to 'false' to disable
2024-12-27T20:17:29.994+02:00  INFO 24998 --- [Library_Management_System] [restartedMain] .e.DevToolsPropertyDefaultsPostProcessor : For additional web related logging consider setting the 'logging.level.web' property to 'DEBUG'
2024-12-27T20:17:30.398+02:00  INFO 24998 --- [Library_Management_System] [restartedMain] .s.d.r.c.RepositoryConfigurationDelegate : Bootstrapping Spring Data JPA repositories in DEFAULT mode.
2024-12-27T20:17:30.431+02:00  INFO 24998 --- [Library_Management_System] [restartedMain] .s.d.r.c.RepositoryConfigurationDelegate : Finished Spring Data repository scanning in 28 ms. Found 3 JPA repository interfaces.
2024-12-27T20:17:30.833+02:00  INFO 24998 --- [Library_Management_System] [restartedMain] o.s.b.w.embedded.tomcat.TomcatWebServer  : Tomcat initialized with port 8080 (http)
2024-12-27T20:17:30.839+02:00  INFO 24998 --- [Library_Management_System] [restartedMain] o.apache.catalina.core.StandardService   : Starting service [Tomcat]
2024-12-27T20:17:30.839+02:00  INFO 24998 --- [Library_Management_System] [restartedMain] o.apache.catalina.core.StandardEngine    : Starting Servlet engine: [Apache Tomcat/10.1.26]
2024-12-27T20:17:30.858+02:00  INFO 24998 --- [Library_Management_System] [restartedMain] o.a.c.c.C.[Tomcat].[localhost].[/]       : Initializing Spring embedded WebApplicationContext
2024-12-27T20:17:30.858+02:00  INFO 24998 --- [Library_Management_System] [restartedMain] w.s.c.ServletWebServerApplicationContext : Root WebApplicationContext: initialization completed in 864 ms
2024-12-27T20:17:30.986+02:00  INFO 24998 --- [Library_Management_System] [restartedMain] o.hibernate.jpa.internal.util.LogHelper  : HHH000204: Processing PersistenceUnitInfo [name: default]
2024-12-27T20:17:31.013+02:00  INFO 24998 --- [Library_Management_System] [restartedMain] org.hibernate.Version                    : HHH000412: Hibernate ORM core version 6.5.2.Final
2024-12-27T20:17:31.028+02:00  INFO 24998 --- [Library_Management_System] [restartedMain] o.h.c.internal.RegionFactoryInitiator    : HHH000026: Second-level cache disabled
2024-12-27T20:17:31.192+02:00  INFO 24998 --- [Library_Management_System] [restartedMain] o.s.o.j.p.SpringPersistenceUnitInfo      : No LoadTimeWeaver setup: ignoring JPA class transformer
2024-12-27T20:17:31.205+02:00  INFO 24998 --- [Library_Management_System] [restartedMain] com.zaxxer.hikari.HikariDataSource       : HikariPool-1 - Starting...
2024-12-27T20:17:31.390+02:00  INFO 24998 --- [Library_Management_System] [restartedMain] com.zaxxer.hikari.pool.HikariPool        : HikariPool-1 - Added connection com.mysql.cj.jdbc.ConnectionImpl@7d846b2a
2024-12-27T20:17:31.391+02:00  INFO 24998 --- [Library_Management_System] [restartedMain] com.zaxxer.hikari.HikariDataSource       : HikariPool-1 - Start completed.
2024-12-27T20:17:31.960+02:00  INFO 24998 --- [Library_Management_System] [restartedMain] o.h.e.t.j.p.i.JtaPlatformInitiator       : HHH000489: No JTA platform available (set 'hibernate.transaction.jta.platform' to enable JTA platform integration)
2024-12-27T20:17:31.997+02:00  INFO 24998 --- [Library_Management_System] [restartedMain] j.LocalContainerEntityManagerFactoryBean : Initialized JPA EntityManagerFactory for persistence unit 'default'
2024-12-27T20:17:32.202+02:00  INFO 24998 --- [Library_Management_System] [restartedMain] eAuthenticationProviderManagerConfigurer : Global AuthenticationManager configured with AuthenticationProvider bean with name authProvider
2024-12-27T20:17:32.202+02:00  WARN 24998 --- [Library_Management_System] [restartedMain] r$InitializeUserDetailsManagerConfigurer : Global AuthenticationManager configured with an AuthenticationProvider bean. UserDetailsService beans will not be used for username/password login. Consider removing the AuthenticationProvider bean. Alternatively, consider using the UserDetailsService in a manually instantiated DaoAuthenticationProvider.
2024-12-27T20:17:32.257+02:00  INFO 24998 --- [Library_Management_System] [restartedMain] o.s.d.j.r.query.QueryEnhancerFactory     : Hibernate is in classpath; If applicable, HQL parser will be used.
2024-12-27T20:17:32.514+02:00  WARN 24998 --- [Library_Management_System] [restartedMain] JpaBaseConfiguration$JpaWebConfiguration : spring.jpa.open-in-view is enabled by default. Therefore, database queries may be performed during view rendering. Explicitly configure spring.jpa.open-in-view to disable this warning
2024-12-27T20:17:32.925+02:00  INFO 24998 --- [Library_Management_System] [restartedMain] o.s.b.d.a.OptionalLiveReloadServer       : LiveReload server is running on port 35729
2024-12-27T20:17:32.947+02:00  INFO 24998 --- [Library_Management_System] [restartedMain] o.s.b.w.embedded.tomcat.TomcatWebServer  : Tomcat started on port 8080 (http) with context path '/'
2024-12-27T20:17:32.953+02:00  INFO 24998 --- [Library_Management_System] [restartedMain] c.s.l.LibraryManagementSystemApplication : Started LibraryManagementSystemApplication in 3.227 seconds (process running for 3.624)
2024-12-27T20:17:37.531+02:00  INFO 24998 --- [Library_Management_System] [http-nio-8080-exec-2] o.a.c.c.C.[Tomcat].[localhost].[/]       : Initializing Spring DispatcherServlet 'dispatcherServlet'
2024-12-27T20:17:37.531+02:00  INFO 24998 --- [Library_Management_System] [http-nio-8080-exec-2] o.s.web.servlet.DispatcherServlet        : Initializing Servlet 'dispatcherServlet'
2024-12-27T20:17:37.532+02:00  INFO 24998 --- [Library_Management_System] [http-nio-8080-exec-2] o.s.web.servlet.DispatcherServlet        : Completed initialization in 1 ms
2024-12-27T20:18:40.130+02:00  INFO 24998 --- [Library_Management_System] [SpringApplicationShutdownHook] j.LocalContainerEntityManagerFactoryBean : Closing JPA EntityManagerFactory for persistence unit 'default'
2024-12-27T20:18:40.132+02:00  INFO 24998 --- [Library_Management_System] [SpringApplicationShutdownHook] com.zaxxer.hikari.HikariDataSource       : HikariPool-1 - Shutdown initiated...
2024-12-27T20:18:40.136+02:00  INFO 24998 --- [Library_Management_System] [SpringApplicationShutdownHook] com.zaxxer.hikari.HikariDataSource       : HikariPool-1 - Shutdown completed.
2024-12-27T20:18:42.358+02:00  INFO 25177 --- [Library_Management_System] [restartedMain] c.s.l.LibraryManagementSystemApplication : Starting LibraryManagementSystemApplication using Java 21.0.1 with PID 25177 (/home/helmi/Projects/Library_Management_System/target/classes started by helmi in /home/helmi/Projects/Library_Management_System)
2024-12-27T20:18:42.359+02:00  INFO 25177 --- [Library_Management_System] [restartedMain] c.s.l.LibraryManagementSystemApplication : No active profile set, falling back to 1 default profile: "default"
2024-12-27T20:18:42.389+02:00  INFO 25177 --- [Library_Management_System] [restartedMain] .e.DevToolsPropertyDefaultsPostProcessor : Devtools property defaults active! Set 'spring.devtools.add-properties' to 'false' to disable
2024-12-27T20:18:42.389+02:00  INFO 25177 --- [Library_Management_System] [restartedMain] .e.DevToolsPropertyDefaultsPostProcessor : For additional web related logging consider setting the 'logging.level.web' property to 'DEBUG'
2024-12-27T20:18:42.790+02:00  INFO 25177 --- [Library_Management_System] [restartedMain] .s.d.r.c.RepositoryConfigurationDelegate : Bootstrapping Spring Data JPA repositories in DEFAULT mode.
2024-12-27T20:18:42.825+02:00  INFO 25177 --- [Library_Management_System] [restartedMain] .s.d.r.c.RepositoryConfigurationDelegate : Finished Spring Data repository scanning in 30 ms. Found 3 JPA repository interfaces.
2024-12-27T20:18:43.218+02:00  INFO 25177 --- [Library_Management_System] [restartedMain] o.s.b.w.embedded.tomcat.TomcatWebServer  : Tomcat initialized with port 8080 (http)
2024-12-27T20:18:43.224+02:00  INFO 25177 --- [Library_Management_System] [restartedMain] o.apache.catalina.core.StandardService   : Starting service [Tomcat]
2024-12-27T20:18:43.224+02:00  INFO 25177 --- [Library_Management_System] [restartedMain] o.apache.catalina.core.StandardEngine    : Starting Servlet engine: [Apache Tomcat/10.1.26]
2024-12-27T20:18:43.244+02:00  INFO 25177 --- [Library_Management_System] [restartedMain] o.a.c.c.C.[Tomcat].[localhost].[/]       : Initializing Spring embedded WebApplicationContext
2024-12-27T20:18:43.244+02:00  INFO 25177 --- [Library_Management_System] [restartedMain] w.s.c.ServletWebServerApplicationContext : Root WebApplicationContext: initialization completed in 855 ms
2024-12-27T20:18:43.371+02:00  INFO 25177 --- [Library_Management_System] [restartedMain] o.hibernate.jpa.internal.util.LogHelper  : HHH000204: Processing PersistenceUnitInfo [name: default]
2024-12-27T20:18:43.402+02:00  INFO 25177 --- [Library_Management_System] [restartedMain] org.hibernate.Version                    : HHH000412: Hibernate ORM core version 6.5.2.Final
2024-12-27T20:18:43.418+02:00  INFO 25177 --- [Library_Management_System] [restartedMain] o.h.c.internal.RegionFactoryInitiator    : HHH000026: Second-level cache disabled
2024-12-27T20:18:43.583+02:00  INFO 25177 --- [Library_Management_System] [restartedMain] o.s.o.j.p.SpringPersistenceUnitInfo      : No LoadTimeWeaver setup: ignoring JPA class transformer
2024-12-27T20:18:43.596+02:00  INFO 25177 --- [Library_Management_System] [restartedMain] com.zaxxer.hikari.HikariDataSource       : HikariPool-1 - Starting...
2024-12-27T20:18:43.781+02:00  INFO 25177 --- [Library_Management_System] [restartedMain] com.zaxxer.hikari.pool.HikariPool        : HikariPool-1 - Added connection com.mysql.cj.jdbc.ConnectionImpl@20c1866b
2024-12-27T20:18:43.782+02:00  INFO 25177 --- [Library_Management_System] [restartedMain] com.zaxxer.hikari.HikariDataSource       : HikariPool-1 - Start completed.
2024-12-27T20:18:44.343+02:00  INFO 25177 --- [Library_Management_System] [restartedMain] o.h.e.t.j.p.i.JtaPlatformInitiator       : HHH000489: No JTA platform available (set 'hibernate.transaction.jta.platform' to enable JTA platform integration)
2024-12-27T20:18:44.383+02:00  INFO 25177 --- [Library_Management_System] [restartedMain] j.LocalContainerEntityManagerFactoryBean : Initialized JPA EntityManagerFactory for persistence unit 'default'
2024-12-27T20:18:44.594+02:00  INFO 25177 --- [Library_Management_System] [restartedMain] eAuthenticationProviderManagerConfigurer : Global AuthenticationManager configured with AuthenticationProvider bean with name authProvider
2024-12-27T20:18:44.594+02:00  WARN 25177 --- [Library_Management_System] [restartedMain] r$InitializeUserDetailsManagerConfigurer : Global AuthenticationManager configured with an AuthenticationProvider bean. UserDetailsService beans will not be used for username/password login. Consider removing the AuthenticationProvider bean. Alternatively, consider using the UserDetailsService in a manually instantiated DaoAuthenticationProvider.
2024-12-27T20:18:44.657+02:00  INFO 25177 --- [Library_Management_System] [restartedMain] o.s.d.j.r.query.QueryEnhancerFactory     : Hibernate is in classpath; If applicable, HQL parser will be used.
2024-12-27T20:18:44.903+02:00  WARN 25177 --- [Library_Management_System] [restartedMain] JpaBaseConfiguration$JpaWebConfiguration : spring.jpa.open-in-view is enabled by default. Therefore, database queries may be performed during view rendering. Explicitly configure spring.jpa.open-in-view to disable this warning
2024-12-27T20:18:45.306+02:00  INFO 25177 --- [Library_Management_System] [restartedMain] o.s.b.d.a.OptionalLiveReloadServer       : LiveReload server is running on port 35729
2024-12-27T20:18:45.328+02:00  INFO 25177 --- [Library_Management_System] [restartedMain] o.s.b.w.embedded.tomcat.TomcatWebServer  : Tomcat started on port 8080 (http) with context path '/'
2024-12-27T20:18:45.335+02:00  INFO 25177 --- [Library_Management_System] [restartedMain] c.s.l.LibraryManagementSystemApplication : Started LibraryManagementSystemApplication in 3.218 seconds (process running for 3.608)
2024-12-27T20:18:48.375+02:00  INFO 25177 --- [Library_Management_System] [http-nio-8080-exec-2] o.a.c.c.C.[Tomcat].[localhost].[/]       : Initializing Spring DispatcherServlet 'dispatcherServlet'
2024-12-27T20:18:48.375+02:00  INFO 25177 --- [Library_Management_System] [http-nio-8080-exec-2] o.s.web.servlet.DispatcherServlet        : Initializing Servlet 'dispatcherServlet'
2024-12-27T20:18:48.376+02:00  INFO 25177 --- [Library_Management_System] [http-nio-8080-exec-2] o.s.web.servlet.DispatcherServlet        : Completed initialization in 1 ms
2024-12-27T20:19:01.075+02:00  WARN 25177 --- [Library_Management_System] [http-nio-8080-exec-3] .m.m.a.ExceptionHandlerExceptionResolver : Resolved [org.springframework.security.authorization.AuthorizationDeniedException: Access Denied]
2024-12-27T20:19:07.172+02:00  INFO 25177 --- [Library_Management_System] [http-nio-8080-exec-4] c.s.l.Aspect.LoggingAspect               : Method Called: getPatronById
2024-12-27T20:19:07.181+02:00  INFO 25177 --- [Library_Management_System] [http-nio-8080-exec-4] c.s.l.Aspect.PerformanceMonitorAspect    : Time taken by getPatronById method is: 8 ms
2024-12-27T20:19:44.737+02:00  INFO 25177 --- [Library_Management_System] [SpringApplicationShutdownHook] j.LocalContainerEntityManagerFactoryBean : Closing JPA EntityManagerFactory for persistence unit 'default'
2024-12-27T20:19:44.740+02:00  INFO 25177 --- [Library_Management_System] [SpringApplicationShutdownHook] com.zaxxer.hikari.HikariDataSource       : HikariPool-1 - Shutdown initiated...
2024-12-27T20:19:44.745+02:00  INFO 25177 --- [Library_Management_System] [SpringApplicationShutdownHook] com.zaxxer.hikari.HikariDataSource       : HikariPool-1 - Shutdown completed.
2024-12-27T20:19:46.947+02:00  INFO 25406 --- [Library_Management_System] [restartedMain] c.s.l.LibraryManagementSystemApplication : Starting LibraryManagementSystemApplication using Java 21.0.1 with PID 25406 (/home/helmi/Projects/Library_Management_System/target/classes started by helmi in /home/helmi/Projects/Library_Management_System)
2024-12-27T20:19:46.948+02:00  INFO 25406 --- [Library_Management_System] [restartedMain] c.s.l.LibraryManagementSystemApplication : No active profile set, falling back to 1 default profile: "default"
2024-12-27T20:19:46.976+02:00  INFO 25406 --- [Library_Management_System] [restartedMain] .e.DevToolsPropertyDefaultsPostProcessor : Devtools property defaults active! Set 'spring.devtools.add-properties' to 'false' to disable
2024-12-27T20:19:46.976+02:00  INFO 25406 --- [Library_Management_System] [restartedMain] .e.DevToolsPropertyDefaultsPostProcessor : For additional web related logging consider setting the 'logging.level.web' property to 'DEBUG'
2024-12-27T20:19:47.379+02:00  INFO 25406 --- [Library_Management_System] [restartedMain] .s.d.r.c.RepositoryConfigurationDelegate : Bootstrapping Spring Data JPA repositories in DEFAULT mode.
2024-12-27T20:19:47.411+02:00  INFO 25406 --- [Library_Management_System] [restartedMain] .s.d.r.c.RepositoryConfigurationDelegate : Finished Spring Data repository scanning in 28 ms. Found 3 JPA repository interfaces.
2024-12-27T20:19:47.817+02:00  INFO 25406 --- [Library_Management_System] [restartedMain] o.s.b.w.embedded.tomcat.TomcatWebServer  : Tomcat initialized with port 8080 (http)
2024-12-27T20:19:47.823+02:00  INFO 25406 --- [Library_Management_System] [restartedMain] o.apache.catalina.core.StandardService   : Starting service [Tomcat]
2024-12-27T20:19:47.823+02:00  INFO 25406 --- [Library_Management_System] [restartedMain] o.apache.catalina.core.StandardEngine    : Starting Servlet engine: [Apache Tomcat/10.1.26]
2024-12-27T20:19:47.843+02:00  INFO 25406 --- [Library_Management_System] [restartedMain] o.a.c.c.C.[Tomcat].[localhost].[/]       : Initializing Spring embedded WebApplicationContext
2024-12-27T20:19:47.843+02:00  INFO 25406 --- [Library_Management_System] [restartedMain] w.s.c.ServletWebServerApplicationContext : Root WebApplicationContext: initialization completed in 867 ms
2024-12-27T20:19:47.964+02:00  INFO 25406 --- [Library_Management_System] [restartedMain] o.hibernate.jpa.internal.util.LogHelper  : HHH000204: Processing PersistenceUnitInfo [name: default]
2024-12-27T20:19:47.997+02:00  INFO 25406 --- [Library_Management_System] [restartedMain] org.hibernate.Version                    : HHH000412: Hibernate ORM core version 6.5.2.Final
2024-12-27T20:19:48.013+02:00  INFO 25406 --- [Library_Management_System] [restartedMain] o.h.c.internal.RegionFactoryInitiator    : HHH000026: Second-level cache disabled
2024-12-27T20:19:48.173+02:00  INFO 25406 --- [Library_Management_System] [restartedMain] o.s.o.j.p.SpringPersistenceUnitInfo      : No LoadTimeWeaver setup: ignoring JPA class transformer
2024-12-27T20:19:48.188+02:00  INFO 25406 --- [Library_Management_System] [restartedMain] com.zaxxer.hikari.HikariDataSource       : HikariPool-1 - Starting...
2024-12-27T20:19:48.369+02:00  INFO 25406 --- [Library_Management_System] [restartedMain] com.zaxxer.hikari.pool.HikariPool        : HikariPool-1 - Added connection com.mysql.cj.jdbc.ConnectionImpl@20c1866b
2024-12-27T20:19:48.370+02:00  INFO 25406 --- [Library_Management_System] [restartedMain] com.zaxxer.hikari.HikariDataSource       : HikariPool-1 - Start completed.
2024-12-27T20:19:48.961+02:00  INFO 25406 --- [Library_Management_System] [restartedMain] o.h.e.t.j.p.i.JtaPlatformInitiator       : HHH000489: No JTA platform available (set 'hibernate.transaction.jta.platform' to enable JTA platform integration)
2024-12-27T20:19:48.999+02:00  INFO 25406 --- [Library_Management_System] [restartedMain] j.LocalContainerEntityManagerFactoryBean : Initialized JPA EntityManagerFactory for persistence unit 'default'
2024-12-27T20:19:49.203+02:00  INFO 25406 --- [Library_Management_System] [restartedMain] eAuthenticationProviderManagerConfigurer : Global AuthenticationManager configured with AuthenticationProvider bean with name authProvider
2024-12-27T20:19:49.203+02:00  WARN 25406 --- [Library_Management_System] [restartedMain] r$InitializeUserDetailsManagerConfigurer : Global AuthenticationManager configured with an AuthenticationProvider bean. UserDetailsService beans will not be used for username/password login. Consider removing the AuthenticationProvider bean. Alternatively, consider using the UserDetailsService in a manually instantiated DaoAuthenticationProvider.
2024-12-27T20:19:49.264+02:00  INFO 25406 --- [Library_Management_System] [restartedMain] o.s.d.j.r.query.QueryEnhancerFactory     : Hibernate is in classpath; If applicable, HQL parser will be used.
2024-12-27T20:19:49.508+02:00  WARN 25406 --- [Library_Management_System] [restartedMain] JpaBaseConfiguration$JpaWebConfiguration : spring.jpa.open-in-view is enabled by default. Therefore, database queries may be performed during view rendering. Explicitly configure spring.jpa.open-in-view to disable this warning
2024-12-27T20:19:49.891+02:00  INFO 25406 --- [Library_Management_System] [restartedMain] o.s.b.d.a.OptionalLiveReloadServer       : LiveReload server is running on port 35729
2024-12-27T20:19:49.913+02:00  INFO 25406 --- [Library_Management_System] [restartedMain] o.s.b.w.embedded.tomcat.TomcatWebServer  : Tomcat started on port 8080 (http) with context path '/'
2024-12-27T20:19:49.919+02:00  INFO 25406 --- [Library_Management_System] [restartedMain] c.s.l.LibraryManagementSystemApplication : Started LibraryManagementSystemApplication in 3.233 seconds (process running for 3.619)
2024-12-27T20:20:00.040+02:00  INFO 25406 --- [Library_Management_System] [http-nio-8080-exec-2] o.a.c.c.C.[Tomcat].[localhost].[/]       : Initializing Spring DispatcherServlet 'dispatcherServlet'
2024-12-27T20:20:00.040+02:00  INFO 25406 --- [Library_Management_System] [http-nio-8080-exec-2] o.s.web.servlet.DispatcherServlet        : Initializing Servlet 'dispatcherServlet'
2024-12-27T20:20:00.041+02:00  INFO 25406 --- [Library_Management_System] [http-nio-8080-exec-2] o.s.web.servlet.DispatcherServlet        : Completed initialization in 1 ms
2024-12-27T20:21:04.828+02:00  INFO 25406 --- [Library_Management_System] [SpringApplicationShutdownHook] j.LocalContainerEntityManagerFactoryBean : Closing JPA EntityManagerFactory for persistence unit 'default'
2024-12-27T20:21:04.831+02:00  INFO 25406 --- [Library_Management_System] [SpringApplicationShutdownHook] com.zaxxer.hikari.HikariDataSource       : HikariPool-1 - Shutdown initiated...
2024-12-27T20:21:04.835+02:00  INFO 25406 --- [Library_Management_System] [SpringApplicationShutdownHook] com.zaxxer.hikari.HikariDataSource       : HikariPool-1 - Shutdown completed.
2024-12-27T20:21:07.045+02:00  INFO 25607 --- [Library_Management_System] [restartedMain] c.s.l.LibraryManagementSystemApplication : Starting LibraryManagementSystemApplication using Java 21.0.1 with PID 25607 (/home/helmi/Projects/Library_Management_System/target/classes started by helmi in /home/helmi/Projects/Library_Management_System)
2024-12-27T20:21:07.047+02:00  INFO 25607 --- [Library_Management_System] [restartedMain] c.s.l.LibraryManagementSystemApplication : No active profile set, falling back to 1 default profile: "default"
2024-12-27T20:21:07.076+02:00  INFO 25607 --- [Library_Management_System] [restartedMain] .e.DevToolsPropertyDefaultsPostProcessor : Devtools property defaults active! Set 'spring.devtools.add-properties' to 'false' to disable
2024-12-27T20:21:07.076+02:00  INFO 25607 --- [Library_Management_System] [restartedMain] .e.DevToolsPropertyDefaultsPostProcessor : For additional web related logging consider setting the 'logging.level.web' property to 'DEBUG'
2024-12-27T20:21:07.474+02:00  INFO 25607 --- [Library_Management_System] [restartedMain] .s.d.r.c.RepositoryConfigurationDelegate : Bootstrapping Spring Data JPA repositories in DEFAULT mode.
2024-12-27T20:21:07.505+02:00  INFO 25607 --- [Library_Management_System] [restartedMain] .s.d.r.c.RepositoryConfigurationDelegate : Finished Spring Data repository scanning in 27 ms. Found 3 JPA repository interfaces.
2024-12-27T20:21:07.902+02:00  INFO 25607 --- [Library_Management_System] [restartedMain] o.s.b.w.embedded.tomcat.TomcatWebServer  : Tomcat initialized with port 8080 (http)
2024-12-27T20:21:07.908+02:00  INFO 25607 --- [Library_Management_System] [restartedMain] o.apache.catalina.core.StandardService   : Starting service [Tomcat]
2024-12-27T20:21:07.908+02:00  INFO 25607 --- [Library_Management_System] [restartedMain] o.apache.catalina.core.StandardEngine    : Starting Servlet engine: [Apache Tomcat/10.1.26]
2024-12-27T20:21:07.928+02:00  INFO 25607 --- [Library_Management_System] [restartedMain] o.a.c.c.C.[Tomcat].[localhost].[/]       : Initializing Spring embedded WebApplicationContext
2024-12-27T20:21:07.928+02:00  INFO 25607 --- [Library_Management_System] [restartedMain] w.s.c.ServletWebServerApplicationContext : Root WebApplicationContext: initialization completed in 852 ms
2024-12-27T20:21:08.053+02:00  INFO 25607 --- [Library_Management_System] [restartedMain] o.hibernate.jpa.internal.util.LogHelper  : HHH000204: Processing PersistenceUnitInfo [name: default]
2024-12-27T20:21:08.083+02:00  INFO 25607 --- [Library_Management_System] [restartedMain] org.hibernate.Version                    : HHH000412: Hibernate ORM core version 6.5.2.Final
2024-12-27T20:21:08.098+02:00  INFO 25607 --- [Library_Management_System] [restartedMain] o.h.c.internal.RegionFactoryInitiator    : HHH000026: Second-level cache disabled
2024-12-27T20:21:08.282+02:00  INFO 25607 --- [Library_Management_System] [restartedMain] o.s.o.j.p.SpringPersistenceUnitInfo      : No LoadTimeWeaver setup: ignoring JPA class transformer
2024-12-27T20:21:08.297+02:00  INFO 25607 --- [Library_Management_System] [restartedMain] com.zaxxer.hikari.HikariDataSource       : HikariPool-1 - Starting...
2024-12-27T20:21:08.495+02:00  INFO 25607 --- [Library_Management_System] [restartedMain] com.zaxxer.hikari.pool.HikariPool        : HikariPool-1 - Added connection com.mysql.cj.jdbc.ConnectionImpl@56653a8e
2024-12-27T20:21:08.497+02:00  INFO 25607 --- [Library_Management_System] [restartedMain] com.zaxxer.hikari.HikariDataSource       : HikariPool-1 - Start completed.
2024-12-27T20:21:09.048+02:00  INFO 25607 --- [Library_Management_System] [restartedMain] o.h.e.t.j.p.i.JtaPlatformInitiator       : HHH000489: No JTA platform available (set 'hibernate.transaction.jta.platform' to enable JTA platform integration)
2024-12-27T20:21:09.088+02:00  INFO 25607 --- [Library_Management_System] [restartedMain] j.LocalContainerEntityManagerFactoryBean : Initialized JPA EntityManagerFactory for persistence unit 'default'
2024-12-27T20:21:09.313+02:00  INFO 25607 --- [Library_Management_System] [restartedMain] eAuthenticationProviderManagerConfigurer : Global AuthenticationManager configured with AuthenticationProvider bean with name authProvider
2024-12-27T20:21:09.314+02:00  WARN 25607 --- [Library_Management_System] [restartedMain] r$InitializeUserDetailsManagerConfigurer : Global AuthenticationManager configured with an AuthenticationProvider bean. UserDetailsService beans will not be used for username/password login. Consider removing the AuthenticationProvider bean. Alternatively, consider using the UserDetailsService in a manually instantiated DaoAuthenticationProvider.
2024-12-27T20:21:09.369+02:00  INFO 25607 --- [Library_Management_System] [restartedMain] o.s.d.j.r.query.QueryEnhancerFactory     : Hibernate is in classpath; If applicable, HQL parser will be used.
2024-12-27T20:21:09.616+02:00  WARN 25607 --- [Library_Management_System] [restartedMain] JpaBaseConfiguration$JpaWebConfiguration : spring.jpa.open-in-view is enabled by default. Therefore, database queries may be performed during view rendering. Explicitly configure spring.jpa.open-in-view to disable this warning
2024-12-27T20:21:10.002+02:00  INFO 25607 --- [Library_Management_System] [restartedMain] o.s.b.d.a.OptionalLiveReloadServer       : LiveReload server is running on port 35729
2024-12-27T20:21:10.022+02:00  INFO 25607 --- [Library_Management_System] [restartedMain] o.s.b.w.embedded.tomcat.TomcatWebServer  : Tomcat started on port 8080 (http) with context path '/'
2024-12-27T20:21:10.028+02:00  INFO 25607 --- [Library_Management_System] [restartedMain] c.s.l.LibraryManagementSystemApplication : Started LibraryManagementSystemApplication in 3.247 seconds (process running for 3.635)
2024-12-27T20:21:12.721+02:00  INFO 25607 --- [Library_Management_System] [http-nio-8080-exec-1] o.a.c.c.C.[Tomcat].[localhost].[/]       : Initializing Spring DispatcherServlet 'dispatcherServlet'
2024-12-27T20:21:12.721+02:00  INFO 25607 --- [Library_Management_System] [http-nio-8080-exec-1] o.s.web.servlet.DispatcherServlet        : Initializing Servlet 'dispatcherServlet'
2024-12-27T20:21:12.722+02:00  INFO 25607 --- [Library_Management_System] [http-nio-8080-exec-1] o.s.web.servlet.DispatcherServlet        : Completed initialization in 1 ms
2024-12-27T20:22:09.089+02:00  INFO 25607 --- [Library_Management_System] [SpringApplicationShutdownHook] j.LocalContainerEntityManagerFactoryBean : Closing JPA EntityManagerFactory for persistence unit 'default'
2024-12-27T20:22:09.091+02:00  INFO 25607 --- [Library_Management_System] [SpringApplicationShutdownHook] com.zaxxer.hikari.HikariDataSource       : HikariPool-1 - Shutdown initiated...
2024-12-27T20:22:09.095+02:00  INFO 25607 --- [Library_Management_System] [SpringApplicationShutdownHook] com.zaxxer.hikari.HikariDataSource       : HikariPool-1 - Shutdown completed.
2024-12-27T20:22:11.215+02:00  INFO 25806 --- [Library_Management_System] [restartedMain] c.s.l.LibraryManagementSystemApplication : Starting LibraryManagementSystemApplication using Java 21.0.1 with PID 25806 (/home/helmi/Projects/Library_Management_System/target/classes started by helmi in /home/helmi/Projects/Library_Management_System)
2024-12-27T20:22:11.216+02:00  INFO 25806 --- [Library_Management_System] [restartedMain] c.s.l.LibraryManagementSystemApplication : No active profile set, falling back to 1 default profile: "default"
2024-12-27T20:22:11.249+02:00  INFO 25806 --- [Library_Management_System] [restartedMain] .e.DevToolsPropertyDefaultsPostProcessor : Devtools property defaults active! Set 'spring.devtools.add-properties' to 'false' to disable
2024-12-27T20:22:11.249+02:00  INFO 25806 --- [Library_Management_System] [restartedMain] .e.DevToolsPropertyDefaultsPostProcessor : For additional web related logging consider setting the 'logging.level.web' property to 'DEBUG'
2024-12-27T20:22:11.645+02:00  INFO 25806 --- [Library_Management_System] [restartedMain] .s.d.r.c.RepositoryConfigurationDelegate : Bootstrapping Spring Data JPA repositories in DEFAULT mode.
2024-12-27T20:22:11.676+02:00  INFO 25806 --- [Library_Management_System] [restartedMain] .s.d.r.c.RepositoryConfigurationDelegate : Finished Spring Data repository scanning in 27 ms. Found 3 JPA repository interfaces.
2024-12-27T20:22:12.071+02:00  INFO 25806 --- [Library_Management_System] [restartedMain] o.s.b.w.embedded.tomcat.TomcatWebServer  : Tomcat initialized with port 8080 (http)
2024-12-27T20:22:12.078+02:00  INFO 25806 --- [Library_Management_System] [restartedMain] o.apache.catalina.core.StandardService   : Starting service [Tomcat]
2024-12-27T20:22:12.078+02:00  INFO 25806 --- [Library_Management_System] [restartedMain] o.apache.catalina.core.StandardEngine    : Starting Servlet engine: [Apache Tomcat/10.1.26]
2024-12-27T20:22:12.097+02:00  INFO 25806 --- [Library_Management_System] [restartedMain] o.a.c.c.C.[Tomcat].[localhost].[/]       : Initializing Spring embedded WebApplicationContext
2024-12-27T20:22:12.097+02:00  INFO 25806 --- [Library_Management_System] [restartedMain] w.s.c.ServletWebServerApplicationContext : Root WebApplicationContext: initialization completed in 848 ms
2024-12-27T20:22:12.224+02:00  INFO 25806 --- [Library_Management_System] [restartedMain] o.hibernate.jpa.internal.util.LogHelper  : HHH000204: Processing PersistenceUnitInfo [name: default]
2024-12-27T20:22:12.250+02:00  INFO 25806 --- [Library_Management_System] [restartedMain] org.hibernate.Version                    : HHH000412: Hibernate ORM core version 6.5.2.Final
2024-12-27T20:22:12.267+02:00  INFO 25806 --- [Library_Management_System] [restartedMain] o.h.c.internal.RegionFactoryInitiator    : HHH000026: Second-level cache disabled
2024-12-27T20:22:12.436+02:00  INFO 25806 --- [Library_Management_System] [restartedMain] o.s.o.j.p.SpringPersistenceUnitInfo      : No LoadTimeWeaver setup: ignoring JPA class transformer
2024-12-27T20:22:12.450+02:00  INFO 25806 --- [Library_Management_System] [restartedMain] com.zaxxer.hikari.HikariDataSource       : HikariPool-1 - Starting...
2024-12-27T20:22:12.636+02:00  INFO 25806 --- [Library_Management_System] [restartedMain] com.zaxxer.hikari.pool.HikariPool        : HikariPool-1 - Added connection com.mysql.cj.jdbc.ConnectionImpl@48fc47a1
2024-12-27T20:22:12.638+02:00  INFO 25806 --- [Library_Management_System] [restartedMain] com.zaxxer.hikari.HikariDataSource       : HikariPool-1 - Start completed.
2024-12-27T20:22:13.213+02:00  INFO 25806 --- [Library_Management_System] [restartedMain] o.h.e.t.j.p.i.JtaPlatformInitiator       : HHH000489: No JTA platform available (set 'hibernate.transaction.jta.platform' to enable JTA platform integration)
2024-12-27T20:22:13.249+02:00  INFO 25806 --- [Library_Management_System] [restartedMain] j.LocalContainerEntityManagerFactoryBean : Initialized JPA EntityManagerFactory for persistence unit 'default'
2024-12-27T20:22:13.423+02:00  WARN 25806 --- [Library_Management_System] [restartedMain] ConfigServletWebServerApplicationContext : Exception encountered during context initialization - cancelling refresh attempt: org.springframework.beans.factory.UnsatisfiedDependencyException: Error creating bean with name 'authenticationController': Unsatisfied dependency expressed through field 'authenticationManager': No qualifying bean of type 'org.springframework.security.authentication.AuthenticationManager' available: expected at least 1 bean which qualifies as autowire candidate. Dependency annotations: {@org.springframework.beans.factory.annotation.Autowired(required=true)}
2024-12-27T20:22:13.423+02:00  INFO 25806 --- [Library_Management_System] [restartedMain] j.LocalContainerEntityManagerFactoryBean : Closing JPA EntityManagerFactory for persistence unit 'default'
2024-12-27T20:22:13.426+02:00  INFO 25806 --- [Library_Management_System] [restartedMain] com.zaxxer.hikari.HikariDataSource       : HikariPool-1 - Shutdown initiated...
2024-12-27T20:22:13.430+02:00  INFO 25806 --- [Library_Management_System] [restartedMain] com.zaxxer.hikari.HikariDataSource       : HikariPool-1 - Shutdown completed.
2024-12-27T20:22:13.433+02:00  INFO 25806 --- [Library_Management_System] [restartedMain] o.apache.catalina.core.StandardService   : Stopping service [Tomcat]
2024-12-27T20:22:13.442+02:00  INFO 25806 --- [Library_Management_System] [restartedMain] .s.b.a.l.ConditionEvaluationReportLogger : 

Error starting ApplicationContext. To display the condition evaluation report re-run your application with 'debug' enabled.
2024-12-27T20:22:15.570+02:00 ERROR 25806 --- [Library_Management_System] [restartedMain] o.s.b.d.LoggingFailureAnalysisReporter   : 

***************************
APPLICATION FAILED TO START
***************************

Description:

Field authenticationManager in com.spring.library_management_system.controllers.AuthenticationController required a bean of type 'org.springframework.security.authentication.AuthenticationManager' that could not be found.

The injection point has the following annotations:
	- @org.springframework.beans.factory.annotation.Autowired(required=true)


Action:

Consider defining a bean of type 'org.springframework.security.authentication.AuthenticationManager' in your configuration.

2024-12-27T20:22:51.172+02:00  INFO 25976 --- [Library_Management_System] [restartedMain] c.s.l.LibraryManagementSystemApplication : Starting LibraryManagementSystemApplication using Java 21.0.1 with PID 25976 (/home/helmi/Projects/Library_Management_System/target/classes started by helmi in /home/helmi/Projects/Library_Management_System)
2024-12-27T20:22:51.173+02:00  INFO 25976 --- [Library_Management_System] [restartedMain] c.s.l.LibraryManagementSystemApplication : No active profile set, falling back to 1 default profile: "default"
2024-12-27T20:22:51.210+02:00  INFO 25976 --- [Library_Management_System] [restartedMain] .e.DevToolsPropertyDefaultsPostProcessor : Devtools property defaults active! Set 'spring.devtools.add-properties' to 'false' to disable
2024-12-27T20:22:51.210+02:00  INFO 25976 --- [Library_Management_System] [restartedMain] .e.DevToolsPropertyDefaultsPostProcessor : For additional web related logging consider setting the 'logging.level.web' property to 'DEBUG'
2024-12-27T20:22:51.598+02:00  INFO 25976 --- [Library_Management_System] [restartedMain] .s.d.r.c.RepositoryConfigurationDelegate : Bootstrapping Spring Data JPA repositories in DEFAULT mode.
2024-12-27T20:22:51.629+02:00  INFO 25976 --- [Library_Management_System] [restartedMain] .s.d.r.c.RepositoryConfigurationDelegate : Finished Spring Data repository scanning in 27 ms. Found 3 JPA repository interfaces.
2024-12-27T20:22:52.017+02:00  INFO 25976 --- [Library_Management_System] [restartedMain] o.s.b.w.embedded.tomcat.TomcatWebServer  : Tomcat initialized with port 8080 (http)
2024-12-27T20:22:52.023+02:00  INFO 25976 --- [Library_Management_System] [restartedMain] o.apache.catalina.core.StandardService   : Starting service [Tomcat]
2024-12-27T20:22:52.024+02:00  INFO 25976 --- [Library_Management_System] [restartedMain] o.apache.catalina.core.StandardEngine    : Starting Servlet engine: [Apache Tomcat/10.1.26]
2024-12-27T20:22:52.043+02:00  INFO 25976 --- [Library_Management_System] [restartedMain] o.a.c.c.C.[Tomcat].[localhost].[/]       : Initializing Spring embedded WebApplicationContext
2024-12-27T20:22:52.044+02:00  INFO 25976 --- [Library_Management_System] [restartedMain] w.s.c.ServletWebServerApplicationContext : Root WebApplicationContext: initialization completed in 834 ms
2024-12-27T20:22:52.169+02:00  INFO 25976 --- [Library_Management_System] [restartedMain] o.hibernate.jpa.internal.util.LogHelper  : HHH000204: Processing PersistenceUnitInfo [name: default]
2024-12-27T20:22:52.201+02:00  INFO 25976 --- [Library_Management_System] [restartedMain] org.hibernate.Version                    : HHH000412: Hibernate ORM core version 6.5.2.Final
2024-12-27T20:22:52.217+02:00  INFO 25976 --- [Library_Management_System] [restartedMain] o.h.c.internal.RegionFactoryInitiator    : HHH000026: Second-level cache disabled
2024-12-27T20:22:52.382+02:00  INFO 25976 --- [Library_Management_System] [restartedMain] o.s.o.j.p.SpringPersistenceUnitInfo      : No LoadTimeWeaver setup: ignoring JPA class transformer
2024-12-27T20:22:52.395+02:00  INFO 25976 --- [Library_Management_System] [restartedMain] com.zaxxer.hikari.HikariDataSource       : HikariPool-1 - Starting...
2024-12-27T20:22:52.576+02:00  INFO 25976 --- [Library_Management_System] [restartedMain] com.zaxxer.hikari.pool.HikariPool        : HikariPool-1 - Added connection com.mysql.cj.jdbc.ConnectionImpl@17c27d70
2024-12-27T20:22:52.578+02:00  INFO 25976 --- [Library_Management_System] [restartedMain] com.zaxxer.hikari.HikariDataSource       : HikariPool-1 - Start completed.
2024-12-27T20:22:53.154+02:00  INFO 25976 --- [Library_Management_System] [restartedMain] o.h.e.t.j.p.i.JtaPlatformInitiator       : HHH000489: No JTA platform available (set 'hibernate.transaction.jta.platform' to enable JTA platform integration)
2024-12-27T20:22:53.195+02:00  INFO 25976 --- [Library_Management_System] [restartedMain] j.LocalContainerEntityManagerFactoryBean : Initialized JPA EntityManagerFactory for persistence unit 'default'
2024-12-27T20:22:53.396+02:00  INFO 25976 --- [Library_Management_System] [restartedMain] eAuthenticationProviderManagerConfigurer : Global AuthenticationManager configured with AuthenticationProvider bean with name authProvider
2024-12-27T20:22:53.396+02:00  WARN 25976 --- [Library_Management_System] [restartedMain] r$InitializeUserDetailsManagerConfigurer : Global AuthenticationManager configured with an AuthenticationProvider bean. UserDetailsService beans will not be used for username/password login. Consider removing the AuthenticationProvider bean. Alternatively, consider using the UserDetailsService in a manually instantiated DaoAuthenticationProvider.
2024-12-27T20:22:53.455+02:00  INFO 25976 --- [Library_Management_System] [restartedMain] o.s.d.j.r.query.QueryEnhancerFactory     : Hibernate is in classpath; If applicable, HQL parser will be used.
2024-12-27T20:22:53.710+02:00  WARN 25976 --- [Library_Management_System] [restartedMain] JpaBaseConfiguration$JpaWebConfiguration : spring.jpa.open-in-view is enabled by default. Therefore, database queries may be performed during view rendering. Explicitly configure spring.jpa.open-in-view to disable this warning
2024-12-27T20:22:54.129+02:00  INFO 25976 --- [Library_Management_System] [restartedMain] o.s.b.d.a.OptionalLiveReloadServer       : LiveReload server is running on port 35729
2024-12-27T20:22:54.155+02:00  INFO 25976 --- [Library_Management_System] [restartedMain] o.s.b.w.embedded.tomcat.TomcatWebServer  : Tomcat started on port 8080 (http) with context path '/'
2024-12-27T20:22:54.162+02:00  INFO 25976 --- [Library_Management_System] [restartedMain] c.s.l.LibraryManagementSystemApplication : Started LibraryManagementSystemApplication in 3.231 seconds (process running for 3.645)
2024-12-27T20:23:33.785+02:00  INFO 25976 --- [Library_Management_System] [SpringApplicationShutdownHook] j.LocalContainerEntityManagerFactoryBean : Closing JPA EntityManagerFactory for persistence unit 'default'
2024-12-27T20:23:33.788+02:00  INFO 25976 --- [Library_Management_System] [SpringApplicationShutdownHook] com.zaxxer.hikari.HikariDataSource       : HikariPool-1 - Shutdown initiated...
2024-12-27T20:23:33.792+02:00  INFO 25976 --- [Library_Management_System] [SpringApplicationShutdownHook] com.zaxxer.hikari.HikariDataSource       : HikariPool-1 - Shutdown completed.
2024-12-27T20:23:35.866+02:00  INFO 26158 --- [Library_Management_System] [restartedMain] c.s.l.LibraryManagementSystemApplication : Starting LibraryManagementSystemApplication using Java 21.0.1 with PID 26158 (/home/helmi/Projects/Library_Management_System/target/classes started by helmi in /home/helmi/Projects/Library_Management_System)
2024-12-27T20:23:35.867+02:00  INFO 26158 --- [Library_Management_System] [restartedMain] c.s.l.LibraryManagementSystemApplication : No active profile set, falling back to 1 default profile: "default"
2024-12-27T20:23:35.894+02:00  INFO 26158 --- [Library_Management_System] [restartedMain] .e.DevToolsPropertyDefaultsPostProcessor : Devtools property defaults active! Set 'spring.devtools.add-properties' to 'false' to disable
2024-12-27T20:23:35.895+02:00  INFO 26158 --- [Library_Management_System] [restartedMain] .e.DevToolsPropertyDefaultsPostProcessor : For additional web related logging consider setting the 'logging.level.web' property to 'DEBUG'
2024-12-27T20:23:36.288+02:00  INFO 26158 --- [Library_Management_System] [restartedMain] .s.d.r.c.RepositoryConfigurationDelegate : Bootstrapping Spring Data JPA repositories in DEFAULT mode.
2024-12-27T20:23:36.326+02:00  INFO 26158 --- [Library_Management_System] [restartedMain] .s.d.r.c.RepositoryConfigurationDelegate : Finished Spring Data repository scanning in 33 ms. Found 3 JPA repository interfaces.
2024-12-27T20:23:36.722+02:00  INFO 26158 --- [Library_Management_System] [restartedMain] o.s.b.w.embedded.tomcat.TomcatWebServer  : Tomcat initialized with port 8080 (http)
2024-12-27T20:23:36.728+02:00  INFO 26158 --- [Library_Management_System] [restartedMain] o.apache.catalina.core.StandardService   : Starting service [Tomcat]
2024-12-27T20:23:36.728+02:00  INFO 26158 --- [Library_Management_System] [restartedMain] o.apache.catalina.core.StandardEngine    : Starting Servlet engine: [Apache Tomcat/10.1.26]
2024-12-27T20:23:36.747+02:00  INFO 26158 --- [Library_Management_System] [restartedMain] o.a.c.c.C.[Tomcat].[localhost].[/]       : Initializing Spring embedded WebApplicationContext
2024-12-27T20:23:36.748+02:00  INFO 26158 --- [Library_Management_System] [restartedMain] w.s.c.ServletWebServerApplicationContext : Root WebApplicationContext: initialization completed in 853 ms
2024-12-27T20:23:36.878+02:00  INFO 26158 --- [Library_Management_System] [restartedMain] o.hibernate.jpa.internal.util.LogHelper  : HHH000204: Processing PersistenceUnitInfo [name: default]
2024-12-27T20:23:36.903+02:00  INFO 26158 --- [Library_Management_System] [restartedMain] org.hibernate.Version                    : HHH000412: Hibernate ORM core version 6.5.2.Final
2024-12-27T20:23:36.919+02:00  INFO 26158 --- [Library_Management_System] [restartedMain] o.h.c.internal.RegionFactoryInitiator    : HHH000026: Second-level cache disabled
2024-12-27T20:23:37.087+02:00  INFO 26158 --- [Library_Management_System] [restartedMain] o.s.o.j.p.SpringPersistenceUnitInfo      : No LoadTimeWeaver setup: ignoring JPA class transformer
2024-12-27T20:23:37.100+02:00  INFO 26158 --- [Library_Management_System] [restartedMain] com.zaxxer.hikari.HikariDataSource       : HikariPool-1 - Starting...
2024-12-27T20:23:37.288+02:00  INFO 26158 --- [Library_Management_System] [restartedMain] com.zaxxer.hikari.pool.HikariPool        : HikariPool-1 - Added connection com.mysql.cj.jdbc.ConnectionImpl@56653a8e
2024-12-27T20:23:37.289+02:00  INFO 26158 --- [Library_Management_System] [restartedMain] com.zaxxer.hikari.HikariDataSource       : HikariPool-1 - Start completed.
2024-12-27T20:23:37.866+02:00  INFO 26158 --- [Library_Management_System] [restartedMain] o.h.e.t.j.p.i.JtaPlatformInitiator       : HHH000489: No JTA platform available (set 'hibernate.transaction.jta.platform' to enable JTA platform integration)
2024-12-27T20:23:37.904+02:00  INFO 26158 --- [Library_Management_System] [restartedMain] j.LocalContainerEntityManagerFactoryBean : Initialized JPA EntityManagerFactory for persistence unit 'default'
2024-12-27T20:23:38.108+02:00  INFO 26158 --- [Library_Management_System] [restartedMain] eAuthenticationProviderManagerConfigurer : Global AuthenticationManager configured with AuthenticationProvider bean with name authProvider
2024-12-27T20:23:38.109+02:00  WARN 26158 --- [Library_Management_System] [restartedMain] r$InitializeUserDetailsManagerConfigurer : Global AuthenticationManager configured with an AuthenticationProvider bean. UserDetailsService beans will not be used for username/password login. Consider removing the AuthenticationProvider bean. Alternatively, consider using the UserDetailsService in a manually instantiated DaoAuthenticationProvider.
2024-12-27T20:23:38.166+02:00  INFO 26158 --- [Library_Management_System] [restartedMain] o.s.d.j.r.query.QueryEnhancerFactory     : Hibernate is in classpath; If applicable, HQL parser will be used.
2024-12-27T20:23:38.422+02:00  WARN 26158 --- [Library_Management_System] [restartedMain] JpaBaseConfiguration$JpaWebConfiguration : spring.jpa.open-in-view is enabled by default. Therefore, database queries may be performed during view rendering. Explicitly configure spring.jpa.open-in-view to disable this warning
2024-12-27T20:23:38.821+02:00  INFO 26158 --- [Library_Management_System] [restartedMain] o.s.b.d.a.OptionalLiveReloadServer       : LiveReload server is running on port 35729
2024-12-27T20:23:38.842+02:00  INFO 26158 --- [Library_Management_System] [restartedMain] o.s.b.w.embedded.tomcat.TomcatWebServer  : Tomcat started on port 8080 (http) with context path '/'
2024-12-27T20:23:38.848+02:00  INFO 26158 --- [Library_Management_System] [restartedMain] c.s.l.LibraryManagementSystemApplication : Started LibraryManagementSystemApplication in 3.224 seconds (process running for 3.608)
2024-12-27T20:23:42.462+02:00  INFO 26158 --- [Library_Management_System] [http-nio-8080-exec-2] o.a.c.c.C.[Tomcat].[localhost].[/]       : Initializing Spring DispatcherServlet 'dispatcherServlet'
2024-12-27T20:23:42.462+02:00  INFO 26158 --- [Library_Management_System] [http-nio-8080-exec-2] o.s.web.servlet.DispatcherServlet        : Initializing Servlet 'dispatcherServlet'
2024-12-27T20:23:42.463+02:00  INFO 26158 --- [Library_Management_System] [http-nio-8080-exec-2] o.s.web.servlet.DispatcherServlet        : Completed initialization in 1 ms
2024-12-27T20:25:58.084+02:00  INFO 26158 --- [Library_Management_System] [SpringApplicationShutdownHook] j.LocalContainerEntityManagerFactoryBean : Closing JPA EntityManagerFactory for persistence unit 'default'
2024-12-27T20:25:58.086+02:00  INFO 26158 --- [Library_Management_System] [SpringApplicationShutdownHook] com.zaxxer.hikari.HikariDataSource       : HikariPool-1 - Shutdown initiated...
2024-12-27T20:25:58.090+02:00  INFO 26158 --- [Library_Management_System] [SpringApplicationShutdownHook] com.zaxxer.hikari.HikariDataSource       : HikariPool-1 - Shutdown completed.
